job_id,job_posting_url,company_name,title,location,description_clean,desc_len,work_type,contract_type,contract_type_raw,remote_allowed,salary_min,salary_max,pay_period_raw,currency,salary_source,pay_period,salary_suspect,salary_unit_conflict,salary_annual_min,salary_annual_max,salary_outlier_monthly,salary_outlier_hourly,title_hint,years_hint,experience_label,is_confident,platform_experience_label,scraped_time_ms,original_listed_time,lang
doradca-klienta-protetyk-sluchu-CID4-ID17IpxK,https://www.olx.pl/oferta/praca/doradca-klienta-protetyk-sluchu-CID4-ID17IpxK.html,UNKNOWN,Doradca Klienta / Protetyk Słuchu,Elbląg,"Firma Marmed S.A. zajmuje się opieką nad osobami niedosłyszącymi od 1990 roku. Obecnie do jednego z naszych oddziałów szukamy osoby na stanowisko: Doradca Klienta / Protetyk Słuchu ﻿ Twoje zadania: Kompleksowa obsługa Pacjenta Przeprowadzanie badań słuchu Współpraca z laryngologiem Opieka posprzedażowa Analiza CRM Budowanie i utrzymywanie długofalowych relacji z Pacjentem Oczekujemy: Indywidualnego podejścia do każdego Klienta Komunikatywności i wysokiej kultury osobistej Oferujemy: Umowę o pracę od poniedziałku do piątku Wynagrodzenie podstawowe oraz premia sprzedażowa Szkolenia i rozwój w strukturach firmy Przyjazną atmosferę pracy w firmie Jeżeli chcesz dołączyć do naszego Zespołu, prześlij swoje CV wraz ze zdjęciem za pomocą poniższego formularza. Informujemy, że skontaktujemy się tylko z wybranymi kandydatami.",826,FULL_TIME,Umowa o pracę,Umowa o pracę,,,,,,NONE,,False,False,,,False,False,,,,False,,1760193831000,1760193831000,pl
prace-magazynowe-bez-doswiadczenia-elastyczne-godz-dhl-wloclawek-CID4-ID17HNE6,https://www.olx.pl/oferta/praca/prace-magazynowe-bez-doswiadczenia-elastyczne-godz-dhl-wloclawek-CID4-ID17HNE6.html,UNKNOWN,"Prace magazynowe, bez doświadczenia, elastyczne godz., DHL Włocławek",Włocławek,"Osoba do prac magazynowych ​ OFERUJEMY:​ · Współpracę na podstawie umowy zlecenia​ · Elastyczne godziny pracy​ - praca w godzinach porannych do 11:00 i popołudniowych do 19:00, możliwa praca w soboty · Możliwość rozwoju poprzez udział w rekrutacjach wewnętrznych TWOJE ZADANIA:​ ​· Układanie przesyłek (taśmociąg - transport liniowy) ​ · Procesowanie przesyłek w wyznaczonej strefie​ · Dbanie i zapobieganie uszkodzeniu przesyłek w trakcie ich procesowania​ ​NASZE OCZEKIWANIA:​ · Umiejętność planowania i organizacji pracy​ · Umiejętność współpracy w zespole​ ​ DHL eCommerce (Poland) sp. z o.o. („DHL”) żąda podania jedynie takich danych osobowych, które są niezbędne do podjęcia decyzji o rozpoczęciu współpracy. W szczególności DHL nie żąda przesyłania zdjęcia. Podanie przez Ciebie danych osobowych przekraczających zakres danych osobowych wymaganych przez DHL oznacza wyrażenie przez Ciebie zgody na przetwarzanie tych danych. Przesłanie przez Ciebie zdjęcia, oznacza wyrażenie wyraźnej zgody na przetwarzanie danych nim objętych. Jeśli przekazane przez Ciebie dokumenty aplikacyjne zawierają dane, o których mowa w art. 9 ust. W przypadku kandydatów na kurierów/kurierki, dane osobowe zostaną udostępnione wybranym przewoźnikom, którzy zatrudniają takie osoby w ramach współpracy z DHL. z o.o. z siedzibą w Warszawie, przy ul. Osmańskiej 2, 02-823 Warszawa, moich danych osobowych zawartych w dokumentach aplikacyjnych na potrzeby przyszłych rekrutacji przez okres 12 miesięcy od momentu otrzymania danych przez DHL/przesłania przeze mnie zgłoszenia rekrutacyjnego.” Możesz z łatwością cofnąć zgodę w dowolnym momencie. Wycofanie zgody nie wpływa na zgodność z prawem przetwarzania dokonanego przed jej wycofaniem. Administratorem Twoich danych osobowych zawartych w zgłoszeniu jest DHL eCommerce (Poland) sp. z o.o. z siedzibą w Warszawie, przy ul. Osmańskiej 2, 02-823 Warszawa. Masz także prawo do wniesienia w dowolnym momencie sprzeciwu wobec przetwarzania – z przyczyn związanych ze swoją szczególną sytuacją. Więcej informacji znajdziesz pod poniższym linkiem: Rekrutacja (umowy cywilno-prawne) Uprzejmie informujemy, że w DHL eCommerce (Poland) sp. z o.o. obowiązuje procedura zgłoszeń wewnętrznych pozwalająca na zgłoszenie informacji o naruszeniu prawa.",2270,PART_TIME,Umowa zlecenie,Umowa zlecenie,,,,,,NONE,,False,False,,,False,False,,,,False,,1760193844000,1760193844000,pl
operator-wozka-widlowego-CID4-IDMdaPE,https://www.olx.pl/oferta/praca/operator-wozka-widlowego-CID4-IDMdaPE.html,UNKNOWN,Operator Wózka Widłowego,Winnica,"Grupa Lactalis najbardziej znana jest ze swoich wyrobów. Wysoka jakość i wyjątkowy smak są dewizą produktów znanych pod międzynarodowymi markami President oraz Galbani. Aktualnie do Zakładu Mleczarskiego Winnica Sp. z o.o. poszukujemy osoby do pracy na stanowisku: Operator Wózka Opis stanowiska: Przygotowywanie miejsca w magazynie do przyjęcia towaru Rozładowywanie dostaw do magazynów Przygotowuje i przepakowywanie materiałów potrzebnych do produkcji i transport do budynku produkcyjnego Prace pomocnicze w magazynie Czego oczekujemy od kandydata/kandydatki? Uprawnienia UDT do kierowania wózkiem widłowym Dyspozycyjność (praca na 3 zmiany, również w weekendy) Mile widziane doświadczenie w pracy na podobnym stanowisku Mile widziane wykształcenie średnie Mile widziana znajomość obsługi komputera Oferujemy: Pracę w stabilnej międzynarodowej firmie Przyjazne środowisko pracy Atrakcyjny pakiet benefitów m.in. ubezpieczenie na życie, opiekę medyczną Dofinansowanie do wypoczynku Możliwość rozwoju zawodowego Osoby zainteresowane prosimy o przesłanie CV. Kontakt z Działem Zasobów Ludzkich pod numerem 53*******75. Dziękujemy za zainteresowanie naszą ofertą pracy. Ustaw z 2018, poz. Informujemy, że Administratorem danych jest Lactalis Polska Sp. z o.o. z siedzibą w Warszawie przy ul. Olkuskiej 7. Dane zbierane są dla potrzeb rekrutacji. Dane osobowe mogą być przekazywane przez Lactalis Polska sp. z o.o. do Zakładu Mleczarskiego Winnica Sp. z o.o. Ma Pani/Pan prawo dostępu do treści swoich danych oraz ich poprawiania. Podanie danych w zakresie określonym przepisami ustawy z dnia 26 czerwca 1974 r. Podanie dodatkowych danych osobowych jest dobrowolne i wymaga Pani/Pana wyraźnej zgody.",1697,FULL_TIME,Umowa o pracę,Umowa o pracę,,,,,,NONE,,False,False,,,False,False,,,,False,,1760193870000,1760193870000,pl
prace-magazynowe-bez-doswiadczenia-elastyczne-godz-dhl-opole-CID4-ID17HON3,https://www.olx.pl/oferta/praca/prace-magazynowe-bez-doswiadczenia-elastyczne-godz-dhl-opole-CID4-ID17HON3.html,UNKNOWN,"Prace magazynowe, bez doświadczenia, elastyczne godz., DHL Opole",Opole,"Osoba do prac magazynowych ​ OFERUJEMY:​ · Współpracę na podstawie umowy zlecenia​ · Elastyczne godziny pracy​, możliwa praca w soboty · Możliwość rozwoju poprzez udział w rekrutacjach wewnętrznych TWOJE ZADANIA:​ ​· Układanie przesyłek (taśmociąg - transport liniowy) ​ · Procesowanie przesyłek w wyznaczonej strefie​ · Dbanie i zapobieganie uszkodzeniu przesyłek w trakcie ich procesowania​ ​NASZE OCZEKIWANIA:​ · Umiejętność planowania i organizacji pracy​ · Umiejętność współpracy w zespole​ ​ DHL eCommerce (Poland) sp. z o.o. („DHL”) żąda podania jedynie takich danych osobowych, które są niezbędne do podjęcia decyzji o rozpoczęciu współpracy. W szczególności DHL nie żąda przesyłania zdjęcia. Podanie przez Ciebie danych osobowych przekraczających zakres danych osobowych wymaganych przez DHL oznacza wyrażenie przez Ciebie zgody na przetwarzanie tych danych. Przesłanie przez Ciebie zdjęcia, oznacza wyrażenie wyraźnej zgody na przetwarzanie danych nim objętych. Jeśli przekazane przez Ciebie dokumenty aplikacyjne zawierają dane, o których mowa w art. 9 ust. W przypadku kandydatów na kurierów/kurierki, dane osobowe zostaną udostępnione wybranym przewoźnikom, którzy zatrudniają takie osoby w ramach współpracy z DHL. z o.o. z siedzibą w Warszawie, przy ul. Osmańskiej 2, 02-823 Warszawa, moich danych osobowych zawartych w dokumentach aplikacyjnych na potrzeby przyszłych rekrutacji przez okres 12 miesięcy od momentu otrzymania danych przez DHL/przesłania przeze mnie zgłoszenia rekrutacyjnego.” Możesz z łatwością cofnąć zgodę w dowolnym momencie. Wycofanie zgody nie wpływa na zgodność z prawem przetwarzania dokonanego przed jej wycofaniem. Administratorem Twoich danych osobowych zawartych w zgłoszeniu jest DHL eCommerce (Poland) sp. z o.o. z siedzibą w Warszawie, przy ul. Osmańskiej 2, 02-823 Warszawa. Masz także prawo do wniesienia w dowolnym momencie sprzeciwu wobec przetwarzania – z przyczyn związanych ze swoją szczególną sytuacją. Więcej informacji znajdziesz pod poniższym linkiem: Rekrutacja (umowy cywilno-prawne) Uprzejmie informujemy, że w DHL eCommerce (Poland) sp. z o.o. obowiązuje procedura zgłoszeń wewnętrznych pozwalająca na zgłoszenie informacji o naruszeniu prawa.",2205,PART_TIME,Umowa zlecenie,Umowa zlecenie,,,,,,NONE,,False,False,,,False,False,,,,False,,1760193870000,1760193870000,pl
pracownik-czka-gastronomii-w-restauracji-i-kawiarni-ikea-krakow-CID4-ID17CjsM,https://www.olx.pl/oferta/praca/pracownik-czka-gastronomii-w-restauracji-i-kawiarni-ikea-krakow-CID4-ID17CjsM.html,UNKNOWN,"Pracownik/-czka Gastronomii w Restauracji i Kawiarni, IKEA, Kraków","Kraków, Prądnik Biały","Pracownik/Pracowniczka Gastronomii w Restauracji i Kawiarni IKEA (3/4 etatu), IKEA Retail, Kraków Jeździsz do sklepu IKEA na obiad? Dostrzegasz potrzeby innych, zanim oni je zauważą? Wyśmienicie! Do naszego zespołu w Restauracji i Kawiarni IKEA szukamy ludzi, którzy lubią, kiedy dużo się dzieje, chętnie zdobywają nową wiedzę i chcą, by ich praca sprawiała radość innym. Tutaj, w sklepie w Krakowie, możesz spróbować wszystkiego! TWOJE PRZYSZŁE ZADANIA: · przygotowywanie posiłków oraz przekąsek w Restauracji i Kawiarni IKEA, · dbanie o atrakcyjną prezentację menu, · obsługa kasy fiskalnej i terminala płatniczego, · dbanie o zadowolenie klientów Restauracji/Kawiarni IKEA, · dbanie o czystość i porządek swojego miejsca pracy, · praca w trybie zmianowym - w dni robocze, soboty oraz niedziele handlowe. O TOBIE: · lubisz pracę z klientami, · dobrze czujesz się w pracy w zespole, · jesteś otwarty/-a na ludzi i z łatwością nawiązujesz kontakty, · znasz język polski na poziomie komunikatywnym, · masz gotowość do pracy fizycznej, · masz gotowość do pracy na 3/4 etatu, · posiadasz doświadczenie w pracy w branży gastronomicznej (mile widziane), · posiadasz aktualną książeczkę badań sanitarno-epidemiologicznych (mile widziane). W IKEA MAMY DLA CIEBIE: · umowę o pracę na 3-miesięczny okres próbny, przedłużaną następnie na czas nieokreślony po pozytywnej ocenie przełożonego, · restaurację pracowniczą, a w niej m.in. dwudaniowy obiad za 1,40 zł, · 15% zniżkę pracowniczą na zakupy w IKEA, · rozszerzony pakiet opieki medycznej Medicover, · kartę Multisport, · dodatkowe wynagrodzenie za każdą godzinę przepracowaną w nocy lub w weekend, · punkty do wydania w kafeterii np. na kino, zakupy, restauracje, wycieczki, · darmowy dostęp do platformy umożliwiającej naukę języków obcych, · przelew, kartę upominkową IKEA lub kartę przedpłaconą na zakupy świąteczne, z okazji ślubu, jubileuszu pracy, urodzenia/przysposobienia/przyjęcia na wychowanie dziecka Pracownika, · 26 (zamiast ustawowych 20) dni urlopu na start dla wszystkich, po podpisaniu umowy na czas nieokreślony, · dodatkowe dni wolne urlopu ojcowskiego IKEA z okazji narodzin lub adopcji dziecka, · premię roczną uznaniową zależną od wyników IKEA, · prywatny plan emerytalny (PPE), · ubezpieczenie na życie (NNW), · kredyt 0% na zakupy w IKEA, · Program Wsparcia Pracownika: dostęp do konsultacji ze specjalistami w ramach wsparcia osobistego, prawnego, finansowego i zdrowotnego (Infolinia 24/7 oraz indywidualne sesje), · grafiki przekazywane z wyprzedzeniem. W IKEA dobrze wiemy, że nasza praca… znaczy więcej. Nie tylko dla naszych klientów, ale i dla nas samych. Tutaj doceniamy różnorodność i tworzymy przyjazne środowisko pracy, w którym wszyscy mają zapewnione równe szanse. Dołącz do naszego zespołu, by się o tym przekonać i razem z nami tworzyć fajne miejsce pracy. Aplikuj już dziś!",2858,PART_TIME,Umowa o pracę,Umowa o pracę,,,,,,NONE,,False,False,,,False,False,,,,False,,1760193870000,1760193870000,pl
praca-w-niemczech-na-produkcji-slodyczy-zapewnione-mieszkanie-CID4-ID17CCvr,https://www.olx.pl/oferta/praca/praca-w-niemczech-na-produkcji-slodyczy-zapewnione-mieszkanie-CID4-ID17CCvr.html,UNKNOWN,Praca w Niemczech na produkcji słodyczy! Zapewnione mieszkanie!,"Kraków, Swoszowice","MGcentral dla MGsolutions MGJJ Sp. z o.o. Sp. k. - Agencji Pracy Tymczasowej oraz Doradztwa Personalnego z siedzibą w Krakowie przy ul. Myślenickiej 133, posiadającej polski certyfikat o numerze rejestru 9466 oraz niemiecki certyfikat agencji zatrudnienia (Erlaubnis zur Arbeitnehmerueberlassung, BfA Duesseldorf) specjalizującej się w świadczeniu usług w ramach pracy tymczasowej w Polsce i za granicą oraz rekrutacji stałej na stanowiska niskiego i średniego szczebla oraz prace specjalistyczne poszukuje osób zainteresowanych pracą jako: Pracownik produkcji słodyczy. Miejsce pracy: Niemcy! Opis stanowiska Praca przy taśmie przy produkcji słodyczy - czekoladek Pakowanie / układanie towaru do opakowań Proste prace pomocnicze Wymagania stanowiska Gotowość do pracy na pełen etat w systemie 2-zmianowym Znajomość języka oraz doświadczenie nie są wymagane Oferujemy Umowa o pracę na pełet etat (niemieckie prawo pracy i płacy!) Stawka godzinowa + dodatki i premie Mieszkanie firmowe Stałe wsparcie dwujęzycznych opiekunów projektu MOŻLIWOŚĆ WYJAZDU W PARZE / GRUPIE (wspólne mieszkanie i grafik pracy!)",1104,FULL_TIME,Umowa o pracę,Umowa o pracę,,,,,,NONE,,False,False,,,False,False,,,,False,,1760193883000,1760193883000,pl
prace-magazynowe-bez-doswiadczenia-elastyczne-godz-dhl-legnica-CID4-ID17HO9S,https://www.olx.pl/oferta/praca/prace-magazynowe-bez-doswiadczenia-elastyczne-godz-dhl-legnica-CID4-ID17HO9S.html,UNKNOWN,"Prace magazynowe, bez doświadczenia, elastyczne godz., DHL Legnica",Legnica,"Osoba do prac magazynowych ​ OFERUJEMY:​ · Współpracę na podstawie umowy zlecenia​ · Elastyczne godziny pracy​ - praca w godzinach popołudniowych · Możliwość rozwoju poprzez udział w rekrutacjach wewnętrznych TWOJE ZADANIA:​ ​· Układanie przesyłek (taśmociąg - transport liniowy) ​ · Procesowanie przesyłek w wyznaczonej strefie​ · Dbanie i zapobieganie uszkodzeniu przesyłek w trakcie ich procesowania​ ​NASZE OCZEKIWANIA:​ · Umiejętność planowania i organizacji pracy​ · Umiejętność współpracy w zespole​ ​ DHL eCommerce (Poland) sp. z o.o. („DHL”) żąda podania jedynie takich danych osobowych, które są niezbędne do podjęcia decyzji o rozpoczęciu współpracy. W szczególności DHL nie żąda przesyłania zdjęcia. Podanie przez Ciebie danych osobowych przekraczających zakres danych osobowych wymaganych przez DHL oznacza wyrażenie przez Ciebie zgody na przetwarzanie tych danych. Przesłanie przez Ciebie zdjęcia, oznacza wyrażenie wyraźnej zgody na przetwarzanie danych nim objętych. Jeśli przekazane przez Ciebie dokumenty aplikacyjne zawierają dane, o których mowa w art. 9 ust. W przypadku kandydatów na kurierów/kurierki, dane osobowe zostaną udostępnione wybranym przewoźnikom, którzy zatrudniają takie osoby w ramach współpracy z DHL. z o.o. z siedzibą w Warszawie, przy ul. Osmańskiej 2, 02-823 Warszawa, moich danych osobowych zawartych w dokumentach aplikacyjnych na potrzeby przyszłych rekrutacji przez okres 12 miesięcy od momentu otrzymania danych przez DHL/przesłania przeze mnie zgłoszenia rekrutacyjnego.” Możesz z łatwością cofnąć zgodę w dowolnym momencie. Wycofanie zgody nie wpływa na zgodność z prawem przetwarzania dokonanego przed jej wycofaniem. Administratorem Twoich danych osobowych zawartych w zgłoszeniu jest DHL eCommerce (Poland) sp. z o.o. z siedzibą w Warszawie, przy ul. Osmańskiej 2, 02-823 Warszawa. Masz także prawo do wniesienia w dowolnym momencie sprzeciwu wobec przetwarzania – z przyczyn związanych ze swoją szczególną sytuacją. Więcej informacji znajdziesz pod poniższym linkiem: Rekrutacja (umowy cywilno-prawne) Uprzejmie informujemy, że w DHL eCommerce (Poland) sp. z o.o. obowiązuje procedura zgłoszeń wewnętrznych pozwalająca na zgłoszenie informacji o naruszeniu prawa.",2216,PART_TIME,Umowa zlecenie,Umowa zlecenie,,,,,,NONE,,False,False,,,False,False,,,,False,,1760193883000,1760193883000,pl
pracownik-sklepu-umowa-zlecenie-jula-opole-CID4-ID17L4Lp,https://www.olx.pl/oferta/praca/pracownik-sklepu-umowa-zlecenie-jula-opole-CID4-ID17L4Lp.html,UNKNOWN,Pracownik sklepu - umowa zlecenie - JULA Opole,Opole,"Do naszego Multimarketu JULA w Opolu (Ozimska Park) poszukujemy osoby, która wesprze zespół w pracach związanych z rozkładaniem towaru i obsługą kasy fiskalnej. Czego oczekujemy? · Optymizmu i chęci do pracy w handlu · Zaangażowania, odpowiedzialności, efektywności · Umiejętności komunikacyjnych i współpracy z zespołem Co oferujemy?: · Umowę zlecenie · Elastyczny grafik · Przyjazną atmosferę",394,PART_TIME,Umowa zlecenie,Umowa zlecenie,,,,,,NONE,,False,False,,,False,False,,,,False,,1760193883000,1760193883000,pl
magazynier-osoba-do-zaladunku-mebli-jurek-meble-CID4-ID14K4Vi,https://www.olx.pl/oferta/praca/magazynier-osoba-do-zaladunku-mebli-jurek-meble-CID4-ID14K4Vi.html,UNKNOWN,Magazynier - osoba do załadunku mebli - JUREK MEBLE,Jankowy,"Firma JUREK MEBLE w związku z ciągłym rozwojem zatrudni magazyniera - osobę do załadunku mebli na magazynie wyrobów gotowych - meble twarde. Firma posiada system magazynowy ze skanerami co bardzo ułatwia obsługę magazynu, dodatkowo posiada duże zaplecze różnego rodzaju wózków jezdnych i widłowych, dzięki czemu praca staje się bardziej komfortowa, a za razem lżejsza. Oferujemy bardzo dobre warunki pracy i płacy. Kontakt w siedzibie firmy Jankowy 74A, 63-604 Baranów, bądź telefonicznie 62 78**********603 789 888.",516,FULL_TIME,Umowa o pracę,Umowa o pracę,,,,,,NONE,,False,False,,,False,False,,,,False,,1760193999000,1760193999000,pl
pracownik-biurowy-szkola-jazdy-expert-warszawa-brodno-CID4-ID17Ijop,https://www.olx.pl/oferta/praca/pracownik-biurowy-szkola-jazdy-expert-warszawa-brodno-CID4-ID17Ijop.html,UNKNOWN,Pracownik biurowy Szkoła Jazdy Expert Warszawa - Bródno,"Warszawa, Targówek","Ośrodek Szkolenia Kierowców poszukuje pracownika biurowego ds. obsługi klienta Jeśli jesteś osobą komunikatywną, dobrze zorganizowaną i chcesz pracować w dynamicznym środowisku — dołącz do naszego zespołu! Zakres obowiązków: Profesjonalna obsługa potencjalnych i obecnych kursantów. Odbieranie i wysyłanie korespondencji e-mail. Prowadzenie rozmów telefonicznych, udzielanie informacji i doradztwo w zakresie oferty szkoleniowej. Obsługa programów MS Office (Word, Excel) oraz kalendarza Google. Budowanie i utrzymywanie pozytywnych relacji z klientami. Wymagania: Wysokie umiejętności komunikacyjne i interpersonalne. Dobra organizacja pracy i samodzielność w realizacji zadań. Umiejętność pracy w zespole. Pozytywne nastawienie i chęć nauki nowych umiejętności. Oferujemy: Pracę w rozwijającym się ośrodku szkolenia kierowców. Przyjazną atmosferę i wsparcie profesjonalnego zespołu. Możliwość rozwoju zawodowego i podnoszenia kwalifikacji. Zainteresowane osoby prosimy o przesłanie CV do dnia 10.10.2025 r. Zastrzegamy sobie prawo do kontaktu tylko z wybranymi kandydatami.",1075,FULL_TIME,"Samozatrudnienie, Umowa zlecenie","Samozatrudnienie, Umowa zlecenie",,,,,,NONE,,False,False,,,False,False,,,,False,,1760193999000,1760193999000,pl
restauracja-praca-kucharz-k-m-aries-lago-hotel-mazury-umowa-o-prace-CID4-ID164thT,https://www.olx.pl/oferta/praca/restauracja-praca-kucharz-k-m-aries-lago-hotel-mazury-umowa-o-prace-CID4-ID164thT.html,UNKNOWN,Restauracja praca Kucharz [K/M] Aries Lago Hotel Mazury umowa o pracę,Kołatek,"Opis Aries Lago Park Hotel & Spa Mazury powstał na miejscu dawnego Centrum Konferencyjno-Wypoczynkowego Kormoran, które zostało zbudowane na początku lat 70-tych XX wieku. Do 1989 roku Kormoran był własnością Urzędu Rady Ministrów i dostępny był wyłącznie dla partyjnych dygnitarzy, którzy przyjeżdżali tu wypoczywać. Tworząc nowy, 5 gwiazdkowy hotel zadbaliśmy o wszelkie udogodnienia tak, aby spełnić wszystkie oczekiwania Gości na udany wypoczynek na Mazurach. Postawiliśmy na jakość, luksus i komfort - zawsze w zgodnie z naturą, która otacza hotel ze wszystkich stron. Doceniamy historię miejsca oraz opowieści Gości, którzy odwiedzali dawny ośrodek z rodzicami lub dziadkami. Dołącz do naszego Zespołu już dzisiaj! Miejsce pracy: Kołatek k./Olsztyna Obecnie do naszego zespołu poszukujemy (k/m): kucharza Twoje zadania: · Przygotowywanie dań w wyznaczonej sekcji zgodnie z recepturami; · Zapewnienie jak najwyższej jakości serwowanych dań i utrzymywanie czystości na stanowisku pracy. Twój profil: · Doświadczenie na stanowisku kucharza; · Wykształcenie gastronomiczne będzie dodatkowym atutem; · Znajomość zagadnień F&B; · Gotowość do pracy w systemie zmianowym; · Przyjazne usposobienie; · Talent organizacyjny; · Poczucie odpowiedzialności i umiejętność pracy w zespole; · Aktualna książeczka sanitarno- epidemiologiczna będzie dodatkowym atutem. Twoje korzyści: · Wysokie wynagrodzenie adekwatne do posiadanego doświadczenia i umiejętności; · Zniżki na usługi spółek z grupy. z o.o. z siedzibą ul. Poleczki 23, 02-822 Warszawa, tel. 22 545 02 45. Wysyłając swoje CV zgadzasz się na przetwarzanie przez Platan Hotels & Resorts Sp. z o.o. Twoich danych osobowych zawartych w zgłoszeniu rekrutacyjnym w celu prowadzenia rekrutacji na wyżej wymienione stanowisko.",1769,FULL_TIME,Umowa o pracę,Umowa o pracę,0.0,,,,,NONE,,False,False,,,False,False,,,,False,,1760194012000,1760194012000,pl
serwisant-monter-systemow-teletechnicznych-CID4-ID17vB84,https://www.olx.pl/oferta/praca/serwisant-monter-systemow-teletechnicznych-CID4-ID17vB84.html,UNKNOWN,Serwisant / Monter systemów teletechnicznych,"Warszawa, Targówek","Firma z branży budowlanej/elektrotechnicznej z siedzibą w Markach poszukuje pracownika na stanowisko: Serwisant / Monter systemów teletechnicznych ZAKRES OBOWIĄZKÓW: • Montaż, konfiguracja oraz uruchomienia urządzeń z oferty produktowej firmy m.in. systemy domofonowe i kontroli dostępu • Podejmowanie reakcji serwisowych w w/w obszarach • Prace instalacyjne wraz z pracami towarzyszącymi • Pozostałe czynności związane z obsługą w/w produktów WYMAGANIA: • Wykształcenie zawodowe lub średnie techniczne o profilu elektrycznym/elektronicznym/automatyki lub pokrewnym • Biegła obsługa komputera w tym pakietu MS Office • Obsługa podstawowych narzędzi oraz elektronarzędzi • Uprawnienia SEP do 1kV • Znajomość podstawowych zagadnień elektrotechniki • Dokładność, sumienność i zaangażowanie w realizację zadań • Samodzielność • Umiejętność pracy w zespole • Prawo jazdy kat. B • Mile widziane doświadczenie na stanowisku montera/serwisanta lub przy obsłudze systemów teletechnicznych CO OFERUJEMY: • Umowę o pracę • Pracę w międzynarodowej firmie w młodym i dynamicznym zespole • Atrakcyjne wynagrodzenie • Telefon oraz laptop służbowy • Samochód służbowy (po okresie wdrożenia)",1174,FULL_TIME,Umowa o pracę,Umowa o pracę,,,,,,NONE,,False,False,,,False,False,,,,False,,1760194025000,1760194025000,pl
praca-przygotowanie-wnioskow-o-dofinansowanie-dotacje-unijne-CID4-ID17CKz7,https://www.olx.pl/oferta/praca/praca-przygotowanie-wnioskow-o-dofinansowanie-dotacje-unijne-CID4-ID17CKz7.html,UNKNOWN,Praca - przygotowanie wniosków o dofinansowanie (dotacje unijne),Toruń,"Agro-Sieć Maszyny Sp. z o.o. to największy w Polsce autoryzowany dealer marki JOHN DEERE. Działamy na terenie województwa: kujawsko-pomorskiego, pomorskiego, mazowieckiego, zachodniopomorskiego i wielkopolskiego. Naszym klientom oferujemy szerokie portfolio maszyny rolniczych, sprawny serwis, dostępność części oraz rozwiązania rolnictwa precyzyjnego. Agro-Sieć Maszyny to firma, która powstała z pasji i miłości do rolnictwa dla rolnictwa. Aktualnie poszukujemy osoby do współpracy przy przygotowywaniu wniosków o pozyskanie dotacji unijnych. Lokalizacja: Toruń Zakres zadań: Sporządzanie wniosków o dofinansowanie zgodnie z dokumentacją danego programu Wsparcie w przygotowaniu kompletnej i poprawnej dokumentacji Przygotowywanie zestawień i raportów Obsługa urządzeń biurowych Współpraca z zespołem w bieżących zadaniach Wymagania: Wykształcenie min. średnie Dokładność, terminowość, punktualność i rzetelność Znajomość obsługi komputera (MS Office) Umiejętność efektywnego poszukiwania i przetwarzania informacji, myślenie analityczne Komunikatywność i umiejętność pracy w zespole Dodatkowym atutem będzie doświadczenie i/lub wiedza z zakresu funduszy unijnych Oferujemy: Zatrudnienie w oparciu o umowę zlecenie Elastyczne godziny pracy Zapewniamy wszystkie niezbędne narzędzia pracy Przyjazną atmosferę pracy w dynamicznie rozwijającej się firmie",1352,PART_TIME,Umowa zlecenie,Umowa zlecenie,,,,,,NONE,,False,False,,,False,False,,,,False,,1760194025000,1760194025000,pl
pracownik-elewacyjny-CID4-ID17NkuA,https://www.olx.pl/oferta/praca/pracownik-elewacyjny-CID4-ID17NkuA.html,UNKNOWN,Pracownik elewacyjny,Głosków,Przyjmę do pracy BRYGADĘ DO ELEWACJI ( bez zakwaterowania) . Praca w okolicach Piaseczna. Więcej informacji pod numerem tel. 50*******04.,137,PART_TIME,Umowa zlecenie,Umowa zlecenie,,,,,,NONE,,False,False,,,False,False,,,,False,,1760194038000,1760194038000,pl
zatrudnie-pracownikow-kuchni-kucharz-pomoc-kuchenna-CID4-ID17Imm6,https://www.olx.pl/oferta/praca/zatrudnie-pracownikow-kuchni-kucharz-pomoc-kuchenna-CID4-ID17Imm6.html,UNKNOWN,Zatrudnię pracowników kuchni / kucharz / pomoc kuchenna,Lublin,"Restauracja Hotelu Forum*** w Lublinie poszukuję pracowników kuchni na stanowiska: 1) Kucharz zmianowy (pełny etat) 2) Pomoc kuchenna (pół etatu) Poszukujemy pasjonatów gotowania zdrowej kuchni opierającej się na naturalnych i jakościowych składnikach. Czego oczekujemy: Doświadczenia oraz zdolności kulinarnych w pracy na stanowisku kucharza / pomocy kucharza Umiejętności pracy w zespole i dobrej organizacji własnej pracy. Zaangażowania i pasji do gotowania. Co oferujemy: Stabilne zatrudnienie w pełnym wymiarze godzin (umowa o pracę, zlecenie lub B2B). Atrakcyjne wynagrodzenie adekwatne do umiejętności i zaangażowania Fundusz socjalny (premie świąteczne oraz wakacyjne) Zniżki pracownicze Możliwość korzystania z siłowni w Fitness Club Forum Spa & Wellness Przyjazną atmosferę i kulturę pracy. Możliwości rozwoju oraz awansu. Realny wpływ na kształt menu i funkcjonowanie kuchni. Zainteresowane osoby prosimy o przesłanie CV. Informujemy, że skontaktujemy się tylko z wybranymi kandydatami.",997,FULL_TIME,"Umowa o pracę, Samozatrudnienie, Umowa zlecenie","Umowa o pracę, Samozatrudnienie, Umowa zlecenie",,,,,,NONE,,False,False,,,False,False,,,,False,,1760194065000,1760194065000,pl
doradca-klienta-szczecin-galeria-kaskada-CID4-ID17MJKn,https://www.olx.pl/oferta/praca/doradca-klienta-szczecin-galeria-kaskada-CID4-ID17MJKn.html,UNKNOWN,DORADCA KLIENTA | Szczecin | Galeria Kaskada,"Szczecin, Centrum","DOŁĄCZ DO ZESPOŁU ŚWIAT GSM JAKO DORADCA KLIENTA! Miejsce pracy: Szczecin, Galeria Kaskada (aleja Niepodległości 36, 70-404 Szczecin] Co oferujemy? Pracę w wiodącej firmie na rynku GSM Stabilne zatrudnienie na pełny etat - jesteśmy Polską firmą rozwijającą się stabilnie od 17 lat Elastyczny grafik — to Ty na podstawie ustaleń z zespołem decydujesz w jaki dzień pracujesz Stabilną podstawę oraz premię zależną od realizacji celów 100% wprowadzenie na stanowisko - bazujemy na Twoim zaangażowaniu i potencjale dlatego z łatwością zapoznamy Cię z branżą GSM i nauczymy technik sprzedaży Twoje zadania: Bezpośrednia sprzedaż produktów i usług firmy w punkcie handlowym Budowanie długofalowych relacji z klientami, zgodnie ze standardami Realizacja założonych wskaźników sprzedażowych Dbanie o wizerunek salonu zgodny z wymogami marki Sporządzanie dokumentacji i raportów związanych ze sprzedażą Kogo szukamy: Wysokie zdolności interpersonalne i umiejętność pracy z klientem Motywacja i nastawienie na realizację celów sprzedażowych Otwartość i łatwość w nawiązywaniu nowych kontaktów Umiejętność pracy w zespole i wspólnego osiągania celów Chęć nauki i rozwoju w branży GSM — wszystkiego Cię nauczymy! Mile widziane: Doświadczenie w sprzedaży lub/i obsłudze klienta - Jeżeli nie posiadasz takiego doświadczenia - wszystkiego Cię nauczymy! Benefity: Karta MultiSport Atrakcyjne zniżki na produkty i usługi firmowe (aż - 50% na wszystkie akcesoria) Możliwość relokacji do innych oddziałów w Polsce Szukamy osób do długofalowej współpracy — dołącz do nas i rozwijaj swoją karierę! PRACUJ W ŚWIAT GSM! Jesteśmy liderem na rynku w branży GSM. Przez 17 lat funkcjonowania firmy zbudowaliśmy liczącą blisko 90 punktów sieć profesjonalnych sklepów i stoisk. Oferujemy szeroki wybór akcesoriów w branży GSM. Specjalizujemy się w zabezpieczaniu urządzeń mobilnych oraz ich pełnym serwisie. -> Jak aplikować? Prześlij swoje CV przez OLX.",1924,FULL_TIME,Umowa zlecenie,Umowa zlecenie,,,,,,NONE,,False,False,,,False,False,,,,False,,1760194078000,1760194078000,pl
pracownik-gospodarczy-kierowca-CID4-ID17L5W8,https://www.olx.pl/oferta/praca/pracownik-gospodarczy-kierowca-CID4-ID17L5W8.html,UNKNOWN,Pracownik gospodarczy – Kierowca,Chechło Pierwsze,"Pracownik gospodarczy – Kierowca Zadania: Terminowe dostarczanie korespondencji, prób lodów i surowców pomiędzy oddziałami firmy (Chechło Pierwsze k. Pabianic – Kalisz – Łódź- ew. Warszawa), Transport prób lodów do klientów, Inne drobne transporty wynikających z bieżących potrzeb. Wymagania: Mile widziane doświadczenie w podobnej pracy, Ważne prawo jazdy kat. B, Wykształcenie minimum zasadnicze zawodowe, Odpowiedzialność, Rzetelność, Dobra organizacja pracy własnej, Punktualność. Oferujemy: Umowa o pracę na cały etat, Pakiet benefitów: dofinansowanie do posiłków, możliwość przystąpienia do prywatnej opieki medycznej, dofinansowanie do karty Multisport, ubezpieczenie grupowego, paczki lodowe, Niezbędne narzędzia pracy (samochód służbowy, telefon). Kilargo Sp. z o. o. specjalizuje się w produkcji i sprzedaży lodów, głównie pod markami własnymi na zamówienie sieci handlowych. Zastosowanie w procesie produkcji najnowocześniejszych technologii i parku maszynowego pozwala nam na wyprodukowanie każdego rodzaju lodów. Nasza doświadczona kadra jest w stanie zapewnić odbiorcom wsparcie na każdym etapie produkcji od prac koncepcyjnych i projektowych po produkcję. W Łodzi usytuowane jest Biuro Handlowe, lecz powstaliśmy w Chechle Pierwszym pod Pabianicami, gdzie do dzisiaj znajduje się jeden z naszych zakładów produkcyjnych, drugi natomiast jest w Kaliszu. Oprócz lodów pod markami własnymi, zajmujemy się również produkcją lodów pod naszym brandem – Augusto (lody Gulliver, lody familijne, Gucio, Bambo, Ice Monster itd.) oraz na potrzeby innych firm z branży spożywczej. Nasze produkty są obecne nie tylko w Polsce, ale w całej Europie, północnej i środkowej Afryce, w Azji oraz w Ameryce Południowej. z o.o. CV, list motywacyjny) w celu i zakresie niezbędnym do realizacji procesu rekrutacji. z o.o. CV, list motywacyjny) na potrzeby przyszłych procesów rekrutacyjnych prowadzonych przez Kilargo Sp. z o.o. z siedzibą w Chechle Pierwszym. 1. Administratorem udostępnionych danych osobowych jest Kilargo Sp. z o.o. z siedzibą w Chechle Pierwszym przy ul. 2. Udostępnione przez Panią/Pana dane osobowe będą przetwarzane w celu niezbędnym do przeprowadzenia procesu rekrutacyjnego, w którym Pan/Pani uczestniczy, a w razie wyrażenia stosownej zgody również dla potrzeb przyszłych procesów rekrutacyjnych prowadzonych przez Kilargo Sp. z o.o. z siedzibą w Chechle Pierwszym. 3. Podstawę prawną przetwarzania stanowi art. 6 ust. 1 lit. 6 ust. 1 lit. 6 ust. 1 lit. 5. Podanie danych jest niezbędne do udziału w procesie rekrutacyjnym prowadzonym przez Kilargo Sp. z o.o. z siedzibą w Chechle Pierwszym. 6. Odbiorcami udostępnionych przez Panią/Pana danych osobowych będą wyłącznie osoby upoważnione przez administratora – pracownicy, gdy dostęp do danych jest niezbędny w celu prawidłowego wykonywania pracy; zleceniobiorcy/usługodawcy, gdy dostęp do danych jest niezbędny w celu prawidłowego świadczenia usług; inne osoby, o ile jest to niezbędne i pozostaje w zgodzie z bezwzględnie obowiązującymi przepisami prawa. 7. Udostępnione przez Panią/Pana dane osobowe nie będą przekazywane do państwa trzeciego lub organizacji międzynarodowej. 8. Udostępnione przez Panią/Pana dane nie będą służyły podejmowaniu decyzji, które opierają się wyłącznie na zautomatyzowanym przetwarzaniu, w tym nie będą podlegały profilowaniu. 9. Udostępnione przez Panią/Pana dane osobowe będą przechowywane przez okres jednego miesiąca od dnia zakończenia procesu rekrutacyjnego prowadzonego przez Kilargo Sp. z o.o., w którym Pani/Pan uczestniczy, a w razie wyrażenia zgody na przetwarzanie danych również dla potrzeb przyszłych procesów rekrutacyjnych prowadzonych przez Kilargo Sp. z o.o. – przez okres 1 roku od dnia wyrażenia zgody. 10.",3726,FULL_TIME,Umowa o pracę,Umowa o pracę,,,,,,NONE,,False,False,,,False,False,,,,False,,1760194078000,1760194078000,pl
samodzielny-ksiegowy-samodzielna-ksiegowa-CID4-ID176nX7,https://www.olx.pl/oferta/praca/samodzielny-ksiegowy-samodzielna-ksiegowa-CID4-ID176nX7.html,UNKNOWN,Samodzielny Księgowy / Samodzielna Księgowa,Nowy Tomyśl,"Grupa InterMove działa na rynku od 2014 roku i specjalizuje się w świadczeniu usług transportowych zarówno w kraju jak i za granicą. Posiadamy bogate doświadczenie z zakresu spedycji, organizacji procesów transportowych oraz zagadnień logistycznych co sprawia, że jesteśmy firmą o ugruntowanej i stabilnej pozycji na rynku usług TSL. Jeśli posiadasz: Wykształcenie wyższe kierunkowe – finanse, rachunkowość, ekonomia; Minimum 3-letnie doświadczenie zawodowe na stanowisku Samodzielnego Księgowego; Znajomość ustawy o rachunkowości, ustawy o podatku dochodowym od osób prawnych, ustawy o podatku od towarów i usług oraz przepisów wykonawczych; Znajomość przepisów dotyczących ewidencji środków trwałych, rozliczania inwentaryzacji materiałowych; Umiejętność pracy pod presją czasu i w zespole; Samodzielność, dokładność i systematyczność w wykonywaniu powierzonych obowiązków; Inicjatywa i umiejętność wyszukiwania rozwiązań. dołącz do naszego zespołu jako: Samodzielny Księgowy Do Twoich obowiązków będzie należało: Prowadzenie pełnej księgowości firmy, w tym rejestracja i inwentaryzacja dokumentów finansowych; Przygotowanie i księgowanie operacji gospodarczych, takich jak faktury, płatności, zlecenia zakupu oraz przeglądanie i weryfikacja kont; Sporządzanie miesięcznych i rocznych zestawień finansowych, w tym bilansów, rachunków zysków i strat oraz przepływów środków pieniężnych; Przygotowanie i składanie deklaracji podatkowych, w tym VAT, CIT, PIT i ZUS; Monitorowanie i rozliczanie kosztów, utrzymanie kont księgowych dotyczących różnych projektów lub działów w firmie; Współpraca z audytorami podczas przeglądów księgowych, zarówno wewnętrznych, jak i zewnętrznych; Sprawdzanie i weryfikacja zgodności wykonanych operacji finansowych z obowiązującymi przepisami i polityką firmy; Stała aktualizacja wiedzy na temat przepisów dotyczących rachunkowości i podatków; Współpraca z innymi działami firmy w celu uzyskania niezbędnych informacji i dokumentów do prawidłowego prowadzenia księgowości. Możemy Ci zaoferować: Ciekawe wyzwania w dynamicznie rozwijającej się spółce o zasięgu międzynarodowym; Atrakcyjne wynagrodzenie; Samodzielne stanowisko, ciekawą, pełną wyzwań pracę; Przyjazną atmosferę pracy; Możliwość rozwoju zawodowego i udziału w szkoleniach; Duży zakres samodzielności oraz odpowiedzialności. Osoby zainteresowane prosimy o przesyłanie aplikacji klikając w przycisk aplikowania. z o.o. z siedzibą w Glinnie przy ul. Wschodniej 1, zgodnie z ustawą z dnia 29 sierpnia 1997 r. o ochronie danych osobowych (t.j. Dz. U. z 2016 r., poz. 922)”. Informujemy, że Administratorem danych jest InterMove Logistics Sp. z o.o. z siedzibą w Glinnie przy ul. Wschodniej 1. Dane zbierane są dla potrzeb rekrutacji. Ma Pani/Pan prawo dostępu do treści swoich danych oraz ich poprawiania. Podanie danych w zakresie określonym przepisami ustawy z dnia 26 czerwca 1974 r. Podanie dodatkowych danych osobowych jest dobrowolne.",2930,FULL_TIME,Umowa o pracę,Umowa o pracę,,,,,,NONE,,False,False,,,False,False,mid,,mid,True,,1760194254000,1760194254000,pl
sklep-odziezowy-lider-m-w-polance-wielkiej-zatrudni-sprzedawce-CID4-ID17Idtc,https://www.olx.pl/oferta/praca/sklep-odziezowy-lider-m-w-polance-wielkiej-zatrudni-sprzedawce-CID4-ID17Idtc.html,UNKNOWN,Sklep odzieżowy Lider-M w Polance Wielkiej zatrudni sprzedawcę,Polanka Wielka,"Sklep odzieżowy Lider-M w Polance Wielkiej zatrudni Sprzedawcę. Zakres obowiązków: obsługa klienta, przyjmowanie dostaw, obsługa zamówień oraz wysyłek ze sklepu internetowego. Mile widziane doświadczenie w pracy na podobnym stanowisku. Osoby zainteresowane ofertą pracy prosimy o kontakt telefoniczny.",301,FULL_TIME,Umowa zlecenie,Umowa zlecenie,,,,,,NONE,,False,False,,,False,False,lead,,lead,True,,1760194293000,1760194293000,pl
probkobiorca-w-sekcji-zaopatrzenia-CID4-ID17x1Wt,https://www.olx.pl/oferta/praca/probkobiorca-w-sekcji-zaopatrzenia-CID4-ID17x1Wt.html,UNKNOWN,Próbkobiorca w sekcji zaopatrzenia,Tychy,"Jesteśmy największą w Polsce firmą świadczącą niezależne usługi w zakresie badań i ekspertyz jakościowych, dysponującą siecią akredytowanych laboratoriów analitycznych. Dla naszych klientów z wielu branż oferujemy szeroki wachlarz wyspecjalizowanych analiz żywności, kosmetyków i produktów chemii gospodarczej, farmaceutyków, opakowań i artykułów przemysłowych, paliw ciekłych i stałych i wielu innych. J.S. HAMILTON POLAND Sp. z o.o. posiada ponad 10 oddziałów w Polsce oraz na rynku zagranicznym. Łącznie zatrudnia ponad 900 osób. Opis stanowiska: Osobiste kupowanie produktów spożywczych i chemii gospodarczej w dużych sieciach handlowych; Dowożenie zakupionych produktów w określonych ramach czasowych do laboratorium; Odbieranie próbek żywności od klientów zgodnie z wytycznymi; Kierowanie pojazdem typu cargo do 3.5 t. Wymagania: Czynne prawo jazdy kat. B;​ Podstawowa znajomość obsługi komputera oraz pakietu Office; Skrupulatność; Gotowość do rozpoczynania pracy w godzinach porannych (6:00–8:00), zależnie od zleceń; Ogólna sprawność fizyczna; Oferujemy: Umowę zlecenie; Samochód służbowy z możliwością korzystania w celach prywatnych Możliwość podjęcia długofalowej współpracy; Zdobycie praktycznego doświadczenia; Wsparcie doświadczonego zespołu; Uprzejmie informujemy, że skontaktujemy się tylko z wybranymi kandydatami. Klikając w przycisk „Wyślij” zgadzasz się na przetwarzanie przez J. S. Hamilton Poland Sp. z o.o. Twoich danych osobowych zawartych w zgłoszeniu rekrutacyjnym w celu prowadzenia rekrutacji na stanowisko wskazane w ogłoszeniu.",1558,FULL_TIME,Umowa zlecenie,Umowa zlecenie,,,,,,NONE,,False,False,,,False,False,,,,False,,1760194306000,1760194306000,pl
lider-biura-obslugi-klienta-sprzedaz-krajowa-i-eksportowa-CID4-ID17Ng0E,https://www.olx.pl/oferta/praca/lider-biura-obslugi-klienta-sprzedaz-krajowa-i-eksportowa-CID4-ID17Ng0E.html,UNKNOWN,Lider Biura Obsługi Klienta - sprzedaż krajowa i eksportowa,Siemianowice Śląskie,"Delta Plus – jeden ze światowych liderów w dziedzinie środków ochrony indywidualnej (ŚOI) oraz kompleksowych rozwiązań BHP poszukuje do swojego biura w Siemianowicach Śląskich ul. Rozwojowa 21 (boczna ul. Bytomskiej) pracownika na stanowisko Lider Biura Obsługi Klienta – sprzedaż krajowa i eksportowa. Poszukujemy doświadczonego Lidera Biura Obsługi Klienta, który będzie odpowiadał za organizację pracy zespołu (6 osób), realizację procesów sprzedażowych w obszarze krajowym i eksportowym oraz utrzymywanie wysokich standardów obsługi klienta. Twój zakres obowiązków: Zarządzanie i rozwój zespołu Biura Obsługi Klienta Koordynacja obsługi zamówień oraz współpraca z innymi działami firmy Budowanie i utrzymywanie relacji z klientami krajowymi i zagranicznymi Wdrażanie i doskonalenie procesów oraz narzędzi obsługi klienta Tworzenie raportów i analiz w oparciu o systemy ERP/WMS Zapewnienie realizacji KPI i standardów obsługi Nasze wymagania: Min. 2 lata doświadczenia w zarządzaniu zespołem obsługi klienta lub sprzedaży Doświadczenie w pracy z systemami ERP/WMS Bardzo dobra znajomość języka angielskiego (min. B2) - warunek konieczny Umiejętność budowania relacji z klientami i prowadzenia negocjacji Wykształcenie wyższe (preferowane: zarządzanie, administracja, logistyka) Doskonała organizacja pracy i nastawienie na realizację celów Oferujemy: Stabilne zatrudnienie w międzynarodowej firmie Umowa o pracę, pełny etat Możliwość rozwoju zawodowego i wdrażania własnych rozwiązań Pracę w zgranym zespole i dynamicznym środowisku Medicover opieka medyczna, karta sportowa Medicover, dofinansowanie wypoczynku, bony świąteczne, dofinansowanie ubezp. grupowego. Informujemy, że będziemy się kontaktować telefonicznie lub e-mailowo z wybranymi kandydatami, którzy zostaną zakwalifikowani do drugiego etapu rekrutacji po analizie CV.",1835,FULL_TIME,Umowa o pracę,Umowa o pracę,,,,,,NONE,,False,False,,,False,False,lead,2.0,lead,True,,1760194578000,1760194578000,pl
autoneum-pl-operator-maszyn-m-k-CID4-IDKELYB,https://www.olx.pl/oferta/praca/autoneum-pl-operator-maszyn-m-k-CID4-IDKELYB.html,UNKNOWN,AUTONEUM PL - Operator Maszyn (m/k),Złotoryja,"Autoneum jest globalnym i technologicznym liderem w dziedzinie rozwiązań do zarządzania akustyką i termiką w pojazdach. Jako partner producentów pojazdów osobowych i ciężarowych na całym świecie, Autoneum dostarcza wielofunkcyjne komponenty i technologie do ochrony przed hałasem i ciepłem, tym samym podnosząc komfort i wartość pojazdu. Aktualnie Autoneum PL do zakładu w Złotoryi poszukuje kandydatów na stanowisko: OPERATOR MASZYN (m/k) Miejsce pracy: Złotoryja Nie wymagamy doświadczenia - wszystkiego nauczysz się u nas! Oferujemy stabilne zatrudnienie w oparciu o umowę o pracę (za pośrednictwem agencji pracy tymczasowej) oraz wynagrodzenie w wysokości 5000 zł brutto i dodatkowo: dofinansowanie do posiłków premiowany program poleceń pracowniczych Twoje codziennie zadania: obsługa maszyn produkcyjnych (prasy, stacje montażu) przestrzeganie wewnętrznych zasad (bhp i instrukcji pracy) sprawdzanie wizualne wyprodukowanych części uzupełnianie dokumentacji związanej z produkcją (krótkie dzienne raporty nt. ilości wyprodukowanych sztuk) dbanie o maszyny i urządzanie (zgłaszanie awarii, utrzymywanie porządku)",1117,FULL_TIME,Umowa o pracę,Umowa o pracę,,,,,,NONE,,False,False,,,False,False,,,,False,,1760194591000,1760194591000,pl
pracownik-do-prostej-pracy-w-magazynie-CID4-ID17LBLN,https://www.olx.pl/oferta/praca/pracownik-do-prostej-pracy-w-magazynie-CID4-ID17LBLN.html,UNKNOWN,Pracownik do prostej pracy w magazynie,Nadarzyn,"Opis Rhenus Office Systems Poland Sp. z o.o. jesteśmy Spółką należącą do koncernu RETHMANN. Działamy w Polsce od 2000 roku, obsługujemy na terenie całego kraju kilka tysięcy Klientów w zakresie archiwizacji, przechowywania, skanowania, osuszania i niszczenia dokumentów. Opis stanowiska: obsługa instalacji niszczącej sortowanie przeznaczonego do zniszczenia materiału dokonywanie załadunków materiałów przeznaczonych do odbioru. Wymagania: chęć do pracy gotowość do pracy zmianowej sumienność, rzetelność, zaangażowanie niekaralność; Oferujemy: umowę o pracę; pracę na rozwijającym się rynku, w dynamicznym przedsiębiorstwie o wysokiej kulturze organizacyjnej, gdzie doceniane jest zaangażowanie, kreatywność i efekty; atrakcyjny pakiet benefitów; wolne weekendy i Święta; przyjazną atmosferę w pracy; nadgodziny dodatkowo płatne; Osoby zainteresowane prosimy o przesyłanie aplikacji na wskazany adres email. z o.o. z siedzibą w Nadarzynie, zgodnie z ustawą z dnia 29 sierpnia 1997 r. o ochronie danych osobowych (t.j. Dz. U. z 2016 r., poz. 922)”. Informujemy, że Administratorem danych jest Rhenus Office Systems Poland Sp. z o.o. z siedzibą w Nadarzynie. Dane zbierane są dla potrzeb rekrutacji. Ma Pani/Pan prawo dostępu do treści swoich danych oraz ich poprawiania. Podanie danych w zakresie określonym przepisami ustawy z dnia 26 czerwca 1974 r. Podanie dodatkowych danych osobowych jest dobrowolne.",1406,FULL_TIME,Umowa o pracę,Umowa o pracę,,,,,,NONE,,False,False,,,False,False,,,,False,,1760194603000,1760194603000,pl
kucharz-kucharka-nocny-hotel-indigo-CID4-ID16BDT3,https://www.olx.pl/oferta/praca/kucharz-kucharka-nocny-hotel-indigo-CID4-ID16BDT3.html,UNKNOWN,Kucharz/Kucharka Nocny Hotel Indigo,"Warszawa, Śródmieście","Hotel w Warszawie jest nowoczesnym, czterogwiazdkowym hotelem wchodzącym w skład InterContinental Hotels Group, jednej z największych sieci hotelarskich na świecie. Profesjonalny zespół pracowników oraz wysoki standard usług sprawiają, że nasz hotel jest wyjątkowym miejscem dla naszych gości. Naszym pracownikom stwarzamy przyjazne miejsce pracy, gdzie mogą się doskonalić i rozwijać swoje umiejętności. Aktualnie poszukujemy kandydatów na stanowisko: Kucharz/Kucharka Nocny Twój zakres obowiązków: Przygotowywanie dań zgodnie z obowiązującymi standardami Nadzór nad jakością serwowanych posiłków Dbanie o prawidłowe magazynowanie żywności Racjonalne gospodarowanie produktami Dbałość o porządek w miejscu pracy Przestrzeganie zasad HACCP i BHP Nasze wymagania: Wykształcenie gastronomiczne i doświadczenie w pracy na stanowisku kucharza Znajomość trendów gastronomicznych Gotowość do pracy zmianowej na nocnej zmianie Aktualna książeczka do celów sanitarno-epidemiologicznych Kreatywność Mamy do zaoferowania: Stabilne zatrudnienie w stale rozwijającej się firmie, Możliwość zdobycia cennego doświadczenia zawodowego pod okiem profesjonalistów, Atrakcyjne zarobki adekwatne do Twojego doświadczenia i kompetencji, Ubezpieczenie na życie. Prywatna opieka zdrowotna, Imprezy integracyjne. Obiady pracownicze",1307,FULL_TIME,"Umowa o pracę, Samozatrudnienie, Umowa zlecenie","Umowa o pracę, Samozatrudnienie, Umowa zlecenie",,,,,,NONE,,False,False,,,False,False,,,,False,,1760194617000,1760194617000,pl
koordynator-ka-dzialu-obslugi-klienta-i-serwisu-leroy-merlin-CID4-ID17AmLV,https://www.olx.pl/oferta/praca/koordynator-ka-dzialu-obslugi-klienta-i-serwisu-leroy-merlin-CID4-ID17AmLV.html,UNKNOWN,Koordynator/ka działu obsługi klienta i serwisu - Leroy Merlin,"Warszawa, Targówek","Tu możesz być sobą. Naprawdę. W Leroy Merlin wierzymy, że różnorodność i autentyczność to nasza siła. Dlatego tworzymy miejsce, w którym możesz pracować bez udawania i obaw. Wnieś swoją historię, pomysły i doświadczenie do zielonej Ekipy. Dołącz do nas i przekonaj się, jak to jest być częścią zespołu, w którym po prostu jesteś sobą. Pasujemy do siebie jeżeli: lubisz ludzi, a Twoją pasją jest handel i kontakt z klientami posiadasz doświadczenie w koordynowaniu zadań zespołu oraz pracą związaną z obsługą posprzedażową towarów i usług chętnie dzielisz się wiedzą i zdobywasz nowe umiejętności koncentrujesz się na działaniu i poszukiwaniu usprawnień cechuje Cię entuzjazm i zaangażowanie w to co robisz, stawiasz przed sobą ambitne cele i angażujesz współpracowników w ich realizację Jakie zadania na Ciebie czekają: koordynowanie pracy podległego zespołu w tym m.in. rozdzielanie zadań, monitorowanie stanu ich realizacji, wdrożenie nowych pracowników, dbanie o realizację naszych standardów w obsłudze klienta pozyskiwanie i współpraca z wykonawcami usług montażowych monitorowanie wskaźników ekonomicznych , ich regularna analiza i wdrażanie rozwiązań mających na celu ich poprawę monitorowanie usług konkurencji, współpraca ze wszystkimi sektorami w sklepie i dedykowanym zespołem w centrali nadzorowanie sprawnego przebiegu procesów reklamacyjnych, obsługi posprzedażowej oraz prowadzenie spraw spornych z dbałością o satysfakcję klienta poszukiwanie i wdrażanie rozwiązań będących źródłem pozytywnych doświadczeń klienta budowanie więzi z lokalną społecznością oraz dbanie o pozytywny wizerunek sklepu , poprzez podejmowanie różnorodnych działań we współpracy z mieszkańcami Dołącz do Ekipy i zyskaj: atrakcyjne wynagrodzenie oraz jego regularne rewizje (uzależnione od kompetencji, poziomu realizacji zadań oraz stażu pracy na danym stanowisku) premię kwartalną, której wysokość zależy od wyników sklepu i działu, w którym będziesz pracować udział w wynikach – raz w roku otrzymasz środki, które możesz zainwestować w zakup akcji Leroy Merlin umowę o pracę na 7 miesięcy z możliwością przedłużenia na czas nieokreślony, bo dla nas stabilne warunki zatrudnienia od zawsze są priorytetem ubezpieczenie na życie i prywatną opiekę medyczną, bo spokojna i zdrowa przyszłość są najważniejsze programy rozwojowe, bo stale wspieramy Twój rozwój dostęp do kursów i szkoleń, bo dzielimy się wiedzą i doświadczeniami platformę do nauki języków dla Ciebie i Twoich bliskich (goFluent), bo z nami możesz szlifować języki i podbijać świat platformę psychologiczną, edukacyjną i wellbeingową Mindgram z nielimitowanym dostępem do konsultacji ze specjalistami (psychologowie, terapeuci, trenerzy profilaktyki zdrowia), bo Twój rozwój i dobrostan są dla nas ważne platformę benefitów myBenefit (w tym karta MultiSport), bo dajemy Ci możliwość wyboru smartfona również do użytku prywatnego, bo lubimy być mobilni w naszej pracy; zniżkę na zakupy w naszych sklepach, bo wspieramy Cię w realizacji Twoich marzeń pożyczkę na pierwsze mieszkanie, na bardzo korzystnych warunkach, bo ułatwiamy Ci start w samodzielność dofinansowanie do termomodernizacji, bo dbamy o Twoje oszczędności i myślimy o środowisku płatny program poleceń pracowniczych, bo wiemy, że nasi Pracownicy są najlepszymi ambasadorami Zachęcamy do aplikowania również osoby z niepełnosprawnością.",3352,FULL_TIME,Umowa o pracę,Umowa o pracę,,,,,,NONE,,False,False,,,False,False,lead,,lead,True,,1760194630000,1760194630000,pl
pracownik-porzadkowy-sprzataczka-warta-woj-lodzkie-CID4-ID17CYRa,https://www.olx.pl/oferta/praca/pracownik-porzadkowy-sprzataczka-warta-woj-lodzkie-CID4-ID17CYRa.html,UNKNOWN,Pracownik porządkowy / Sprzątaczka || WARTA (woj. łódzkie),Warta,"Producent farb i lakierów marki Visto poszukuje osób na stanowisko: Pracownik porządkowy / Sprzątaczka Zakres obowiązków: Utrzymanie czystości na terenie obiektu Sprzątanie pomieszczeń, mycie okien i inne prace porządkowe Utrzymanie czystości na zewnątrz (tereny zielone, drogi na terenie obiektu) Kwalifikacje: Sumienność i dokładność w wykonywaniu powierzonych obowiązków Umiejętność organizacji czasu pracy Uczciwość i wysoka kultura osobista Oferujemy: Zatrudnienie na podstawie umowy o pracę PRACA JEDNOZMIANOWA (od 8 do 16) od poniedziałku do piątku, możliwość pracy 1/2 etatu lub cały etat Współpracę w dłuższej perspektywie czasowej Firma zastrzega sobie prawo do kontaktu tylko z wybranymi kandydatami. CV prosimy przesyłać na adres praca[małpa]brenen.pl, kontakt przez serwis olx lub osobiście w siedzibie firmy.",822,FULL_TIME,"Umowa o pracę, Umowa zlecenie","Umowa o pracę, Umowa zlecenie",,,,,,NONE,,False,False,,,False,False,,,,False,,1760194642000,1760194642000,pl
pracownik-do-spraw-rozliczen-kielce-CID4-ID17KZba,https://www.olx.pl/oferta/praca/pracownik-do-spraw-rozliczen-kielce-CID4-ID17KZba.html,UNKNOWN,Pracownik do spraw Rozliczeń Kielce,Kielce,"„BusPremium – Pracownik ds. Rozliczeń (Kielce)” Zakres obowiązków: Prowadzenie kasy firmy Rozliczanie kierowców i przyjmowanie gotówki Opłacanie faktur gotówkowych Wprowadzanie dokumentów do systemu kasowego (np. Zubix) Współpraca z działem księgowym Wymagania: Wykształcenie średnie/wyższe Doświadczenie w pracy z gotówką Mile widziane doświadczenie w księgowości lub kadrach i płacach Dokładność i odpowiedzialność Oferujemy: Umowa o pracę, pełny etat Stabilne zatrudnienie i możliwość rozwoj",494,FULL_TIME,Umowa o pracę,Umowa o pracę,,,,,,NONE,,False,False,,,False,False,,,,False,,1760194656000,1760194656000,pl
doradca-doradczyni-klienta-wola-park-CID4-ID17HRer,https://www.olx.pl/oferta/praca/doradca-doradczyni-klienta-wola-park-CID4-ID17HRer.html,UNKNOWN,Doradca/ Doradczyni Klienta - Wola Park,"Warszawa, Bemowo","Firma ANIA KRUK od początku swojego istnienia łamie schematy i odchodzi od klasycznego podejścia do biżuterii. Wprowadziliśmy na polski rynek koncept marki wyspecjalizowanej w biżuterii codziennej - ze srebra i delikatnego złota, której bliżej do słowa lifestyle niż moda, czy jubiler. Stawiamy na ograniczoną, wyselekcjonowaną ofertę, nowoczesny design oraz prostotę i estetykę w komunikacji. Popularyzujemy współczesne trendy takie jak piercing i stylizacja ucha. Wierzymy w wolność noszenia. Dlatego ANIA KRUK to biżuteria, która pasuje do każdego i którą można nosić, jak się lubi. Bez żadnych zasad, niezależnie od stylu i okazji. DORADCA/ DORADCZYNI KLIENTA Twoje zadania: Brandowa ekspozycja i sprzedaż naszych cool produktów - nie pracowałeś wcześniej z biżuterią i obawiasz się pracy z naszym produktem? No worries! Damy Ci całą potrzebną wiedzę. Wsparcie zespołu w osiąganiu celów sprzedażowych - bo dzielenie się wiedzą jest dla nas bardzo ważne! Dbałość o przestrzeganie standardów i wzmacnianie wartości firmowych - współpraca, ciekawość, odpowiedzialność, odwaga - to dla nas nie są puste frazesy! Terminowe przyjmowanie dostaw - ciężkie kartony? To nie u nas! Ale nie obejdzie się bez sprawnego przyjęcia produktów na stan magazynowy. Udział w prowadzeniu inwentaryzacji. Tego oczekujemy: doświadczenie w sprzedaży bezpośredniej i pracy z klientem komunikatywność i łatwość w nawiązywaniu relacji z klientem chęci do nauki i dzielenia się wiedzą zainteresowanie modą i trendami oraz rozwinięty zmysł estetyczny wyrozumiałość, otwartość i szacunek dla różnorodności To oferujemy: umowa o pracę na pełny etat atrakcyjny system premiowy po okresie próbnym praca z fajnymi ludźmi, którym zależy, którzy są ciekawi innych i ich punktów widzenia oraz pomagają sobie nawzajem pakiet biżuterii “na start” super zniżki na zakup naszych produktów spotkania integracyjne dodatek finansowy na wakacje i święta Twoje zdrowie i samopoczucie są dla nas ważne, dlatego po okresie próbnym zapewniamy prywatną opiekę medyczną i dofinansowanie karty Multisport niespodzianki urodzinowe",2081,FULL_TIME,Umowa o pracę,Umowa o pracę,,,,,,NONE,,False,False,,,False,False,,,,False,,1760194655000,1760194655000,pl
junior-graphic-designer-CID4-ID17qrqg,https://www.olx.pl/oferta/praca/junior-graphic-designer-CID4-ID17qrqg.html,UNKNOWN,Junior Graphic Designer,Kalisz,"Dołącz do naszego zespołu jako Junior Graphic Designer i rozpocznij swoją przygodę z grafiką komputerową! Czym będziesz się zajmować? Tworzeniem materiałów marketingowych dla programów profilaktyki zdrowotnej. Pracą w środowisku Adobe, głównie w programach Illustrator i Photoshop. Realizacją zadań w dynamicznym dziale marketingu, czasem pod presją czasu. Kogo szukamy? Początkującego grafika, który chce rozwijać swoje umiejętności w kreatywnym środowisku. Osoby z pasją do grafiki komputerowej, posiadającej dobre poczucie estetyki i kompozycji. Kogoś, kto lubi współpracę i jest gotowy uczyć się od doświadczonego zespołu. Co Cię czeka? Praca w zgranym zespole marketingowym z pozytywną atmosferą. Wsparcie doświadczonych kolegów i koleżanek w realizacji zadań. Możliwość tworzenia angażujących projektów graficznych. Oferujemy: pracę stacjonarną w siedzibie firmy w Kaliszu, atrakcyjne wynagrodzenie, stabilne warunki współpracy, możliwość pracy w dynamicznie rozwijającej się firmie.",989,FULL_TIME,"Umowa o pracę, Samozatrudnienie, Umowa zlecenie","Umowa o pracę, Samozatrudnienie, Umowa zlecenie",,,,,,NONE,,False,False,,,False,False,junior,,junior,True,,1760194843000,1760194843000,pl
agent-techniczny-w-99rent-CID4-ID17HZu5,https://www.olx.pl/oferta/praca/agent-techniczny-w-99rent-CID4-ID17HZu5.html,UNKNOWN,Agent Techniczny w 99RENT,"Warszawa, Wola","Twój zakres obowiązków: Podstawienia i odbiory samochodów do/z serwisów Inspekcje pojazdów Nawiązywanie i budowanie dobrych relacji z serwisami Obsługa i rejestracja zadań serwisowych w systemach operacyjnych Dbałość o flotę pojazdów – stan czystości, podstawowe czynności techniczne Nasze wymagania Czynne prawo jazdy kat. B (min. rok) Wykształcenie min. średnie Dobra organizacja pracy i odpowiedzialność Punktualność Wysoka kultura osobista",443,FULL_TIME,Umowa zlecenie,Umowa zlecenie,,,,,,NONE,,False,False,,,False,False,,,,False,,1760194883000,1760194883000,pl
specjalista-ds-zaopatrzenia-w-branzy-budowlanej-CID4-ID12rwqb,https://www.olx.pl/oferta/praca/specjalista-ds-zaopatrzenia-w-branzy-budowlanej-CID4-ID12rwqb.html,UNKNOWN,Specjalista ds. zaopatrzenia w branży budowlanej,"Warszawa, Włochy","Ecotec Polska Sp. z o.o. wchodzi w skład międzynarodowej grupy Ecotec Silent Energy zajmującej się budową wielkopowierzchniowych farm fotowoltaicznych. W związku z rozwojem firmy poszukujemy osoby na stanowisko Specjalisty ds. zaopatrzenia. Oferujemy: Stabilne zatrudnienie w międzynarodowej firmie o ugruntowanej pozycji na rynku i globalnym zasięgu, Możliwość inicjowania własnych pomysłów oraz aktywnego udziału we wdrażaniu narzędzi/procesów podnoszących efektywność spółki, Atrakcyjne wynagrodzenie i niezbędne narzędzia do pracy, Przyjazną atmosferę i wsparcie ze strony współpracowników, Prywatna opiekę medyczną dla Ciebie i Twojej rodziny, Szkolenia dobrane indywidualnie do Twoich potrzeb, Kartę Lunch Pass i Multisport. Zakres obowiązków: Składanie zamówień zakupowych, monitorowanie i uzupełnianie stanów towaru na budowach, Analizowanie potrzeb klientów i tworzenie dedykowanych rozwiązań, dostosowanych do ich potrzeb i wymagań, Udział w tworzeniu harmonogramów zamówień́ i prac w celu zapewnienia ciągłości dostaw i zapasów, Współpraca z dostawcami oraz innymi działami firmy, Organizacja dostaw oraz ewidencjonowanie pozycji towarowych, Kontrola statusu dostaw, zgłaszanie reklamacji oraz monitorowanie procesu ich realizacji (również procesy naprawcze i gwarancyjne), Udział w optymalizacji procesów zakupowych oraz dbanie o jakość i terminowość realizowanych zleceń, Pozyskiwanie ofert na materiał i usługi, Negocjowanie warunków współpracy z dostawcami oraz aktywny udział w podpisywaniu umów i ocenie dostawców, Utrzymywanie trwałych relacji biznesowych z dostawcami oraz pozyskiwanie nowych, Zapewnienie prawidłowego obiegu dokumentacji. Wymagania: Min. 1 rok doświadczenia w pracy na stanowiskach związanych ze Sprzedażą i Zakupami, Umiejętność czytania dokumentacji projektowych oraz warsztatowych (warunek konieczny), Doświadczenie w branży budowlanej, Wykształcenie wyższe, Znajomość języka angielskiego na poziomie min. B2 umożliwiającym swobodną komunikacje (warunek konieczny), Znajomość obsługi programów MS Office w stopniu zaawansowanym, Prawo jazdy kat. B, Kreatywność, zaangażowanie i zapał do pracy, Samodzielność w realizowaniu powierzonych obowiązków, Determinacja samodyscyplina i systematyczność w codziennej pracy, Mile widziane: Znajomość języka niemieckiego, Obsługa programów typu AutoCAD, Wykształcenie wyższe, Znajomość branży konstrukcji stalowych.",2393,FULL_TIME,Umowa o pracę,Umowa o pracę,,,,,,NONE,,False,False,,,False,False,mid,1.0,mid,True,,1760194896000,1760194896000,pl
kompletowanie-zamowien-CID4-ID17KWCG,https://www.olx.pl/oferta/praca/kompletowanie-zamowien-CID4-ID17KWCG.html,UNKNOWN,kompletowanie zamówień,"Warszawa, Białołęka",ZATRUDNIĘ W MAGAZYNIE DO PAKOWANIA PACZEK Zakres obowiązków: Pakowanie i przygotowywanie paczek do wysyłki Kontrola jakości produktów przed zapakowaniem Etykietowanie i kompletowanie zamówień Utrzymywanie porządku na stanowisku pracy Wymagania: Sumienność i dokładność Gotowość do pracy fizycznej Mile widziane doświadczenie w pracy magazynowej (niewymagane) Oferujemy: Umowę zlecenie Terminowe wynagrodzenie,408,FULL_TIME,Umowa zlecenie,Umowa zlecenie,,,,,,NONE,,False,False,,,False,False,,,,False,,1760194896000,1760194896000,pl
przedstawiciel-handlowy-CID4-ID17Nrub,https://www.olx.pl/oferta/praca/przedstawiciel-handlowy-CID4-ID17Nrub.html,UNKNOWN,Przedstawiciel handlowy,"Warszawa, Śródmieście","Szukasz pracy, w której możesz dobrze zarobić, rozwijać się i mieć elastyczny grafik? Lubisz kontakt z ludźmi i nie boisz się wyzwań? Dołącz do naszego zespołu sprzedaży – nauczymy Cię wszystkiego od podstaw! Zakres obowiązków: aktywne pozyskiwanie klientów na wyznaczonym terenie, prezentacja oferty i korzyści dla klienta, podpisywanie umów i finalizowanie sprzedaży, realizacja miesięcznych celów sprzedażowych. Wymagania: komunikatywność i pozytywne nastawienie, samodzielność i motywacja do działania, prawo jazdy kat. B, dyspozycyjność do pracy w terenie. Mile widziane: doświadczenie w sprzedaży lub w branży OZE. Oferujemy: stałą podstawę + wysokie prowizje, szkolenie od podstaw – bez doświadczenia, elastyczny grafik – sam ustalasz swój czas pracy, realne możliwości rozwoju i awansu, wsparcie działu HR w sprawach administracyjnych. Dlaczego warto? To nie jest zwykła praca „od – do”. Tutaj masz wpływ na to, ile zarabiasz i jak szybko się rozwijasz. Jeśli jesteś osobą, która chce działać, a nie tylko „odbijać kartę” – zapraszamy! Kliknij „Aplikuj” i wyślij swoje CV.",1080,FULL_TIME,"Samozatrudnienie, Umowa zlecenie","Samozatrudnienie, Umowa zlecenie",,,,,,NONE,,False,False,,,False,False,,,,False,,1760197173000,1760197173000,pl
doradca-klienta-radom-galeria-sloneczna-CID4-ID17MO0p,https://www.olx.pl/oferta/praca/doradca-klienta-radom-galeria-sloneczna-CID4-ID17MO0p.html,UNKNOWN,DORADCA KLIENTA | Radom | Galeria Słoneczna,Radom,"DOŁĄCZ DO ZESPOŁU ŚWIAT GSM JAKO DORADCA KLIENTA! Miejsce pracy: Radom, Galeria Słoneczna [ul. Bolesława Chrobrego 1, 26-600 Radom] Co oferujemy? Pracę w wiodącej firmie na rynku GSM Stabilne zatrudnienie na pełny etat - jesteśmy Polską firmą rozwijającą się stabilnie od 17 lat Elastyczny grafik — to Ty na podstawie ustaleń z zespołem decydujesz w jaki dzień pracujesz Stabilną podstawę oraz premię zależną od realizacji celów 100% wprowadzenie na stanowisko - bazujemy na Twoim zaangażowaniu i potencjale dlatego z łatwością zapoznamy Cię z branżą GSM i nauczymy technik sprzedaży Twoje zadania: Bezpośrednia sprzedaż produktów i usług firmy w punkcie handlowym Budowanie długofalowych relacji z klientami, zgodnie ze standardami Realizacja założonych wskaźników sprzedażowych Dbanie o wizerunek salonu zgodny z wymogami marki Sporządzanie dokumentacji i raportów związanych ze sprzedażą Kogo szukamy: Wysokie zdolności interpersonalne i umiejętność pracy z klientem Motywacja i nastawienie na realizację celów sprzedażowych Otwartość i łatwość w nawiązywaniu nowych kontaktów Umiejętność pracy w zespole i wspólnego osiągania celów Chęć nauki i rozwoju w branży GSM — wszystkiego Cię nauczymy! Mile widziane: Doświadczenie w sprzedaży lub/i obsłudze klienta - Jeżeli nie posiadasz takiego doświadczenia - wszystkiego Cię nauczymy! Benefity: Karta MultiSport Atrakcyjne zniżki na produkty i usługi firmowe (aż - 50% na wszystkie akcesoria) Możliwość relokacji do innych oddziałów w Polsce Szukamy osób do długofalowej współpracy — dołącz do nas i rozwijaj swoją karierę! PRACUJ W ŚWIAT GSM! Jesteśmy liderem na rynku w branży GSM. Przez 17 lat funkcjonowania firmy zbudowaliśmy liczącą blisko 90 punktów sieć profesjonalnych sklepów i stoisk. Oferujemy szeroki wybór akcesoriów w branży GSM. Specjalizujemy się w zabezpieczaniu urządzeń mobilnych oraz ich pełnym serwisie. -> Jak aplikować? Prześlij swoje CV przez OLX.",1922,FULL_TIME,Umowa zlecenie,Umowa zlecenie,,,,,,NONE,,False,False,,,False,False,,,,False,,1760197173000,1760197173000,pl
pracownik-biurowy-CID4-ID17LaGE,https://www.olx.pl/oferta/praca/pracownik-biurowy-CID4-ID17LaGE.html,UNKNOWN,Pracownik biurowy,Legionowo,"Ośrodek szkolenia kierowców Model zatrudni pracownika do pracy w biurze Zakres obowiązków: obsługa komputera udzielanie informacji dotyczącej oferty obsługa biur Legionowo, Nowy Dwór Mazowiecki , Warszawa Tarchomin Oferujemy: umowę o pracę na 1/2 etatu w godzinach 14 - 18 z możliwością rozszerzenia wymiaru godzin po okresie próbnym Zainteresowane osoby prosimy o przesłanie CV do dnia 17.10.2025 r na OLX lub na maila firmowego OSK MODEL ze strony. Zastrzegamy sobie prawo do kontaktu tylko z wybranymi kandydatami.",517,PART_TIME,Umowa o pracę,Umowa o pracę,,,,,,NONE,,False,False,,,False,False,,,,False,,1760197187000,1760197187000,pl
zatrudnimy-sprzataczke-CID4-ID16Eslb,https://www.olx.pl/oferta/praca/zatrudnimy-sprzataczke-CID4-ID16Eslb.html,UNKNOWN,zatrudnimy sprzątaczkę,Siemianowice Śląskie,"Firma produkcyjna z branży spożywczej poszukuje osób do sprzątania hali produkcyjnej Miejsce pracy: Siemianowice Śląskie Wymiar czasu pracy: etat Praca zmianowa Obowiązki: sprzątanie hali produkcyjnej, szatni, jadalni. Oferujemy: Zatrudnienie na podstawie umowy o pracę",269,FULL_TIME,Umowa o pracę,Umowa o pracę,,,,,,NONE,,False,False,,,False,False,,,,False,,1760197187000,1760197187000,pl
referent-ds-przygotowania-i-planowania-produkcji-CID4-ID17ivDo,https://www.olx.pl/oferta/praca/referent-ds-przygotowania-i-planowania-produkcji-CID4-ID17ivDo.html,UNKNOWN,Referent ds. przygotowania i planowania produkcji,Bielsk,"Kim jesteśmy Jesteśmy prężną, polską, rodzinną firmą produkującą maszyny i urządzenia dla przemysłu spożywczego. Naszym ulubionym surowcem jest stal nierdzewna. Mamy zasięg globalny. Działamy na rynku od 2001 roku. Twój zakres obowiązków 1. Przygotowywanie krótkoterminowych i długoterminowych planów produkcji 2. Analizowanie zapotrzebowania pod plan produkcji surowców i wyrobów gotowych 3. Bieżące monitorowanie realizacji planów produkcyjnych i reagowanie na opóźnienia w ich realizacji 4. Analiza i planowanie możliwości produkcyjnych w horyzoncie kilku miesięcy 5. Zarządzanie zleceniami produkcyjnymi oraz obiegiem dokumentacji 6. Współpraca z kierownikiem działu produkcji w zakresie efektywnego wykorzystania czasu pracy pracowników produkcji 7. Nadzorowanie systemu do rejestracji czasu pracy na produkcji 8. Nadzór nad prawidłowym obiegiem dokumentacji produkcyjnej i technicznej Nasze oczekiwania 1. Wykształcenie minimum średnie (preferowane techniczne) 2. Mile widziane doświadczenie w zakresie procesu planowania i harmonogramowania produkcji 3. Znajomość podstaw technologii produkcji 4. Podstawowa umiejętność czytania rysunków technicznych 5. Mile widziana znajomość systemów ERP, MRP 6. Mile widziana znajomość specyfiki produkcji maszyn dla przemysłu spożywczego 7. Dobra znajomość obsługi komputera i pakietu MS Office (Excel, Word) Na co możesz liczyć 1. Atrakcyjne wynagrodzenie - uzależnione od doświadczenia, umiejętności i posiadanych kompetencji, 2. Wykwalifikowany i chętny do współpracy - ambitny zespół, 3. Niezbędne narzędzia i materiały do pracy, 4. Interesująca i rozwojowa branża, 5. w celu prowadzenia rekrutacji na aplikowane przeze mnie stanowisko” lub przyjedź do naszej siedziby na rozmowę: N&N NADRATOWSKI sp.j., ul. Akacjowa 3, 09-230 Bielsk, tel. (024) 261 52 61",1804,FULL_TIME,Umowa o pracę,Umowa o pracę,,,,,,NONE,,False,False,,,False,False,,,,False,,1760197369000,1760197369000,pl
gospodyni-domowa-do-prowadzenia-domu-w-lomiankach-CID4-ID16dE7i,https://www.olx.pl/oferta/praca/gospodyni-domowa-do-prowadzenia-domu-w-lomiankach-CID4-ID16dE7i.html,UNKNOWN,Gospodyni domowa - do prowadzenia domu w Łomiankach,Łomianki,"Obowiązki - związane z prowadzeniem domu w Łomiankach k/W-wy, dla dwóch dorosłych osób. W tym: Gotowanie: przygotowywanie posiłków Pranie. Prasowanie. Mycie okien dwa razy do roku. Dbanie o porządek (dom i garaż). Praca od zaraz w wymiarze 5 - 6 dni w tygodniu, 8 godzin dziennie z możliwością przedłużenia do 10 godzin (w razie potrzeby). Uwaga: Istnieje możliwość zamieszkania w ""miejscu pracy"". Wymagania: Doświadczenie na podobnym stanowisku (konieczne). Sumienność i dokładność w wykonywaniu powierzonych obowiązków. Umiejętność organizacji czasu pracy. Niekaralność. Motywacja do pracy, uczciwość i wysoka kultura osobista.",629,FULL_TIME,"Inny, Umowa o pracę, Umowa zlecenie","Inny, Umowa o pracę, Umowa zlecenie",,,,,,NONE,,False,False,,,False,False,,,,False,,1760197369000,1760197369000,pl
zatrudnimy-recepcjonistke-w-przychodni-stomatologicznej-bemowo-CID4-ID17ICu1,https://www.olx.pl/oferta/praca/zatrudnimy-recepcjonistke-w-przychodni-stomatologicznej-bemowo-CID4-ID17ICu1.html,UNKNOWN,Zatrudnimy recepcjonistkę w przychodni stomatologicznej - Bemowo,"Warszawa, Bemowo","Stomatologia time for DENTIST poszukuje do zespołu osoby na stanowisko recepcjonistki. Osoba zatrudniona na tym stanowisku będzie odpowiedzialna za profesjonalną obsługę pacjentów oraz wsparcie organizacyjne pracy przychodni. Jesteśmy kameralną przychodnią - dwa gabinety lekarskie - na warszawskim Bemowie. Praca na część etatu 2-3 popołudnia w tygodniu (pon-pt) w godzinach 14:30-20:30. Zakres obowiązków: Rejestracja pacjentów (osobista, telefoniczna) Udzielanie informacji o oferowanych usługach i terminach wizyt Obsługa dokumentacji medycznej i prowadzenie terminarza lekarzy Współpraca z personelem medycznym Przyjmowanie płatności Utrzymywanie porządku na recepcji Dbanie o pozytywny wizerunek placówki Wymagania: Komunikatywność, uprzejmość i wysoka kultura osobista Umiejętność budowania więzi z pacjentem Umiejętność obsługi komputera Dobra organizacja pracy i Pewność siebie i umiejętność radzenia sobie w sytuacjach stresowych Punktualność i sumienność Komunikatywna znajomość j. angielskiego Oferujemy: Stabilne zatrudnienie w nowoczesnej placówce (UZ lub UoP) Miłą atmosferę pracy w zgranym zespole Możliwość rozwoju zawodowego Szkolenie wprowadzające i bieżące wsparcie Dodatkowym atutem będzie doświadczenie na recepcji i znajomość oprogramowania Prodentis. Mile widziane dyspozycyjne osoby ze statusem studenta. Zapewniamy pełne szkolenie stanowiskowe - ok. 2 tygodnie. 6 ust. 1 lit.",1401,PART_TIME,"Umowa o pracę, Samozatrudnienie, Umowa zlecenie","Umowa o pracę, Samozatrudnienie, Umowa zlecenie",,,,,,NONE,,False,False,,,False,False,,,,False,,1760197369000,1760197369000,pl
operator-wozka-widlowego-umowa-o-prace-zmiana-dzienna-CID4-ID17hBy6,https://www.olx.pl/oferta/praca/operator-wozka-widlowego-umowa-o-prace-zmiana-dzienna-CID4-ID17hBy6.html,UNKNOWN,"Operator wózka widłowego - umowa o pracę, zmiana dzienna!",Owśnice,"Grupa MAŁRO jest jednym z największych producentów prefabrykatów żelbetowych w Polsce. W skład Grupy wchodzą marki: Zakład Prefabrykacji Stropy Małro w Radzionkowie, Małro w Sośnicowicach, WPŻ Elbud Gdańsk w Owśnicach koło Kościerzyny oraz nowoczesne biuro projektowe Małro Projekt. Zajmujemy się produkcją, projektowaniem oraz montażem domów prefabrykowanych, ścian, schodów, balkonów, szybów windowych, itp. Posiadamy blisko 50-letnie doświadczenie w branży prefabrykatów. Jesteśmy zespołem pełnym pasji, który ceni sobie kreatywne podejście do pracy i profesjonalizm. W związku z ciągłym rozwojem firmy, aktualnie poszukujemy osoby na stanowisko: Operator wózka widłowego Miejsce pracy: Owśnice koło Kościerzyny Opis stanowiska: Obsługa wózka widłowego (w tym transport materiałów i prefabrykatów wewnątrz zakładu), Magazynowanie prefabrykatów, kontrola stanów magazynowych, Załadunek i rozładunek samochodów dostawczych, Przewożenie gotowych produktów do odpowiednich miejsc magazynowych, Utrzymywanie porządku w strefie magazynowej. Oczekiwania: Uprawnienia do obsługi wózków widłowych (certyfikat UDT) – wymóg konieczny, Doświadczenie w pracy na podobnym stanowisku, mile widziane w branży budowlanej, Samodzielność, odpowiedzialność oraz sumienność. Oferujemy: Stabilne warunki zatrudnienia w oparciu o umowę o pracę na pełen etat, Pracę na zmianę dzienną, Atrakcyjne wynagrodzenie (w tym premie), Wczasy pod gruszą, Prywatną opiekę medyczną Luxmed, Bonusy okolicznościowe.",1480,FULL_TIME,Umowa o pracę,Umowa o pracę,,,,,,NONE,,False,False,,,False,False,,,,False,,1760197369000,1760197369000,pl
technolog-okolice-olawy-CID4-ID17Ne3d,https://www.olx.pl/oferta/praca/technolog-okolice-olawy-CID4-ID17Ne3d.html,UNKNOWN,"Technolog, okolice Oławy",Jelcz-Laskowice,"Aktualnie dla naszego Klienta z branży obróbki metali poszukujemy osób na stanowisko Technolog (m/k). Miejscowość: Stanowice, k/Oławy Obowiązki: analiza dokumentacji klienta pod względem wykonalności produktu, przygotowywanie kalkulacji kosztowych na bazie dokumentacji klienta dla działu handlowego, tworzenie przewodników technologicznych na podstawie dokumentacji klienta, opracowywanie technologii cięcia laserowego, gięcia oraz innej obróbki mechanicznej na potrzeby zleceń klienta, modyfikowanie lub tworzenie dokumentacji technicznej w porozumieniu z klientem, nadzór nad przebiegiem procesów technologicznych w systemie marki Triumpf (Oseon), współpraca z działem handlowym i działem produkcji, kontakt z klientem w zakresie dokumentacji. Wymagania: minimum 3-letnie doświadczenie w branży związanej z usługami cięcia laserowego, gięcia oraz obróbki stali nierdzewnej, kwasoodpornej, aluminium oraz stali węglowej, umiejętność analizy oraz tworzenia dokumentacji technicznej, dobra znajomość programów: AUTO CAD, Solid Works, oprogramowania marki Trumpf/Trutops (Calculate, FAB, Boost) oraz środowiska Microsoft Office, znajmość j.angielskiego, mile widziane- doświadczenie zawodowe związane z technologią wykrawania. Oferujemy: umowę o pracę bezpośrednio podpisaną z firmą naszego klienta, pracę w systemie 1-zmianowym (pon.-pt.) atrakcyjne wynagrodzenie, premię uznaniową oraz roczną (tzw. 13-stka) po przepracowaniu całego roku kalendarzowego, pakiet benefitów (opieka medyczna, karta MultiSport, bony na święta, dofinansowanie do posiłków, bonus roczny, pikniki rodzinne, wyjazdy integracyjne). Agencja zatrudnienia Trenkwalder & Partner Sp. z o.o., nr cert. 388.",1675,FULL_TIME,Umowa o pracę,Umowa o pracę,,,,,,NONE,,False,False,,,False,False,,,,False,,1760197382000,1760197382000,pl
accountant-specialist-asystentka-biura-CID4-ID17KS9f,https://www.olx.pl/oferta/praca/accountant-specialist-asystentka-biura-CID4-ID17KS9f.html,UNKNOWN,Accountant Specialist / Asystent(ka) biura,Zielona Góra,"Stanowisko: Accountant Specialist / Asystent(ka) biura Miejsce pracy: Zielona Góra Forma zatrudnienia: Pełny etat Zakres obowiązków: Wsparcie w bieżących pracach administracyjnych i księgowych biura. Przygotowywanie, kompletowanie i archiwizowanie dokumentów księgowych. Wprowadzanie faktur kosztowych i sprzedażowych do systemu (Comarch ERP Optima). ?? Pomoc w przygotowywaniu zestawień, raportów i analiz na potrzeby działu finansowego i sprzedaży. Wsparcie działu sprzedażowego w obsłudze zamówień, fakturowaniu oraz kontaktach z klientami. Współpraca z działem magazynowym i logistycznym w zakresie przygotowania dokumentacji wysyłek. Bieżący kontakt z biurem rachunkowym oraz dostawcami i partnerami biznesowymi. Dbanie o prawidłowy obieg dokumentów i informacji w firmie. Pomoc w przygotowaniu danych do rozliczeń, raportów i analiz sprzedażowych. Organizacyjne wsparcie działań biura (zamówienia biurowe, kontakt z kurierami, koordynacja terminów). Inne zadania administracyjne i operacyjne wspierające codzienne funkcjonowanie firmy. Oczekiwania: Wykształcenie średnie lub wyższe Podstawowa znajomość zasad księgowości i dokumentacji finansowej. Mile widziane doświadczenie w pracy z systemem Comarch ERP Optima lub podobnym. Dobra znajomość pakietu Google Workspace (Excel, Word, Google). Komunikatywność i umiejętność współpracy z różnymi działami. Zaangażowanie, samodzielność i chęć rozwoju w strukturach firmy. Mile widziana znajomość języka angielskiego na poziomie komunikatywnym. Oferujemy: Pracę w stabilnej i rozwijającej się firmie z branży beauty. Realny wpływ na funkcjonowanie biura i procesy administracyjne. Możliwość nauki obsługi systemu ERP i poznania procesów biznesowych firmy. Przyjazną atmosferę i wsparcie zespołu. Elastyczne podejście i rozwój kompetencji w zakresie finansów, logistyki i administracji.",1836,FULL_TIME,Umowa o pracę,Umowa o pracę,,,,,,NONE,,False,False,,,False,False,junior,,junior,True,,1760197417000,1760197417000,pl
kierowca-kat-c-e-CID4-ID17N8IZ,https://www.olx.pl/oferta/praca/kierowca-kat-c-e-CID4-ID17N8IZ.html,UNKNOWN,Kierowca kat. C+E,Nowosielec,"Punkt startowy pracy: Nowosielec, 08-200 Łosice Praca od poniedziałku do piątku w godzinach 6-16, polegająca na rozwożeniu skrzynek na pieczarki do lokalnych klientów zestawem typu tandem. Zadania: - transport towarów; - dbanie o stan techniczny pojazdu; - odpowiednie zabezpieczenie przewożonego towaru. Wymagania: - prawo jazdy kategorii C+E; - mile widziane doświadczenie na stanowisku kierowcy w transporcie; - ważna karta kierowcy oraz aktualne badania; - odpowiedzialność; - punktualność. Oferujemy: - umowę o pracę - atrakcyjne wynagrodzenie; Zainteresowanych kandydatów prosimy o przesłanie CV na adres email, wpisując w tytule aplikacji nazwę stanowiska oraz swoje imię i nazwisko lub kontakt telefoniczny. z o.o. na potrzeby rekrutacji, na którą obecnie aplikuję, jak również na potrzeby przyszłych rekrutacji, zgodnie z art. 6 ust. 1 lit.",849,FULL_TIME,Umowa o pracę,Umowa o pracę,,,,,,NONE,,False,False,,,False,False,,,,False,,1760197431000,1760197431000,pl
praca-kielce-lombard-kantor-loombard-pl-CID4-ID17KON0,https://www.olx.pl/oferta/praca/praca-kielce-lombard-kantor-loombard-pl-CID4-ID17KON0.html,UNKNOWN,Praca Kielce Lombard Kantor Loombard.pl,Kielce,"Oferujemy pracę na stanowisku: pracownik lombardu i kantoru w pełnym wymiarze czasu pracy na umowę o pracę. W związku z rozwojem firmy i wolnym etatem w Kielcach poszukujemy osób zainteresowanych podjęciem u nas pracy. Oferujemy: - bezpłatne praktyczne oraz merytoryczne przygotowanie do pracy poprzez szkolenie lombardowe i kantorowe - możliwość awansu, - STAŁĄ, BEZTERMINOWĄ UMOWĘ O PRACĘ, -Regularną wypłatę pensji 10, każdego miesiąca i premie. - pracę w miłym zespole. Wymagania Oczekujemy: przesłania CV ze zdjęciem lub pozostawienia w jednym z naszych punktów handlowych w Kielcach Grupa Loombard, zaświadczenia o niekaralności, biegłej obsługi komputera, znajomości środowiska Windows, oraz znajomości portali aukcyjnych i ogłoszeniowych, znajomości rynku RTV/AGD w stopniu podstawowym, zaangażowania, a przede wszystkim... chęci do pracy. Nie szukamy pracowników sezonowych. Jesteśmy zainteresowani podjęciem współpracy z osobami chcącymi współpracować z nami przynajmniej 12 miesięcy i dłużej.",1003,FULL_TIME,Umowa o pracę,Umowa o pracę,,,,,,NONE,,False,False,,,False,False,,,,False,,1760197431000,1760197431000,pl
praca-na-produkcji-ostatnie-terminy-zatrudnienia-CID4-ID17vSPJ,https://www.olx.pl/oferta/praca/praca-na-produkcji-ostatnie-terminy-zatrudnienia-CID4-ID17vSPJ.html,UNKNOWN,Praca na produkcji - ostatnie terminy zatrudnienia!,Grudziądz,Adecco jest Agencją Zatrudnienia nr 364 Aktualnie poszukujemy Kandydatek/Kandydatów do firmy z branży elektronicznej na stanowisko Praca na produkcji - ostatnie terminy zatrudnienia! Zadania: • praca stojąco/ siedząca w zależności od wykonywanych obowiązków (w większości stojąca) • obsługa komputera • prace manualne np. Szczegółowe informacje są dostępne w biurach Adecco.,374,FULL_TIME,Umowa o pracę,Umowa o pracę,,,,,,NONE,,False,False,,,False,False,,,,False,,1760197431000,1760197431000,pl
pracownik-ochrony-CID4-ID17IdtU,https://www.olx.pl/oferta/praca/pracownik-ochrony-CID4-ID17IdtU.html,UNKNOWN,pracownik ochrony,Góra Kalwaria,"pracownik ochrony na terenie Góry Kalwarii; system pracy zmianowy; wymagania - wiek do 65 lat, umiejętność obsługi urządzeń nadzoru technicznego; komunikatywność, kultura osobista, operatywność i samodzielność w działaniu; pracownik ochrony patrolu interwencyjnego w agencji ochrony na terenie Piaseczna i okolic; prawo jazdy kategorii B; wiek do 60 lat; instalator/monter systemów alarmowych, kamer i kontroli dostępu w agencji ochrony na terenie Piaseczna i okolic; wymagane doświadczenie; komunikatywność, kultura osobista, operatywność i samodzielność w działaniu; prawo jazdy kategorii B; dyżurny stacji monitorowania alarmów; system pracy zmianowy; wymagania - wiek do 60 lat, biegła obsługa komputera, umiejętność obsługi urządzeń nadzoru technicznego; komunikatywność, kultura osobista, operatywność i samodzielność w działaniu; prawo jazdy kategorii B. kontakt: 60*******31",882,FULL_TIME,"Umowa o pracę, Umowa zlecenie","Umowa o pracę, Umowa zlecenie",,,,,,NONE,,False,False,,,False,False,,,,False,,1760197517000,1760197517000,pl
kelner-kelnerka-do-restauracji-wloski-brzeg-CID4-ID17Iy7F,https://www.olx.pl/oferta/praca/kelner-kelnerka-do-restauracji-wloski-brzeg-CID4-ID17Iy7F.html,UNKNOWN,Kelner/Kelnerka do restauracji Włoski Brzeg,Ożarów Mazowiecki,"Cześć , Pierwsze urodziny restauracji Włoski Brzeg zbliżają się wielkimi krokami. Miedzy innymi z tego powodu poszerzamy ekipę! W chwili obecnej poszukujemy osób do obsługi gości. Jeżeli masz doświadczenie (bo na tym zależy nam najbardziej) , jesteś komunikatywna , uśmiechnięta i mająca głowę na karku osobą - szukamy właśnie Ciebie. Stawka: 25/h Lokalizacja: Ożarów Mazowiecki Po za wspaniałym jedzeniem posiadamy również świetną kawę i dobre wina także bariści i somelierzy mile widziani :) Czekamy na zgłoszenia i do zobaczenia w Brzegu !!!",544,FULL_TIME,"Umowa o pracę, Samozatrudnienie, Umowa zlecenie","Umowa o pracę, Samozatrudnienie, Umowa zlecenie",,,,,,NONE,,False,False,,,False,False,,,,False,,1760197544000,1760197544000,pl
kierowca-z-wlasnym-samochodem-do-przewozu-pracownikow-CID4-ID17IxJH,https://www.olx.pl/oferta/praca/kierowca-z-wlasnym-samochodem-do-przewozu-pracownikow-CID4-ID17IxJH.html,UNKNOWN,Kierowca z własnym samochodem do przewozu pracowników,Izdebnik,"OGŁOSZENIE !!! Poszukuję kierowcy z własnym samochodem do przewozu pracowników na trasie Kraków – Izdebnik – Kraków. Szczegóły: Dni pracy: poniedziałek – piątek Godzina wyjazdu: 5:15 rano przystanek 1: Kraków – Kurdwanów przystanek 2: Kraków – Zakopianka dojazd do Izdebnika, ul. Krakowska 162 Powrót: godz. 15:00 z Izdebnika przystanek: Kraków – Zakopianka przystanek końcowy: Kraków – Kurdwanów Liczba osób: 6–7 Forma współpracy: długoterminowy kontrakt Rozpoczęcie pracy: od zaraz Zainteresowanych proszę o kontakt telefoniczny: 50*******02. PS. Proszę o udostępnienie ogłoszenia.",583,PART_TIME,"Inny, Samozatrudnienie, Umowa zlecenie","Inny, Samozatrudnienie, Umowa zlecenie",,,,,,NONE,,False,False,,,False,False,,,,False,,1760197544000,1760197544000,pl
magazynier-prace-magazynowe-CID4-ID17KVq1,https://www.olx.pl/oferta/praca/magazynier-prace-magazynowe-CID4-ID17KVq1.html,UNKNOWN,Magazynier/Prace magazynowe,"Mikołów, Centrum",Opis Praca na magazynie firmy produkcyjnej Miejsce pracy: Mikołów Region: śląskie Opis stanowiska: · przyjmowanie i wydawanie towaru · nadawanie wysyłek paletowych · obsługa czytnika kodów · obsługa wózka widłowego i paleciaka · współpraca z działem czyszczenia produktów · współpraca z działem zamówień Wymagania: . mile widziane uprawnienia na wózek widłowy · status studenta lub ucznia (mile widziane) · umiejętność komunikacji i sprawnego działania w zespole · chęci i motywacja do prac magazynowych · dobra organizacja pracy · zaangażowanie Oferujemy: · elastyczne zatrudnienie . atrakcyjne wynagrodzenie · możliwość zatrudnienia po ukończeniu studiów dla najlepszych pracowników,684,FULL_TIME,Umowa o pracę,Umowa o pracę,,,,,,NONE,,False,False,,,False,False,,,,False,,1760197544000,1760197544000,pl
c-k-browar-krakow-zatrudni-na-stanowisko-kelnerka-CID4-ID17D102,https://www.olx.pl/oferta/praca/c-k-browar-krakow-zatrudni-na-stanowisko-kelnerka-CID4-ID17D102.html,UNKNOWN,C.K Browar Kraków zatrudni na stanowisko : Kelner[ka],"Kraków, Stare Miasto","Restauracja C.K Browar ( Kraków ) zatrudni na stanowisko : Kelner[ka] Jeśli jesteś osobą pozytywną, uśmiechniętą, komunikatywną i zaangażowaną dołącz do naszego zespołu! Oferujemy : - Stawkę godzinową 30,50 netto ( status ucznia lub studenta ) -Premie zadaniowe itp. - Stałą pracę Wymagamy : - Dyspozycyjności - Znajomość języka angielskiego",341,FULL_TIME,Umowa zlecenie,Umowa zlecenie,,,,,,NONE,,False,False,,,False,False,,,,False,,1760197558000,1760197558000,pl
higienistka-stomatologiczna-CID4-ID14GJgS,https://www.olx.pl/oferta/praca/higienistka-stomatologiczna-CID4-ID14GJgS.html,UNKNOWN,higienistka stomatologiczna,Gniewkowo,"Dzień dobry! Poszukujemy higienistki/ higienisty do naszego gabinetu stomatogicznego, zlokalizowanego w Gniewkowie, pomiędzy Toruniem a Inowrocławiem. Oczekujemy: - umiejętności wykonywania samodzielnych zabiegów higinizacyjnych. - bezkonfliktowego charakteru - dyspozycyjności, szczególnie środy i piątki Oferujemy: - pracę na umow zlecenie lub B2B - nowoczesny sprzęt do przeprowadzania zabiegów Proszę o przesłanie CV",420,UNKNOWN,Inny,Inny,,,,,,NONE,,False,False,,,False,False,,,,False,,1760197573000,1760197573000,pl
fakturzystka-w-pralni-CID4-ID17KUwm,https://www.olx.pl/oferta/praca/fakturzystka-w-pralni-CID4-ID17KUwm.html,UNKNOWN,Fakturzystka w pralni,"Warszawa, Żoliborz","Pralnia Clarissimo zatrudni osobę do wystawiania faktur, dokumentów przyjęcia i wydania towaru. Obsługa kasy fiskalnej. Miejsce wykonywania pracy - Warszawa Żoliborz",165,FULL_TIME,Umowa o pracę,Umowa o pracę,,,,,,NONE,,False,False,,,False,False,,,,False,,1760197572000,1760197572000,pl
spedytor-miedzynarodowy-CID4-ID17L7cw,https://www.olx.pl/oferta/praca/spedytor-miedzynarodowy-CID4-ID17L7cw.html,UNKNOWN,Spedytor międzynarodowy,Olsztyn,"Firma Silva działająca w branży transportowej poszukuje do swojego zespołu osoby na stanowisko: Spedytor międzynarodowy Zakres obowiązków: Organizacja oraz nadzór transportu Kontrola przebiegu zleceń Kompleksowa obsługa zleceń oraz dbanie o ich jakość i terminowość Współpraca z firmami zewnętrznymi Współpraca oraz utrzymywanie dobrych relacji z klientami Sporządzanie dokumentów wysyłkowych Wymagania: Znajomość języka niemieckiego w stopniu komunikatywnym Znajomość języka angielskiego w stopniu komunikatywnym Znajomość branży TSL będzie dodatkowym atutem Wysokie zdolności komunikacyjne i interpersonalne Elastyczność, kreatywność i umiejętność szybkiego podejmowania decyzji Umiejętność logicznego myślenia i dbałość o szczegóły Samodzielność Umiejętności pracy pod presją czasu Oferujemy: Atrakcyjne warunki pracy Przyjazną atmosferę w pracy Pracę w młody i dynamiczny zespole Niezbędne narzędzia do pracy Możliwość rozwoju zawodowego Możliwość pogłębiania doświadczeń w pracy z partnerami zagranicznymi",1010,FULL_TIME,Samozatrudnienie,Samozatrudnienie,,,,,,NONE,,False,False,,,False,False,,,,False,,1760197610000,1760197610000,pl
zastepca-prezesa-ds-technicznych-CID4-ID17KJkG,https://www.olx.pl/oferta/praca/zastepca-prezesa-ds-technicznych-CID4-ID17KJkG.html,UNKNOWN,Zastępca Prezesa ds. Technicznych,"Gdańsk, Oliwa","Rada Nadzorcza Robotniczej Spółdzielni Mieszkaniowej „Budowlani” w Gdańsku ogłasza konkurs na stanowisko Zastępcy Prezesa ds. technicznych Wymagania niezbędne: 1. Wykształcenie wyższe (techniczne). 2. Co najmniej dziesięcioletni staż pracy, w tym 5 lat pracy na stanowisku kierowniczym (w sektorze budowlanym lub pokrewnym). 3. Uprawnienia budowlane. 4. Znajomość prawa spółdzielczego oraz zasad funkcjonowania spółdzielni mieszkaniowej. 5. Podstawowa wiedza z zakresu prowadzenia procesu inwestycyjnego i prawa zamówień publicznych. 6. Aktualne zaświadczenie o niekaralności. 7. Brak przeciwskazań zdrowotnych do pracy na stanowisku kierowniczym, które potwierdza aktualne zaświadczenie lekarza medycyny pracy. 8. Dyspozycyjność. 9. Posiadanie pełnej zdolności do czynności prawnych. Wymagania dodatkowe: 1. Umiejętność kierowania zespołem. 2. Zdolności interpersonalne, w szczególności umiejętność kontaktu z klientem, prowadzenia negocjacji i mediacji. Oferty kandydatów powinny zawierać: 1. CV. 2. List motywacyjny. 3. Kopię odpisu dyplomu studiów wyższych. 4. Kopie dokumentów zaświadczających staż pracy. 5. Zaświadczenie lekarskie. 6. Zaświadczenie o niekaralności. 7. Oświadczenie o nie pozostawaniu w związku małżeńskim, w stosunku pokrewieństwa lub powinowactwa z członkiem Rady Nadzorczej. 8. Oświadczenie o posiadaniu pełnej zdolności do czynności prawnych. 9. Oferty należy składać w zaklejonej kopercie w sekretariacie RSM Budowlani przy Al. Grunwaldzkiej 569 w Gdańsku z dopiskiem „Konkurs na stanowisko Zastępcy Prezesa RSM „Budowlani” do dnia 24.10.2025 r. do godz. 14:00. Rada Nadzorcza zastrzega sobie prawo do kontaktu tylko z wybranymi kandydatami.",1669,FULL_TIME,Umowa o pracę,Umowa o pracę,,,,,,NONE,,False,False,,,False,False,,5.0,senior,True,,1760197640000,1760197640000,pl
inzynier-ds-systemow-emisyjnych-CID4-ID17LWBO,https://www.olx.pl/oferta/praca/inzynier-ds-systemow-emisyjnych-CID4-ID17LWBO.html,UNKNOWN,Inżynier ds. Systemów Emisyjnych,"Warszawa, Mokotów","CANAL+ Polska jest wiodącym wydawcą oraz nadawcą kanałów telewizyjnych jak również agregatorem oraz drugim największym dystrybutorem pakietów płatnej telewizji w Polsce. CANAL+ to nowoczesna oferta, w której znajdziesz prestiżowe wydarzenia sportowe, gorące premiery filmowe, seriale CANAL+, produkcje dokumentalne, kulinarne, wnętrzarskie oraz programy dla dzieci. CANAL+ to również przyjazne technologie, dzięki którym użytkownik może korzystać z bogatej oferty programowej w sposób dopasowany do swoich indywidualnych potrzeb, w tym w serwisie streamingowym CANAL+. Twój zakres obowiązków Wdrażanie i konfigurowanie systemów emisyjnych (Playout) – serce naszych kanałów telewizyjnych Projektowanie i implementacja torów emisyjnych w oparciu o technologie SDI, MPEG Transport Stream, IP 2110 Udział w rozwoju i modyfikacjach istniejących systemów emisyjnych Współpraca z największymi producentami technologii broadcastowej w celu wyboru i wdrażania najlepszych rozwiązań Tworzenie i aktualizacja dokumentacji oraz procedur dla I linii wsparcia Wsparcie operacyjne jako ekspert w obszarze systemów emisyjnych Monitorowanie infrastruktury i szybkie reagowanie na awarie, w tym kontakt z globalnym supportem producentów Współudział w testach i wdrażaniu nowych projektów technologicznych Nasze wymagania Wykształcenie wyższe (preferowane kierunki elektroniczne lub telekomunikacyjne) Znajomość języka angielskiego na poziomie co najmniej B1, w tym słownictwa technicznego Praktyczne umiejętności w zakresie obsługi systemów emisyjnych Podstawowa znajomość pracy z serwerami opartymi na oprogramowaniu MS Server Biegła obsługa komputera oraz pakietu MS Office Dyspozycyjność i gotowość do okazjonalnej pracy zmianowej Odporność na stres związany z pracą w dynamicznym środowisku telewizyjnym Doświadczenie w tworzeniu zarządzaniu systemami emisyjnymi Doświadczenie i znajomość technologii SDI, Mpeg Transport Stream, IP 2110 Mile widziane Doświadczenie w pracy na podobnym stanowisku Znajomość systemów emisyjnych Ogólna orientacja w technologii i rynku usług telewizyjnych Otwartość do rozwoju i poszerzania wiedzy Oferujemy Stabilne zatrudnienie na umowę o pracę Cenne i unikalne doświadczenie zawodowe Pracę w dynamicznym zespole pasjonatów nowych technologii, sportu, filmu i seriali Kulturę organizacyjną opartą na współpracy, zaufaniu i koleżeństwie Prywatną opiekę medyczną Ubezpieczenie na życie i ubezpieczenie podróży Kartę Multisport, platformę Multilife, platformę Mindgram Kartę lunchową Kafeterię benefitów Dostęp do bogatej oferty telewizyjnej CANAL+ (CANAL+ Online, pakiet telewizji satelitarnej) Dofinansowanie nauki j. obcych, wewnętrzną platformę szkoleniową Dofinansowanie do wypoczynku Firmowe drużyny sportowe Masaże w biurze, parking dla pracowników i inne O nas W CANAL+ wzbogacamy życie i wierzymy, że rozrywka to więcej niż tylko dobra zabawa i wypełnianie wolnego czasu. Promujemy szacunek, dbamy o ekologię i wspieramy edukację. Niezależnie od tego, skąd pochodzisz, w jakim jesteś wieku, jakiej jesteś płci, orientacji czy przekonań, cenimy to, kim jesteś. Dla nas liczy się to, czy podzielasz nasze idee i jak możesz pomóc nam je realizować. W CANAL+ stawiamy na ludzi proaktywnych, którzy z determinacją i zaangażowaniem będą zmieniali zastaną rzeczywistość. Zależy nam na współpracy z przedsiębiorczymi i dynamicznymi osobami, pełnymi optymizmu i pozytywnej energii, które w innowacyjny sposób podejdą do stawianych przed nimi zadań. Cenimy ludzi, którzy są gotowi kwestionować istniejące rozwiązania, myśleć nieszablonowo, przesuwać granice, zmieniać niemożliwe w rzeczywistość oraz potrafią szybko dostosowywać się do zmian. CANAL+ jest pracodawcą równych szans, doceniamy różnorodność w zakresie wiedzy i doświadczenia naszych pracowników. Każdy jest u nas mile widziany i tak samo ważny, niezależnie od płci, wieku, pochodzenia, przekonań czy orientacji. Jeśli te wszystkie wartości są Ci bliskie oraz chcesz, aby Twoja pasja i talenty pozwalały Ci rozwijać się razem z nami, z niecierpliwością czekamy na Ciebie! Nie możemy się doczekać, by poznać Twój punkt widzenia. z siedzibą w Warszawie (02-758), al. gen. W. Sikorskiego 9, zawartych w przekazanym CV na potrzeby prowadzonego procesu rekrutacji”. Informujemy, że mają Państwo prawo do wglądu w treść Państwa danych i ich usuwania oraz poprawiania. Podanie danych jest dobrowolne.",4369,FULL_TIME,Umowa o pracę,Umowa o pracę,,,,,,NONE,,False,False,,,False,False,,,,False,,1760197668000,1760197668000,pl
pracownik-biurowo-magazynowy-CID4-IDPZ7gL,https://www.olx.pl/oferta/praca/pracownik-biurowo-magazynowy-CID4-IDPZ7gL.html,UNKNOWN,Pracownik biurowo - magazynowy,Bełchatów,"Firma TRAGER, to firma do której możesz dołączyć w roli pracownika biurowo-magazynowego, który zapewnia codzienne funkcjonowanie biura i magazynu. Zapoznaj się z naszym ogłoszeniem jeśli uważasz, że poradzisz sobie z zadaniami na tym stanowisku, a opisane cechy przedstawiają ciebie. Jesteśmy firmą zajmującą się m.in obsługą wyposażenia znanej sieci sklepów spożywczych. Oferujemy umowę o pracę na etat. Kontakt od poniedziałku do piątku w godzinach 08:00 - 16:00 Wymagania : obsługa komputera, a w szczególności arkusz kalkulacyjny Excel konieczne prawo jazdy i doświadczenie w prowadzeniu samochodu umiejętność pracy w zespole umiejętność analitycznego myślenia i rozwiązywania problemów Zakres obowiązków : praca w biurze i praca na hali wystawianie dokumentów systemowych współpraca z klientami inne prace biurowe związane z działalnością nadzór nad magazynem kontrola stanów magazynowych inne prace magazynowe",915,FULL_TIME,Umowa o pracę,Umowa o pracę,,,,,,NONE,,False,False,,,False,False,,,,False,,1760197776000,1760197776000,pl
szwaczka-firma-meble-gruszka-CID4-ID17HNoH,https://www.olx.pl/oferta/praca/szwaczka-firma-meble-gruszka-CID4-ID17HNoH.html,UNKNOWN,Szwaczka - Firma Meble Gruszka,Wieruszów,"Firma Meble Gruszka poszukuje pracowników na stanowisku szwaczka maszynowa Oferujemy: Interesującą pracę w dynamicznym zespole i nowoczesnej, rozwijającej się firmie, Wszechstronny rozwój na wielu płaszczyznach wiedzy i umiejętności, Pracę w oparciu o umowę o pracę, Atrakcyjne wynagrodzenie oraz stałe godziny pracy. Już dziś dołącz do MEBLE GRUSZKA, serdecznie zapraszamy! Miejsce pracy: Siedziba firmy: 98-400 Wieruszów, Mirków 6D Kontakt: Osoby zainteresowane ofertą pracy prosimy o kontakt pod numerem telefonu: 57*******87 bądź osobiście w siedzibie firmy.",562,FULL_TIME,Umowa o pracę,Umowa o pracę,,,,,,NONE,,False,False,,,False,False,,,,False,,1760197776000,1760197776000,pl
kelner-kelnerka-praca-weekendowa-CID4-ID13LFYO,https://www.olx.pl/oferta/praca/kelner-kelnerka-praca-weekendowa-CID4-ID13LFYO.html,UNKNOWN,Kelner/kelnerka - praca weekendowa,Łąka Prudnicka,Praca w restauracji hotelu Biała Akacja w Łące Prudnickiej. Obowiązki: Obsługa klienta i przyjmowanie zamówień Praca na stanowisku barmana i obsługa baru Przygotowywanie prostych napojów i koktajli Utrzymanie czystości i porządku w miejscu pracy Serwowanie zamówień do stolików Rozliczanie klientów Wymagania: Podstawowe umiejętności matematyczne Dobre maniery i kultura osobista Podstawowa znajomość języka angielskiego Odpowiedzialność i pracowitość Chęć nauki i rozwoju,472,PART_TIME,Umowa zlecenie,Umowa zlecenie,,,,,,NONE,,False,False,,,False,False,,,,False,,1760197806000,1760197806000,pl
zbieracz-pieczarek-CID4-ID11CBUJ,https://www.olx.pl/oferta/praca/zbieracz-pieczarek-CID4-ID11CBUJ.html,UNKNOWN,Zbieracz pieczarek,Mrągowo,Pieczarkarnia z okolic Mrągowa (Użranki) poszukuje osoby na stanowisko: zbieracz pieczarek. Opis stanowiska Praca polega na zbieraniu i sortowaniu pieczarek. Praca wykonywana jest w halach produkcyjnych. Doświadczenie nie jest wymagane. Zatrudnienie całoroczne na podstawie umowy o pracę. Brak pracy zmianowej. Możliwość organizacji dojazdu do pracy. Miejsce wykonywania pracy: Użranki Osoby zainteresowane prosimy o przesłanie CV lub kontakt telefoniczny pod numerem telefonu: 51*******18,489,FULL_TIME,Umowa o pracę,Umowa o pracę,,,,,,NONE,,False,False,,,False,False,,,,False,,1760197820000,1760197820000,pl
specjalista-ds-przygotowania-produkcji-CID4-ID17KP38,https://www.olx.pl/oferta/praca/specjalista-ds-przygotowania-produkcji-CID4-ID17KP38.html,UNKNOWN,Specjalista ds. przygotowania produkcji,Opole,"Opis Dobra Praca szuka Fajnego Człowieka !!! :) Jesteśmy firmą, która zajmuje się projektowaniem oraz produkcją systemów oddzieleń przeciwpożarowych. Szukamy Ludzi do naszego Zespołu w DFM !!! Miejsce pracy: Opole Co możemy zaoferować? *Umowę o pracę na pełen etat; *Dodatkową prywatną opiekę lekarską LUX MED; *Atrakcyjne warunki ubezpieczenia grupowego; *Kartę MultiSport; *Dofinansowanie do wypoczynku; *Dodatki świąteczne; *Wynagrodzenie zawsze na czas; *Po 3 miesięcznym okresie próbnym możliwość przyznania premii (wynagrodzenie wzrasta wraz ze stażem pracy); *Pracę od poniedziałku od piątku ( 1 zmiana ) *Możliwość rozwoju/awansu; *Atmosferę opartą na zaufaniu i współpracy; *Imprezy integracyjne. Stanowisko: Specjalista ds. przygotowania produkcji ZAKRES: Przygotowywanie danych i kalkulacji na potrzeby prowadzenia oraz rozliczenia procesu produkcyjnego; Analiza planów produkcyjnych pod kątem dostępności surowców; Zarządzanie zapasami; Udoskonalenie w/w procesów; Współpraca z innymi działami firmy w zakresie realizacji procesu produkcji. Dołączając do nas, zyskujesz nie tylko wartościowe doświadczenie i umiejętności, zyskujesz również Zespół, na którym możesz polegać oraz możliwość rozwoju. Ustaw z 2018, poz. Skontaktujemy się z wybranymi Kandydatami.",1270,FULL_TIME,Umowa o pracę,Umowa o pracę,,,,,,NONE,,False,False,,,False,False,mid,,mid,True,,1760197820000,1760197820000,pl
specjalista-ds-sprzedazy-seo-praca-zdalna-CID4-ID17NAyU,https://www.olx.pl/oferta/praca/specjalista-ds-sprzedazy-seo-praca-zdalna-CID4-ID17NAyU.html,UNKNOWN,Specjalista ds. Sprzedaży SEO (praca zdalna),Bydgoszcz,"Lokalizacja: praca zdalna 100% Forma zatrudnienia: umowa o pracę lub kontrakt B2B (do uzgodnienia) System wynagrodzeń: podstawa + premia za osiągnięte wyniki w sprzedaży Firma: Virtual Development sp.j. (vd.pl) – 20‑letnia agencja SEO O nas Od dwóch dekad pomagamy firmom zwiększać widoczność w wyszukiwarkach, projektując strategie SEO oparte na danych i doświadczeniu. Twarzą naszej marki jest Przemysław Saleta. Jako zespół Virtual Development wierzymy w partnerskie relacje z klientami i jasne, mierzalne rezultaty. Rozszerzamy dział sprzedaży, dlatego szukamy osoby, która pomoże nam docierać do nowych firm i zamieniać kontakty w długofalową współpracę. Zakres zadań Aktywne pozyskiwanie klientów: telefoniczne i mailowe nawiązywanie kontaktu z firmami zainteresowanymi marketingiem online. Prospecting i budowa relacji: samodzielne wyszukiwanie firm, z którymi warto współpracować, a następnie rozwijanie relacji przez telefon/wideokonferencje i przygotowywanie strategii ofertowych. Przygotowywanie ofert: dopasowywanie oferty do potrzeb klienta oraz tworzenie wstępnych audytów. Domykanie umów i raportowanie: dopinanie kontraktów, ustalanie warunków, negocjacje i bieżące raportowanie rezultatów do przełożonych. Współpraca z zespołem operacyjnym: przekazywanie pozyskanych klientów zespołowi SEO oraz udział w szkoleniach z zakresu produktów i sprzedaży. Nasze wymagania Minimum roczne doświadczenie w pozyskiwaniu klientów B2B lub sprzedaży usług marketingu internetowego (cold‑calling, prospecting). Bardzo dobra komunikatywność, umiejętność słuchania i dopasowywania oferty do potrzeb klienta. Proaktywne nastawienie, konsekwencja i samodyscyplina oraz gotowość do pracy na celach. Znajomość podstaw SEO i marketingu internetowego (nie musisz być specjalistą technicznym – przeszkolimy Cię). Umiejętność organizacji pracy własnej i pracy zdalnej; odporność na odmowy i chęć ciągłego rozwoju. Mile widziane doświadczenie w CRM. Co oferujemy Atrakcyjne wynagrodzenie: stała podstawa plus premie i prowizje uzależnione od wyników. Praca w 100% zdalna: pełen etat Szkolenia i wsparcie: pełne wdrożenie w produkt i procesy sprzedaży, dostęp do szkoleń rozwojowych oraz wsparcie merytoryczne doświadczonych handlowców. Gotowa baza leadów: otrzymasz bazę potencjalnych klientów oraz nowoczesne narzędzia CRM do ich obsługi. Kultura pracy: partnerskie relacje i nieformalna atmosfera. Jak aplikować Jeżeli czujesz, że sprzedaż i marketing internetowy to Twój świat, a dodatkowo chcesz mieć realny wpływ na rozwój klientów i własne zarobki, prześlij CV i kilka zdań o sobie. Skontaktujemy się z wybranymi kandydatami i umówimy rozmowy on‑line. Dołącz do naszego zespołu i wspólnie rozwijajmy firmy w sieci!",2711,FULL_TIME,"Umowa o pracę, Samozatrudnienie","Umowa o pracę, Samozatrudnienie",1.0,,,,,NONE,,False,False,,,False,False,mid,,mid,True,,1760198588000,1760198588000,pl
montazysta-rolet-dekoracji-okiennych-CID4-ID17K4ug,https://www.olx.pl/oferta/praca/montazysta-rolet-dekoracji-okiennych-CID4-ID17K4ug.html,UNKNOWN,"Montażysta rolet, dekoracji okiennych","Łódź, Górna","Łódź Górna Praca od poniedziałku do piątku - pełny lub niepełny etat O firmie: Jesteśmy firmą z branży dekoracji okiennych, która od lat pomaga klientom tworzyć piękne, funkcjonalne wnętrza. Montujemy rolety, zasłony, karnisze i inne elementy dekoracyjne, dbając o każdy detal. Szukamy osoby, która: • posiada prawo jazdy kat. B, • ma zmysł techniczny i lubi majsterkować, • szybko się uczy i nie boi się nowych wyzwań, • potrafi pracować w zespole, • ma po prostu chęć do pracy i pozytywne nastawienie Mile widziane: • doświadczenie w branży dekoracji okiennych, montażu rolet, tekstyliów Oferujemy • Stabilne zatrudnienie (umowa o pracę lub inna forma – do ustalenia), • Pracę od poniedziałku do piątku – weekendy wolne, • Możliwość pełnego lub niepełnego etatu, • Przyjazną atmosferę w zgranym i pomocnym zespole, • Dobre warunki pracy i wsparcie we wdrożeniu, Jeśli czujesz, że to coś dla Ciebie – wyślij nam krótkie zgłoszenie (CV mile widziane, ale nie wymagane). Wystarczy, że napiszesz kilka słów o sobie i zostawisz kontakt telefoniczny. Dołącz do nas i pomóż nam tworzyć piękne realizacje!",1099,FULL_TIME,"Inny, Umowa o pracę, Umowa zlecenie","Inny, Umowa o pracę, Umowa zlecenie",,,,,,NONE,,False,False,,,False,False,,,,False,,1760198602000,1760198602000,pl
pracownik-biurowy-pomoc-w-dziale-kadr-i-plac-CID4-ID17Nb4K,https://www.olx.pl/oferta/praca/pracownik-biurowy-pomoc-w-dziale-kadr-i-plac-CID4-ID17Nb4K.html,UNKNOWN,Pracownik biurowy/ pomoc w dziale kadr i płac,"Katowice, Wełnowiec-Józefowiec","Pracownik biurowy/ pomoc w dziale kadr i płac Opis stanowiska: Wprowadzanie i wystawianie faktur oraz rozliczanie płatności w systemie Symfonia – Handel Współpraca z firmami transportowymi, kurierskimi i spedycyjnymi, obsługa programów do wysyłki paczek. Zakładanie i prowadzenie teczek osobowych pracowników, Pomoc w przygotowywaniu dokumentów kadrowo-płacowych, Wspieranie Działu Kadr i Płac w codziennej pracy, Wymagania: wykształcenie minimum średnie dobra znajomość obsługi komputera oraz urządzeń biurowych umiejętność obsługi programu Office prawo jazdy kat. B mile widziana znajomość j. angielskiego jesteśmy też zainteresowani kandydatami bez doświadczenia Oferujemy: zatrudnienie na umowę o pracę pracę w przyjaznej atmosferze, wsparcie ze strony doświadczonych pracowników, możliwość rozwoju zawodowego.",814,FULL_TIME,Umowa o pracę,Umowa o pracę,,,,,,NONE,,False,False,,,False,False,,,,False,,1760198601000,1760198601000,pl
web-front-end-developer-designer-praktyki-CID4-ID17IpOG,https://www.olx.pl/oferta/praca/web-front-end-developer-designer-praktyki-CID4-ID17IpOG.html,UNKNOWN,Web (Front-end) Developer/Designer - praktyki,"Kraków, Stare Miasto","Szukamy praktykanta/ki do wsparcia zespołu w start-upie PortfolYou. Jeśli chcesz współtworzyć produkt SaaS od wczesnego etapu i realnie wpływać na działanie produktu, to miejsce dla Ciebie. Po ukończeniu zapewniamy referencje oraz certyfikat ukończenia praktyk. Praktyki są bezpłatne. Wymagane umiejętności/technologie: HTML/CSS JavaScript/TypeScript (w stopniu umożliwiającym tworzenie prostych interaktywnych elementów UI) Kontrola wersji, preferowany Git Mile widziane: Svelte Znajomość innych frameworków UI (React, Angular, Vue) Używanie i troubleshooting narzędzi buildujących w ekosystemie JS (npm, pnpm, Webpack, Vite itp.) Node.js Biblioteki/frameworki CSS (np. Tailwind) Umiejętności w zakresie UI designu oraz tworzenia prostych assetów graficznych Organizacja praktyk: Praktyki realizujemy zdalnie, a godziny są elastyczne i ustalane indywidualnie, tak aby łączyć wymagania projektu z dostępnością praktykanta. Stałym elementem współpracy są krótkie, regularne spotkania online z leadem developmentu kilka razy w tygodniu, podczas których planujemy pracę, weryfikujemy postępy i usuwamy blokery. Pracujemy w przejrzystym modelu kanbanowym: każde zadanie ma jasno określony status, priorytet i kryteria ukończenia. Kod przechodzi dogłębne code review pod kątem jakości, czytelności, testowalności i bezpieczeństwa. W razie potrzeby stosujemy pair-programming, aby szybciej rozwiązywać złożone problemy i uczyć dobrych praktyk w praktyce.",1448,PART_TIME,Praktyka / staż,Praktyka / staż,1.0,,,,,NONE,,False,False,,,False,False,intern,,intern,True,,1760198617000,1760198617000,pl
magazynier-startup-kosmetyczny-CID4-ID17EQfR,https://www.olx.pl/oferta/praca/magazynier-startup-kosmetyczny-CID4-ID17EQfR.html,UNKNOWN,Magazynier Start'up Kosmetyczny,"Warszawa, Białołęka","Lubisz mieć wszystko pod kontrolą, a porządek i dobra organizacja to Twoje drugie imię? Chcesz pracować w firmie, która tworzy wyjątkowe, naturalne kosmetyki, a do tego dba o świetną atmosferę i rozwój pracowników? Dołącz do nas jako Magazynier z elementami Obsługi Klienta! Twoje zadania: Pakowanie i kompletowanie zamówień dla klientów indywidualnych i hurtowych (butiki, sklepy partnerskie, hotele), Obsługa systemu magazynowego i drukowanie dokumentów wysyłkowych, Utrzymywanie porządku i kontrola stanów magazynowych, Przyjmowanie dostaw i kontrola jakości towarów, Kontakt mailowy i telefoniczny z klientami – odpowiadanie na zapytania, potwierdzanie zamówień, rozwiązywanie problemów, Współpraca z zespołem produkcji i sprzedaży Kogo szukamy? Osoby dobrze zorganizowanej i odpowiedzialnej, Komunikatywnej – nie boisz się kontaktu z klientem i zespołem, Z doświadczeniem w pracy magazynowej lub e-commerce (mile widziane), Znającej podstawy obsługi komputera i pakietu Office, Gotowej do pracy fizycznej, dokładnej i zaangażowanej. Co oferujemy? Stabilną pracę w szybko rosnącej firmie z naturalnymi kosmetykami, Realny wpływ na organizację pracy magazynu i rozwój procesów, Zniżki na nasze produkty i dostęp do nowości jako pierwszy/a, przyjazną atmosferę i wsparcie zespołu, dużą samodzielność i wpływ na organizację pracy Jeśli lubisz pracę w ruchu, nie boisz się wyzwań i chcesz być częścią marki, która tworzy piękne rzeczy z pasją – dołącz do nas! Zobacz, jak wygląda świat kosmetyków naturalnych od zaplecza i pomóż nam sprawiać, że każde zamówienie trafia do klientów z uśmiechem!",1594,FULL_TIME,"Umowa o dzieło, Umowa o pracę, Umowa zlecenie","Umowa o dzieło, Umowa o pracę, Umowa zlecenie",,,,,,NONE,,False,False,,,False,False,,,,False,,1760198616000,1760198616000,pl
event-manager-the-one-warsaw-CID4-ID17KTjz,https://www.olx.pl/oferta/praca/event-manager-the-one-warsaw-CID4-ID17KTjz.html,UNKNOWN,Event Manager The One Warsaw,"Warszawa, Śródmieście","Lubisz tworzyć wydarzenia, które pozostają w pamięci? Masz świetną organizację, kreatywność i potrafisz działać pod presją czasu? Jeśli tak — szukamy właśnie Ciebie! Zakres obowiązków: Kompleksowe planowanie, koordynacja i realizacja eventów (od koncepcji po wykonanie) Współpraca z działem marketingu, zespołem operacyjnym i podwykonawcami Tworzenie harmonogramów i budżetów wydarzeń Nadzór nad produkcją eventów Budowanie relacji z partnerami i sponsorami Stałe podnoszenie jakości wydarzeń Czego oczekujemy: Minimum 2 lata doświadczenia w organizacji eventów (klubowych, gastronomicznych, korporacyjnych ) Umiejętności pracy z wieloma projektami jednocześnie Samodzielności, i odpowiedzialności Kreatywności oraz otwartości na niestandardowe rozwiązania Dobrej znajomości języka angielskiego Oferujemy: Realny wpływ na kształt wyjątkowych wydarzeń Pracę w inspirującym środowisku, w samym sercu Warszawy Wynagrodzenie dopasowane do doświadczenia i zaangażowania Świetną atmosferę i zgrany zespół Jeśli szukasz wyzwań chcesz pracować w nowym nieszablonowym miejscu w centrum Warszawy, wyślij do nas swoje CV wraz ze zdjęciem za pośrednictwem portalu. Informujemy, że skontaktujemy się jedynie z wybranymi kandydatami.",1219,FULL_TIME,Inny,Inny,,,,,,NONE,,False,False,,,False,False,manager,2.0,manager,True,,1760198616000,1760198616000,pl
przedszkole-poradnia-ala-ma-kota-zatrudni-terapeute-si-CID4-ID174Ww0,https://www.olx.pl/oferta/praca/przedszkole-poradnia-ala-ma-kota-zatrudni-terapeute-si-CID4-ID174Ww0.html,UNKNOWN,Przedszkole / Poradnia Ala ma kota zatrudni terapeutę SI,"Warszawa, Ochota","Niepubliczne Przedszkole / Niepubliczna Poradnia Psychologiczno-Pedagogiczna ALA MA KOTA zatrudni TERAPEUTĘ INTEGRACJI SENSORYCZNEJ do placówki: Wawer / Anin Wymagania: • Absolwent studiów wyższych (kierunek: psychologia, pedagogika, pedagogika specjalna, logopedia, fizjoterapia, rehabilitacja) • Kurs II stopnia / Studia Podyplomowe z Integracji Sensorycznej ukończony egzaminem i uzyskaniem certyfikatu terapeuty SI • Doświadczenie w pracy z Dziećmi Zakres obowiązków: • Prowadzenie zajęć terapii Integracji Sensorycznej z Dziećmi w wieku przedszkolnym • Ocena rozwoju procesów integracji sensorycznej • Systematyczne prowadzenie obowiązującej dokumentacji Oferujemy: • Atrakcyjne wynagrodzenie • Możliwość dostosowania dni i czasu pracy • Pracę w stabilnej firmie, w zespole zaangażowanych terapeutów i nauczycieli • Pracę w pełni wyposażonej sali • Miłą atmosferę. Dereniowa 2/9, 02-776 Warszawa w celach rekrutacyjnych. Dane osobowe przetwarzane będą na podstawie art. 6 ust. 1 lit. U. UE.L.2016.119.1 z dnia 4 maja 2016 r.).",1031,PART_TIME,"Samozatrudnienie, Umowa zlecenie","Samozatrudnienie, Umowa zlecenie",,,,,,NONE,,False,False,,,False,False,,,,False,,1760198617000,1760198617000,pl
doradca-w-centrum-wina-ul-pulawska-336-warszawa-pelen-etat-CID4-ID17Khjg,https://www.olx.pl/oferta/praca/doradca-w-centrum-wina-ul-pulawska-336-warszawa-pelen-etat-CID4-ID17Khjg.html,UNKNOWN,"Doradca w Centrum Wina - ul. Puławska 336, Warszawa - Pełen etat","Warszawa, Ursynów","Sieć specjalistycznych sklepów CENTRUM WINA oferuje klientom wina z ponad 50 regionów świata. Nieważne ile masz lat, jeżeli jesteś ciekawy świata, emanujesz pozytywną energią, lubisz pracę z ludźmi, a do nowych wyzwań podchodzisz z pasją i uśmiechem, to szukamy właśnie CIEBIE! Aktualnie poszukujemy osoby na stanowisko: DORADCA W SKLEPIE CENTRUM WINA - Praca w dwóch lokalizacjach: ul. Puławska 336, 02-819 Warszawa oraz CH Westfield Mokotów, ul. Wołoska 12, 02-675 Warszawa. Praca na pełen etat. JAKIE ZADANIA CZEKAJĄ NA CIEBIE? Obsługa klientów i wsparcie w doborze wina oraz innych alkoholi premium Realny wpływ na realizację planów sprzedażowych Dbanie o ekspozycję i uzupełnianie asortymentu Utrzymanie porządku i czystości w sklepie Utrzymywanie pozytywnego wizerunku firmy i dobrych relacji z klientami JAKIE SĄ NASZE OCZEKIWANIA? Uśmiech i pozytywne nastawienie Inicjatywa i zaangażowanie Łatwość w nawiązywaniu kontaktów z klientami Chęć do nauki i otwartość na zdobywanie wiedzy o winie (i nie tylko) Doświadczenie w bezpośredniej obsłudze klienta będzie dodatkowym atutem JAKIE KORZYŚCI OFERUJEMY? Współpracę na dłużej w oparciu o umowę o pracę System premiowy uzależniony od wyników zespołu Bogaty pakiet benefitów m.in. karta MultiSport, prywatna opieka medyczna, dofinansowanie do wypoczynku Szkolenia umożliwiające zdobycie wiedzy winiarskiej od podstaw z możliwością jej ciągłego pogłębiania Szkolenia produktowe połączone z degustacją Rozwój kompetencji sprzedażowych i jakości obsługi klienta Jasną i rozpisaną ścieżkę rozwoju zawodowego Zapraszamy do naszego zespołu w pełną przygód podróż po aromatach całego świata!",1637,FULL_TIME,Umowa o pracę,Umowa o pracę,,,,,,NONE,,False,False,,,False,False,,,,False,,1760198632000,1760198632000,pl
specjalista-ds-administracji-specjalista-do-ds-kadr-CID4-ID17KOJ1,https://www.olx.pl/oferta/praca/specjalista-ds-administracji-specjalista-do-ds-kadr-CID4-ID17KOJ1.html,UNKNOWN,Specjalista ds. administracji / specjalista do ds. kadr,Kościelna Wieś,"Firma MOBILIA TRANSPORT Spółka z ograniczoną odpowiedzialnością jest dynamicznie rozwijającą się firmą spedycyjną. Aktualnie firma poszukuje kandydatów na stanowisko: Specjalista ds. administracji / Specjalista ds. kadr Opis stanowiska: okresowe wsparcie działu księgowego - księgowanie i dekretacja dokumentów księgowych zgodnie z ustawą o rachunkowości oraz obowiązującymi przepisami o podatku od towarów i usług oraz podatku dochodowego od osób prawnych, , wystawianie i przyjmowanie faktur do kontrahentów krajowych oraz zagranicznych, kontrola poprawności dokumentów, czytanie zleceń transportowych, prowadzenie dokumentacji pracowniczej od momentu nawiązania stosunku pracy do jego zakończenia, rozliczanie ewidencji czasu pracy, naliczanie wynagrodzeń oraz innych należnych świadczeń ze stosunku pracy, sporządzanie i rozliczanie umów cywilnoprawnych, wystawianie zaświadczeń o zatrudnieniu i wynagrodzeniach, bieżąca praca w programie Płatnik w zakresie deklaracji zgłoszeniowych i rozliczeniowych, monitorowanie zmian w przepisach prawnych i bieżące uaktualnianie dokumentów kadrowo-płacowych, współpraca z innymi działami firmy. Wymagania: mile widziane doświadczenie w pracy biurowej (w branży spedycyjnej), znajomość zasad fakturowania, podstaw księgowości, przepisów prawa pracy, ubezpieczeń społecznych oraz podatku dochodowego od osób fizycznych będzie dodatkowym atutem, znajomość obsługi komputera,pakietu MS Office, programu Płatnik, zaangażowanie, otwartość na naukę i gotowość do ciągłego rozwoju, umiejętność organizacji pracy własnej i zarządzania wieloma zadaniami, umiejętność pracy w zespole, sumienność, dokładność. Oferujemy: pracę w firmie o ugruntowanej pozycji na rynku, stabilne zatrudnienie w oparciu o umowę o pracę w pełnym wymiarze czasu pracy, atrakcyjne warunki zatrudnienia, adekwatne do posiadanych umiejętności, doświadczenia oraz zaangażowania i efektów pracy, niezbędne narzędzia pracy, wsparcie merytoryczne. Z O.O. z siedzibą w KOŚCIELNEJ WSI zgodnie z ustawą z dnia 29 sierpnia 1997 r. o ochronie danych osobowych (tj. Dz. U. z 2014 r. poz. 1182, 1662)”.",2099,FULL_TIME,Umowa o pracę,Umowa o pracę,,,,,,NONE,,False,False,,,False,False,mid,,mid,True,,1760198670000,1760198670000,pl
serwistal-operator-prasy-krawedziowej-CID4-ID13ya47,https://www.olx.pl/oferta/praca/serwistal-operator-prasy-krawedziowej-CID4-ID13ya47.html,UNKNOWN,SERWISTAL - Operator prasy krawędziowej,Ełk,"Jesteśmy największym, niezależnym serwisem stalowym w Polsce, liderem wśród firm rodzinnych w województwie warmińsko-mazurskim. W związku z dynamicznym rozwojem nowego CENTRUM OBRÓBKI METALI na ul. Przemysłowej 10, poszukujemy osób do pracy na stanowisko: Operator prasy krawędziowej Ełk, ul .Przemysłowa 10, Centrum Obróbki Metali Zakres obowiązków: praca przy obsłudze prasy krawędziowej dbanie o wydajną pracę maszyny przestrzeganie i kontrola wewnętrznych standardów jakościowych i wydajnościowych realizacja planów produkcyjnych Wymagania: wykształcenie min. zawodowe mile widziane wykształcenie techniczne umiejętność czytania rysunku technicznego odpowiedzialność, zaangażowanie, sumienność, umiejętność pracy w zespole umiejętność posługiwania się przyrządami pomiarowymi sprawność manualna gotowość do pracy w systemie zmianowym mile widziane doświadczenie w pracy na prasie krawędziowej mile widziane uprawnienia na wózki widłowe Oferujemy: stabilne warunki zatrudnienia w ramach umowy o pracę, pracę w firmie o ugruntowanej pozycji na rynku, dbającej o swoich pracowników, gwarancja stałego zatrudnienia oraz miłej atmosfery pracy, możliwość udziału w wewnętrznych programach: finansowe premie za pomysły usprawniające pracę, preferencyjne warunki ubezpieczenia grupowego, możliwość zakupu karnetu na siłownię ze zniżką. o Ochronie Danych Osobowych Dz. Ust. nr 133 poz. 883""",1385,FULL_TIME,Umowa o pracę,Umowa o pracę,,,,,,NONE,,False,False,,,False,False,,,,False,,1760198671000,1760198671000,pl
specjalista-ds-sprzedazy-telefonicznej-otomoto-CID4-ID17LTxT,https://www.olx.pl/oferta/praca/specjalista-ds-sprzedazy-telefonicznej-otomoto-CID4-ID17LTxT.html,UNKNOWN,Specjalista ds. Sprzedaży Telefonicznej Otomoto,"Kraków, Stare Miasto","OTOMOTO działa od ponad 20 lat będąc liderem na rynku ogłoszeń motoryzacyjnych w Polsce. Od początku działalności przyświecał nam jasny cel – zadowolenie klienta. Nasz zespół to ludzie, którzy z pasją tworzą rozwiązania, pomagające naszym Klientom kupować i sprzedawać pojazdy. Priorytetem jest dla nas wzajemne zaufanie, nad czym każdego dnia pracuje zespół OTOMOTO. Jakie obowiązki czekają na Ciebie na co dzień? Prowadzenie rozmów telefonicznych sprzedażowych - kontakt wychodzący do Klientów Biznesowych Otomoto Dosprzedaż usług Otomoto Doradztwo oraz bieżąca obsługa Klientów Biznesowych Otomoto Szkolenie Klientów w zakresie nowych zasad współpracy i zmian w cenniku Branie odpowiedzialności za działania promocyjne oraz sprzedażowe w ramach relacji biznesowych z Klientami Uzupełnianie bazy danych Uczestniczenie i prowadzenie zaplanowanych przez firmę spotkań i warsztatów Czego będziemy oczekiwać od Ciebie? 2+ lata doświadczenia w aktywnej sprzedaży Ukierunkowania na realizację celów i finalizację rozmów sprzedażowych Umiejętności prowadzenia negocjacji opartych na danych liczbowych Doskonałych umiejętności komunikacyjnych Zaangażowania oraz pasji do sprzedaży Znajomości etapów sprzedażowych Znajomości języka angielskiego - poziom B1+ (mile widziane) A co my możemy zaoferować Tobie? Zatrudnienie na umowę o pracę w międzynarodowym środowisku, w największym i najskuteczniejszym serwisie ogłoszeń motoryzacyjnych w Polsce Atrakcyjny system premiowy (stała podstawa + miesięczna premia uzależniona od wyników) Bogaty pakiet benefitów w systemie kafeteryjnym (do wyboru m.in.: opieka medyczna, karta sportowa Multisport, ubezpieczenie, vouchery do sklepów, bilety na wydarzenia i wiele innych) Możliwość częściowej pracy zdalnej (model hybrydowy) Pracę w biurze w Krakowie (3 dni w tygodniu) Morze możliwości rozwijania siebie (m.in. kursy e-learningowe, szkolenia, webinary) Czujesz, że to praca dla Ciebie? Chcesz sprawdzić czy do nas pasujesz? Aplikuj! :)",1972,FULL_TIME,Umowa o pracę,Umowa o pracę,1.0,,,,,NONE,,False,False,,,False,False,mid,,mid,True,,1760198686000,1760198686000,pl
zatrudnimy-pracownik-gospodarczy-placowy-sortowacz-CID4-ID17L2aP,https://www.olx.pl/oferta/praca/zatrudnimy-pracownik-gospodarczy-placowy-sortowacz-CID4-ID17L2aP.html,UNKNOWN,Zatrudnimy pracownik gospodarczy/placowy/sortowacz,Bydgoszcz,"Instalacja Przetwarzania Odpadów P.U.K. CORIMP sp. z o.o. zajmująca się zagospodarowaniem i przetwarzaniem odpadów zatrudni pracowników na stanowisko: - pracownik gospodarczy /wózkowy/placowy/ sortowacz Wymagania: sprawność fizyczna obsługa podstawowych narzędzi elektrycznych i ręcznych dyspozycyjność (możliwa praca w nadgodzinach i w soboty) mile widziane uprawnienia na wózek widłowy podnośnikowy z mechanicznym napędem podnoszenia wydane przez Urząd Dozoru Technicznego Oferujemy: umowę o pracę stabilne warunki zatrudnienia pomoc we wdrożeniu miłą atmosferę Zawsze szukamy niezawodnych pracowników do naszej firmy. Przyjdź, porozmawiaj, dołącz do nas!",657,FULL_TIME,Umowa o pracę,Umowa o pracę,,,,,,NONE,,False,False,,,False,False,,,,False,,1760198685000,1760198685000,pl
magazynier-sklepu-online-iga-sarzynska-wzrusza-torun-CID4-ID17jmo0,https://www.olx.pl/oferta/praca/magazynier-sklepu-online-iga-sarzynska-wzrusza-torun-CID4-ID17jmo0.html,UNKNOWN,Magazynier sklepu online - Iga Sarzyńska Wzrusza Toruń,Toruń,"IS - MK Iga Sarzyńska - Komorowska, Maciej Komorowski s.k.a Dołącz do nas! Jesteśmy wyjątkowym miejscem na mapie Torunia. Nasza pracownia Iga Sarzyńska ''Wzrusza Toruń'' specjalizuje się: w tworzeniu piernikowych i czekoladowych wypieków i słodyczy. Dbamy o najwyższą jakość naszych produktów i zadowolenie Klientów. Wspieramy rozwój naszych pracowników, cenimy dobrą atmosferę w zespole i wzajemny szacunek. Na swoim koncie mamy prestiżowe nagrody tj. HERMES KULINARNY (2021) AIG PRIX w kategorii nagroda dla cukiernika - przyznana przez Międzynarodową Akademię Gastronomiczną w siedzibie w Paryżu (2023) Iga Sarzyńska - laureatka XIV edycji konkursu BIZNESWOMAN ROKU SUKCES PISANY SZMINKĄ (2023) Z uwagi na zbliżający się intensywny sezon świąteczny, do naszego zespołu w Toruniu, poszukujemy pracowników na stanowisko: Magazynier sklepu online Miejsce pracy: Toruń Jeśli : • Jesteś dokładny i precyzyjny • Jesteś otwarty, uśmiechnięty i masz pozytywne nastawienie do życia • Szybko przyswajasz wiedzę • Lubisz pracować z ludźmi • Jesteś zaangażowany i skrupulatnie wypełniasz obowiązki • Estetyka i dbałość o szczegóły są dla Ciebie ważne TA OFERTA PRACY JEST IDEALNA DLA CIEBIE!!! Twoje zadania: kontrola jakości i ilości towaru, ważenie i pakowanie gotowych produktów, kompletowanie zamówień klientów sklepu online, pakowanie i przygotowywanie paczek do wysyłki, dbanie o czystość i organizację magazynu, współpraca z innymi działami firmy. Mile widziane doświadczenie na podobnym stanowisku. Oferujemy: Stabilne zatrudnienie w innowacyjnej i nowoczesnej pracowni Miesięczne wynagrodzenie przelewamy na konto regularnie i bez żadnych opóźnień W pierwszym okresie przyjęcia do pracy obejmujemy Cię opieką osoby szkolącej, by wprowadzić Cię w pełni w zakres pracy. System szkoleń wewnętrznych i zewnętrznych pozwalający Ci stale rozwijać umiejętności. Zdobyta u nas wiedza i doświadczenie na pewno będą procentować w Twojej przyszłej karierze zawodowej Korzystny i jasny system oceny pracy i wynagradzania Zgrany zespół, który wspiera się w każdej sytuacji Możliwości rozwoju i szybkiego awansu - stawiamy na awanse wewnętrzne Jeśli zainteresowała Cię nasza oferta, wyślij swoje CV z hasłem ''Magazynier sklepu online''.",2223,FULL_TIME,Umowa o pracę,Umowa o pracę,,,,,,NONE,,False,False,,,False,False,,,,False,,1760198699000,1760198699000,pl
przedszkole-zatrudni-nauczyciela-terapeute-nauczyciela-logopede-CID4-ID17GIxJ,https://www.olx.pl/oferta/praca/przedszkole-zatrudni-nauczyciela-terapeute-nauczyciela-logopede-CID4-ID17GIxJ.html,UNKNOWN,Przedszkole zatrudni nauczyciela terapeutę/ nauczyciela logopedę,Bydgoszcz,"Opis Przedszkole w Fordonie poszukuje osoby na stanowisko Nauczyciela TERAPEUTY / Logopedy/ do pracy z dziećmi, jak również realizującego zadania wynikające z orzeczeń do pracy w przedszkolu Wymagania: wykształcenie WYŻSZE w zakresie pedagogiki specjalnej lub wychowania przedszkolnego i pokrewnych, logopedii lub pokrewnych kierunków; umiejętność pracy z dziećmi z różnymi trudnościami rozwojowymi, oraz pracy z grupą. Do obowiązków NAUCZYCIELA TERAPEUTY należeć będzie m.in.: współorganizowanie procesu dydaktycznego; włączanie dzieci o specjalnych potrzebach edukacyjnych do grupy rówieśniczej; wspieranie dzieci w rozwoju emocjonalnym, społecznym oraz w codziennych działaniach; organizowanie i prowadzenie terapii indywidualnej i grupowej; współpraca z nauczycielami, rodzicami; prowadzenie dokumentacji terapeutycznej. Do obowiązków LOGOPEDY należeć będzie m.in.: wspieranie dzieci w rozwoju mowy; organizowanie i prowadzenie terapii indywidualnej i grupowej; współpraca z nauczycielami, rodzicami; prowadzenie dokumentacji logopedycznej. Mile widziane: umiejętność pracy w zespole nauczycielskim i terapeutycznym; umiejętność budowania relacji z dziećmi i ich rodzicami. empatia, odpowiedzialność, komunikatywność. Oferujemy: pracę w zgranym i dobrze zorganizowanym zespole, który wzajemnie planuje i wspiera się; stabilne zatrudnienie na umowę o pracę; atrakcyjne warunki pracy oraz wynagrodzenia; możliwość rozwoju zawodowego poprzez warsztaty i szkolenia.",1465,FULL_TIME,Umowa o pracę,Umowa o pracę,,,,,,NONE,,False,False,,,False,False,,,,False,,1760198700000,1760198700000,pl
zatrudnimy-pielegniarke-i-opiekunow-do-domu-opieki-warszawa-bielany-CID4-ID15pMv8,https://www.olx.pl/oferta/praca/zatrudnimy-pielegniarke-i-opiekunow-do-domu-opieki-warszawa-bielany-CID4-ID15pMv8.html,UNKNOWN,Zatrudnimy pielęgniarkę i opiekunów do Domu Opieki Warszawa Bielany,"Warszawa, Bielany",Zatrudnimy pielęgniarkę oraz opiekunów medycznych i opiekunów osób starszych do Domu Opieki W Warszawie na Bielanach tel 537-444-77 Możliwość dyżurów 12 i 24 godzinnych.,169,FULL_TIME,"Umowa o pracę, Umowa zlecenie","Umowa o pracę, Umowa zlecenie",,,,,,NONE,,False,False,,,False,False,,,,False,,1760198714000,1760198714000,pl
zatrudnie-pracownika-do-wyburzen-kucie-pali-fundamentowych-CID4-ID17LdsK,https://www.olx.pl/oferta/praca/zatrudnie-pracownika-do-wyburzen-kucie-pali-fundamentowych-CID4-ID17LdsK.html,UNKNOWN,Zatrudnie pracownika do wyburzeń - kucie pali fundamentowych,Golub-Dobrzyń,Stabilna firma z wieloletnim stażem zatrudni pracownika do pracy przy wyburzeniach - rozkuwaniu głowic pali fundamentowych. * Praca w delegacji od poniedziałku do piątku * Atrakcyjne wynagrodzenie * Mile widziane doświadczenie w rozkuwaniu głowic pali,251,FULL_TIME,Umowa o pracę,Umowa o pracę,,,,,,NONE,,False,False,,,False,False,,,,False,,1760198714000,1760198714000,pl
specjalista-ds-kadr-i-plac-CID4-ID17MUPv,https://www.olx.pl/oferta/praca/specjalista-ds-kadr-i-plac-CID4-ID17MUPv.html,UNKNOWN,Specjalista ds. kadr i płac,"Wrocław, Stare Miasto","Jesteśmy biurem rachunkowym, które na rynku działa już od wielu lat i nieustannie się rozwija. Do naszego zespołu poszukujemy specjalistę ds. kadr i płac.",154,PART_TIME,"Samozatrudnienie, Umowa zlecenie","Samozatrudnienie, Umowa zlecenie",,,,,,NONE,,False,False,,,False,False,mid,,mid,True,,1760209708000,1760209708000,pl
praca-pracownik-ogolnobudowlany-brygadzista-CID4-IDH3xa0,https://www.olx.pl/oferta/praca/praca-pracownik-ogolnobudowlany-brygadzista-CID4-IDH3xa0.html,UNKNOWN,"PRACA- pracownik ogólnobudowlany, brygadzista",Dąbrowa Górnicza,"Prężnie rozwijająca się firma budowlana z siedzibą w Dąbrowe Górniczej dająca gwarancje stałego zatrudnienia, pewne zarobki oraz premie uznaniowe zatrudni, -pracowników ogólnobudowlanych -brygadzistów do prac budowlanych Stawka osobistego zaszeregowania ustalana indywidualnie w zależności od posiadanych umiejętności doświadczenia oraz uprawnień zawodowych. Więcej informacji udzielamy telefonicznie w godzinach 11 -16 poniedziałek-piątek",439,FULL_TIME,Umowa o pracę,Umowa o pracę,,,,,,NONE,,False,False,,,False,False,,,,False,,1760209706000,1760209706000,pl
sprzedawca-magazynier-CID4-ID17MDZf,https://www.olx.pl/oferta/praca/sprzedawca-magazynier-CID4-ID17MDZf.html,UNKNOWN,Sprzedawca - magazynier,Pruszcz Gdański,"Jesteśmy firmą o zasięgu ogólnopolskim, która od 30 lat jest profesjonalnym dystrybutorem produktów z zakresu techniki grzewczej, klimatyzacyjnej, wentylacyjnej oraz sanitarnej. Jeśli szukasz stabilnego zatrudnienia, cenisz pracę z ludźmi, grasz zespołowo i lubisz szukać nowych rozwiązań, zapraszamy Cię do współpracy na stanowisku: Sprzedawca-magazynier w Hurtowni Instalacyjnej Miejsce pracy: Pruszczu Gdańskim Osoba na tym stanowisku odpowiedzialna będzie za kompleksową obsługę klientów firmy, poprzez: · nawiązanie oraz utrzymanie dobrych relacji z Klientami, · profesjonalne doradztwo w zakresie asortymentu znajdującego się w ofercie handlowej firmy · bieżąca obsługa klienta · załadunek oraz rozładunek towarów dostarczonych do magazynu zgodnie z dokumentami dostawy · rozmieszczanie i układanie towaru w magazynie · prowadzenie dokumentacji magazynowej · dbanie o porządek w miejscu pracy Od kandydatów oczekujemy: wykształcenie min. średnie · doświadczenia w pracy na podobnym stanowisku · dobrej znajomości branży i lokalnego rynku · bardzo dobrej organizacji pracy · umiejętności utrzymania wysokich standardów obsługi klienta · umiejętności pracy w zespole Wybranemu kandydatowi zapewniamy: · stałe i stabilne zatrudnienie w oparciu o umowę o pracę · wsparcie we wdrożeniu się w obowiązki · pracę w nowoczesnej organizacji o ugruntowanej pozycji na rynku · możliwość zdobywania doświadczenia i rozwoju zawodowego · ciekawą pracę zapewniającą stały rozwój i realizację samodzielnych i odpowiedzialnych zadań/ projektów · możliwość realizowania własnych wizji oraz pomysłów · karty medyczne i Multisport Zastrzegamy sobie prawo do kontaktu tylko z wybranymi osobami, nadesłanych ofert nie zwracamy. Zainteresowanych prosimy o przesłanie CV poprzez dołączony link Klikając przycisk aplikuj/wyślij wyraża Pan/Pani zgodę na przetwarzanie przez BIMs PLUS FHH Spółka z ograniczoną odpowiedzialnością GDAŃSK Sp. k. z siedzibą w Gdańsku, ul. Przywidzka 4, 80-174 Gdańsk, wszystkich danych osobowych zawartych w dokumentach złożonych przez Pana/Panią w toku procesu rekrutacyjnego (w tym w CV i liście motywacyjnym), dla celów prowadzonej rekrutacji. Szanowni Państwo, Zawiadamiamy, że przetwarzamy Państwa dane osobowe podane nam w przesłanej przez Państwa aplikacji (proces rekrutacji). 1. k. z siedzibą w Gdańsku, ul. Przywidzka 4, 80-174 Gdańsk a. e-mail - ochrona.danych (małpa) grupa-hbh.pl 2. Mają Państwo prawo dostępu do treści swoich danych osobowych, prawo do ich sprostowania, usunięcia lub ograniczenia przetwarzania, prawo do wniesienia sprzeciwu wobec ich przetwarzania oraz prawo do ich przenoszenia, na warunkach odrębnie przewidzianych prawem. 3. Pracujemy wyłącznie na danych podanych przez Państwa w trakcie procesu rekrutacji. 4. Państwa dane przetwarzane są w celu przeprowadzenia procesu rekrutacji, w toku którego złożyli Państwo aplikację i zostaną usunięte natychmiast po jego zakończeniu to jest najpóźniej w dniu podpisania umowy o pracę z kandydatem który w wyniku tej rekrutacji pozytywnie zakończył okres próbny i zostanie zatrudniony na umowę o pracę. 5. W przypadku gdy wyrazili Państwo zainteresowanie aplikowaniem na stanowisko w innej Spółce Grupy i wyrazili Państwo zgodę na przekazanie złożonych przez Państwa dokumentów do tej Spółki w zakresie terminów usunięcia Państwa danych Osobowych obowiązują zapisy zawarte w punkcie 4. 6. Podstawą prawną przetwarzania Państwa danych jest konieczność wypełnienia przez nas obowiązku prawnego (art. 6 ust. 1 lit. c) wynikającego z przepisów prawa pracy lub Państwa zgoda (art. 6 ust. 1 lit. a) jeżeli podali nam Państwo szerszy zakres informacji niż wymagany przez prawo pracy. Jeśli udzielili Państwo zgody, informujemy, iż zgoda ta może być w dowolnym czasie cofnięta, jednak nie ma to wpływu na legalność wcześniejszego przetwarzania danych na jej podstawie. 7. Podanie przez Państwa danych jest dobrowolne, jednakże jest nam niezbędne do przeprowadzenia procesu rekrutacyjnego. W przypadku ich braku, nie będziemy mogli skontaktować się z Państwem i przeprowadzić w sposób należyty rekrutacji z Państwa udziałem. 8. Odbiorcami Państwa danych mogą być podmioty zewnętrzne, z którymi współpracujemy w celu przeprowadzenia procesu rekrutacji oraz inna Spółka Grupy w przypadku wyrażenia przez Państwa zgody na przekazanie jej Państwa danych osobowych. 9. Zawiadamiamy, że Państwa dane nie będą przedmiotem zautomatyzowanych procesów decyzyjnych ani nie będą udostępniane poza obszarem Europejskiego Obszaru Gospodarczego lub organizacjom międzynarodowym. 10. Mają Państwo prawo do wniesienia skargi do organu nadzorczego. 11. W razie pytań, wątpliwości lub w przypadku potrzeby zmiany / aktualizacji danych, prosimy o kontakt na adres lub email wskazany w punkcie 1.",4751,FULL_TIME,Umowa o pracę,Umowa o pracę,,,,,,NONE,,False,False,,,False,False,,,,False,,1760209706000,1760209706000,pl
pracownik-utrzymania-czystosci-z-prawem-jazdy-CID4-ID16qu2R,https://www.olx.pl/oferta/praca/pracownik-utrzymania-czystosci-z-prawem-jazdy-CID4-ID16qu2R.html,UNKNOWN,pracownik utrzymania czystości z prawem jazdy,Oświęcim,"Zatrudnimy osobę do utrzymania terenów zewnętrznych i wewnątrz obiektu: sprzątanie terenów zewnętrznych ( zamiatanie, praca z dmuchawą) koszenie kosą spalinową odśnieżanie ręczne odśnieżanie małym ciągnikiem (pług+posypywarka) sprzątanie hal (odkurzanie, mycie) Wymagania: prawo jazdy kat. B lub T doświadczenie na stanowisku operatora ciągnika dbanie o powierzony sprzęt umiejętność obsługi oraz konserwacji maszyn i urządzeń Oferujemy: Umowa o pracę, wynagrodzenie zawsze na czas, pełne BHP, szkolenia, świadczenia socjalne, pakiet medyczny PZU, dla osób z orzeczeniem dodatkowo Zakładowy Fundusz Rehabilitacji Osób Niepełnosprawnych (ryczałt na samochód i inne). Zachęcamy do kontaktu. Nadesłanych dokumentów nie zwracamy INFORMACJA DLA KANDYDATA 1. z o.o., ul. Cel i podstawa prawna przetwarzania danych osobowych: Dane osobowe są przetwarzane w celu zawarcia umowy o pracę lub na żądanie osoby, której dane dotyczą przed zawarciem umowy o pracę na podstawie art. 6 ust. 1 lit. Zakres przetwarzanych danych: Zakres przetwarzanych danych ogranicza się do informacji, których obowiązek podania wynika z przepisów prawa pracy, niezbędnych do zawarcia umowy: imię (imiona) i nazwisko, data urodzenia, dane kontaktowe wskazane przez taką osobę, wykształcenie, kwalifikacje zawodowe, przebieg dotychczasowego zatrudnienia, a także przetwarzanych na podstawie dobrowolnej zgody udzielonej przez kandydata do pracy np.: wizerunek- zdjęcie, inne dane kontaktowe. 4. Odbiorcy danych osobowych: Dostęp do danych mają jedynie upoważnieni pracownicy/współpracownicy Administratora, w szczególności są to pracownicy Działu Kadr, potencjalni przełożeni oraz podmioty świadczące usługi informatyczne. 5. Podanie danych osobowych w zakresie wynikającym z art. 221 Kodeksu pracy jest niezbędne, aby uczestniczyć w postępowaniu rekrutacyjnym. Podanie przez Państwa innych danych jest dobrowolne. 6. Okres przetwarzania danych osobowych: Dane osobowe są przetwarzane w trakcie procesu rekrutacyjnego do czasu jego zakończenia. 7. W przypadku przetwarzania danych osobowych na podstawie zgody, kandydatowi do pracy przysługuje prawo do jej cofnięcia, co jednak nie wpływa na ważność czynności dokonanych na podstawie zgody w okresie między jej udzieleniem a cofnięciem. Kandydatowi do pracy nie przysługuje prawo sprzeciwu wobec przetwarzania danych osobowych na podstawie art. 6 ust. 1 lit. 8. Profilowanie: Dane osobowe nie są wykorzystywane w procesach zautomatyzowanego podejmowania decyzji, w szczególności automatycznego profilowania. 9. Przekazywanie danych osobowych poza Europejski Obszar Gospodarczy: Dane osobowe nie są przekazywane poza Europejski Obszar Gospodarczy ani do organizacji międzynarodowych. 10. 338446251 lub listownie na adres Administratora.",2751,FULL_TIME,Umowa o pracę,Umowa o pracę,,,,,,NONE,,False,False,,,False,False,,,,False,,1760209721000,1760209721000,pl
specjalista-ds-kontroli-jakosci-CID4-ID17LH7B,https://www.olx.pl/oferta/praca/specjalista-ds-kontroli-jakosci-CID4-ID17LH7B.html,UNKNOWN,Specjalista ds. kontroli jakości.,Wałcz,"Twój zakres obowiązków Nadzór nad dokumentacją Systemu Zarządzania Jakością (SZJ) zgodnie z normą PN- EN ISO 9001:2015. Prowadzenie i ewidencjonowanie bieżącej kontroli jakości w toku produkcji – weryfikacja zgodności wyrobów z dokumentacją techniczną i produkcyjną. Kontrola wyrobów gotowych pod kątem zgodności z wymaganiami klienta. Analiza danych oraz kluczowych wskaźników jakościowych. Rozpatrywanie i analiza reklamacji wewnętrznych i zewnętrznych. Przeprowadzanie audytów wewnętrznych na terenie produkcji – weryfikacja zgodności ze standardami jakości. Przygotowywanie specyfikacji produktu, certyfikatów pochodzenia, kwestionariuszy od klientów, atestów i kart technicznych we współpracy z Działem Planowania, Działem Produkcji i BOK. Budowanie świadomości jakości wśród pracowników poprzez codzienną komunikację i szkolenia/spotkania działowe. Dokumentowanie wyników kontroli i raportowanie niezgodności. Współpraca z innymi działami. Przygotowania do audytów zewnętrznych oraz wsparcie załogi w trakcie ich trwania. Współpraca z Zarządem w celu realizacji wspólnej wizji i celów jakościowych.",1104,FULL_TIME,Umowa o pracę,Umowa o pracę,,,,,,NONE,,False,False,,,False,False,mid,,mid,True,,1760209734000,1760209734000,pl
recepcjonista-w-jordaszce-CID4-ID17Lmsk,https://www.olx.pl/oferta/praca/recepcjonista-w-jordaszce-CID4-ID17Lmsk.html,UNKNOWN,Recepcjonista w Jordaszce,Czyżowice,"Oferujemy stabilną pracę z elastycznym grafikiem. Główne zadania: obsługa gości krajowych oraz zagranicznych meldowanie i wymeldowanie przyjmowanie płatności, rozlicznie gości przygotowanie pokoi dbanie o wizerunek firmy zarządzanie dokumentacją obsługa urządzeń biurowych obsługa gastronomiczna Wymagania: sumienność i punktualność odpowiedzialność za powierzone obowiązki komunikatywne posługiwanie się językiem angielskim samodzielność Oferujemy: stabilne zatrudnienie pracę w zgranym zespole ciągłe doskonalenie umiejętności możliwość rozwoju",546,FULL_TIME,Umowa o pracę,Umowa o pracę,,,,,,NONE,,False,False,,,False,False,,,,False,,1760209734000,1760209734000,pl
doradca-czyni-klienta-firmowego-1-oddzial-we-wroclawiu-CID4-ID17KbwL,https://www.olx.pl/oferta/praca/doradca-czyni-klienta-firmowego-1-oddzial-we-wroclawiu-CID4-ID17KbwL.html,UNKNOWN,Doradca(-czyni) klienta firmowego - 1 Oddział we Wrocławiu,"Wrocław, Stare Miasto","To masz na bank: umowa o pracę (pierwsza na 7 miesięcy, po zakończeniu okresu wdrożenia możliwość zawarcia umowy na czas nieokreślony), pracę stacjonarną w 1 Oddziale we Wrocławiu, Rynek 9/11, zespół/lider: Malwina Maziarek-Stańczyk, udział w atrakcyjnym systemie premiowym (z gwarantowaną premia w okresie wdrożeniowym) i w szerokiej ofercie benefitowej Na bank cenimy sobie relacje z ludźmi. Do oddziałów szukamy osób, które tak jak my chcą zapewnić naszym klientom najlepsze doświadczenie w sektorze finansowym - jesteśmy bankiem z zapleczem technologicznym. Należymy do pierwszej trójki największych banków w Polsce i jesteśmy częścią międzynarodowej Grupy Santander. Dbamy o portfele klientów w ponad 300 oddziałach w całej Polsce. Zarządzamy wieloma produktami bankowymi dla osób prywatnych oraz przedsiębiorstw. Cenimy różnorodność wśród naszych pracowników. Wierzymy, że każdy, bez względu na indywidualne predyspozycje, może wnieść niepowtarzalną perspektywę do naszej firmy. Aplikuj, jeśli: masz roczne doświadczenie w sprzedaży i/lub obsłudze klienta w sektorze finansowym, cenisz sobie kontakt z ludźmi i długotrwałe relacje oparte na zaufaniu, lubisz działać zespołowo i osiągać wspólnie ustalone cele, posiadasz podstawową wiedzę z zakresu analizy finansowej przedsiębiorstw oraz analizy kredytowej, masz min. roczne doświadczenie w obsłudze podmiotów gospodarczych, masz minimum średnie wykształcenie, masz umiejętności analityczne. Mile widziane, jeśli będziesz mieć: umiejętność porozumiewania się w języku angielskim na poziomie komunikatywnym, umożliwiającym kontakt z klientem zagranicznym i pomoc w wyborze odpowiednich produktów bankowych, prawo jazdy kat. B. Twoje zadania w tej roli: prezentowanie klientowi rozwiązań na podstawie informacji z systemów bankowych i z wykorzystaniem dostępnych narzędzi, udzielanie informacji na temat obowiązującej oferty produktów i usług bankowych, umawianie spotkań w siedzibie klienta, aby poznać specyfikę działania firmy, dbanie o aktualność, jakość i kompletność danych klienta w systemach informatycznych banku, bieżąca i systematyczna rejestracja kontaktów z klientem w systemie, oferowanie i promowanie produktów bankowych dla klientów z segmentu małych i średnich przedsiębiorstw (MŚP) Na bank zadbamy dla Ciebie o: umowę o pracę (pierwszą na 7 miesięcy, po zakończeniu okresu wdrożenia możliwość zawarcia umowy na czas nieokreślony), pracę stacjonarną w Oddziale (lokalizacja na początku oferty), ubezpieczenie na życie, prywatną opiekę medyczną Medicover (z możliwością wykupienia pakietu stomatologicznego), ofertę produktową banku oraz pożyczki na warunkach pracowniczych, system kafeteryjny z punktami do wymiany na aktywności, np. wypoczynkowe, kulturalne, gastronomiczne lub dofinansowanie do przedszkola/żłobka/klubu dziecięcego, kartę Multisport oraz aktywności wellbeingowe, np. Kluby Zainteresowań, webinary, możliwość udziału w wolontariacie, dodatkowe świadczenia socjalne (np. wyprawka dla dzieci) benefity dla osób z niepełnosprawnościami: dodatek finansowy na cele prozdrowotne, dodatkowe 2 dni urlopu dla pracowników z lekkim stopniem niepełnosprawności, praca hybrydowa, jeśli charakter pracy na to pozwala, program poleceń pracowniczych – nagrodę pieniężną za polecenie osoby do pracy w naszym banku. Jak wygląda wdrożenie i rozwój? Na bank nie wrzucimy Cię na głęboką wodę. Zaplanowaliśmy wdrożenie, które obejmować będzie wprowadzenie do organizacji, Twojej jednostki biznesowej i zadań. Pierwsze szkolenie będzie trwało 6 miesięcy w ramach Akademii Rozwoju Mocy. Po 3 miesiącach zaczniesz realizować część planu sprzedażowego i otrzymywać pierwsze premie. Przez pierwsze miesiące pokażemy Ci naszą kulturę organizacyjną i odpowiemy na wszystkie pytania. Po tym okresie zaczniesz w pełni realizować plany sprzedażowe. Dołącz do nas w 3 krokach: wyślij CV do naszej analizy, a my podejmiemy decyzję czy zaprosimy Cię do kolejnego etapu, spotkaj się z rekruterem i menadżerem, pracuj z nami w naszym Zespole! Po każdym z etapów rekrutacji otrzymasz od nas informację zwrotną, dostosowaną do jego poziomu zaawansowania. Po spotkaniach zaś wrócimy do Ciebie z kompleksowym podsumowaniem mailowym lub telefonicznym. Stosujemy najwyższe standardy zarządzania ryzykiem, dbamy o bezpieczeństwo naszych klientów i świadczonych usług.",4313,FULL_TIME,Umowa o pracę,Umowa o pracę,1.0,,,,,NONE,,False,False,,,False,False,,,,False,,1760209751000,1760209751000,pl
zatrudnimy-pracownikow-do-pracy-w-lakierni-proszkowej-CID4-ID17zNKf,https://www.olx.pl/oferta/praca/zatrudnimy-pracownikow-do-pracy-w-lakierni-proszkowej-CID4-ID17zNKf.html,UNKNOWN,Zatrudnimy pracowników do pracy w lakierni proszkowej,"Kraków, Podgórze","W związku z planowanym uruchomieniem kolejnej zmiany w naszym zakładzie produkcyjnym na wydziale lakierni proszkowej poszukujemy pracowników na następujące stanowiska: kierownik zmiany na wydziale lakierni proszkowej zarządzanie zespołem produkcyjnym dbanie o prawidłowy przebieg procesu lakierowania proszkowego elementów znajomość zasad lakierowania oraz pracy automatycznej linii lakierniczej lakiernik proszkowy doświadczenie w lakierowaniu proszkowym obsługa elementów wyposażenia lakierni, aplikatorów pomocnik na linii lakierniczej - pakowacz zawieszanie elementów do pomalowania na linii lakierniczej automatycznej pakowanie gotowych elementów Nasze wymagania: doświadczenie w pracy na danym stanowisku znajomość obsługi lakierni proszkowej gotowość do pracy zmianowej samoświadomość w obszarze jakości umiejętność obsługi komputera istnieje możliwości przyuczenia Oferujemy: pracę w nowoczesnej firmie, zaawansowanej technologicznie pracę w systemie zmianowym stabilne zatrudnienie możliwość awansu niezbędne narzędzia pracy bezpłatny parking benefity pozapłacowe Miejsce pracy: Kraków, ul. Dobry Początek (boczna ul. Wrobela) Praca na linii lakierniczej proszkowej, automatycznej. Praca w systemie zmianowym. Osoby zainteresowane zapraszamy do przesyłania CV z dopiskiem stanowiska.",1292,FULL_TIME,"Umowa o pracę, Umowa zlecenie","Umowa o pracę, Umowa zlecenie",,,,,,NONE,,False,False,,,False,False,,,,False,,1760209751000,1760209751000,pl
sprzedawca-pracownik-sklepu-CID4-ID167SDB,https://www.olx.pl/oferta/praca/sprzedawca-pracownik-sklepu-CID4-ID167SDB.html,UNKNOWN,Sprzedawca/Pracownik sklepu,Marki,"Inter Europol S.A. to polska firma rodzinna, która powstała w 1989 roku. Dziś szczycimy się pozycją lidera w produkcji pieczywa w Polsce, a nasze wyroby dostarczamy do Klientów na terenie Unii Europejskiej, a także do wybranych krajów na całym świecie. W związku z dynamicznym rozwojem firmy Inter Europol S.A. zapraszamy do kontaktu osoby zainteresowane zatrudnieniem na stanowisku: Sprzedawca (praca w Warszawie) Główne zadania: Profesjonalna obsługa klientów w miejscu sprzedaży, udzielanie informacji o oferowanym asortymencie Sprzedaż artykułów piekarniczych Przestrzeganie procedur, zasad i obowiązków związanych z utrzymaniem standardów usług Wymagania: Uczciwość, sumienność, rzetelność Mile widziane doświadczenie w bezpośredniej obsłudze klienta Dyspozycyjność i gotowość do pracy w systemie zmianowym ( dwie zmiany) Książeczka dla celów sanitarno-epidemiologicznych lub gotowość do jej wyrobienia Oferujemy: Pracę w jednym z naszych sklepów firmowych na terenie Warszawy Stabilne warunki zatrudnienia (umowa o pracę) Konkurencyjne wynagrodzenie oraz pakiet świadczeń pracowniczych Możliwość rozwoju zawodowego w strukturach firmy Uprzejmie informujemy, że skontaktujemy się tylko z wybranymi kandydatami Administratorem Państwa danych osobowych przetwarzanych podczas procesu rekrutacji jest Inter Europol S.A. (ul. Słoneczna 22, 05-270 Marki), wpisana do rejestru przedsiębiorców Krajowego Rejestru Sądowego prowadzonego przez Sąd Rejonowy dla m.st. Z pełną informacją na temat tego w jaki sposób przetwarzamy Państwa dane osobowe jako kandydatów do pracy w Inter Europol S.A. można zapoznać się w naszej Polityce Prywatności, którą można znaleźć na stronie internetowej Inter Europol S.A/polityka prywatności.",1722,FULL_TIME,Umowa o pracę,Umowa o pracę,,,,,,NONE,,False,False,,,False,False,,,,False,,1760212551000,1760212551000,pl
praca-comforteo-kierownik-produkcji-dzialu-materacy-sycow-CID4-ID17zxW4,https://www.olx.pl/oferta/praca/praca-comforteo-kierownik-produkcji-dzialu-materacy-sycow-CID4-ID17zxW4.html,UNKNOWN,Praca Comforteo - Kierownik Produkcji Działu Materacy - Syców,Nowy Dwór,"Firma Comforteo – renomowany producent materacy i mebli tapicerowanych, aktualnie poszukuje kandydatów na stanowisko: KIEROWNIK PRODUKCJI DZIAŁU MATERACY Miejsce pracy: Syców Obowiązki: Organizacja i nadzór nad przebiegiem produkcji zgodnie z harmonogramem i standardami jakości Zarządzanie zespołem produkcyjnym: planowanie pracy, motywowanie i rozwój pracowników Optymalizacja procesów w celu zwiększenia efektywności i redukcji kosztów Zapewnienie bezpieczeństwa pracy oraz przestrzegania zasad BHP Współpraca z działami logistyki i sprzedaży Udział w projektach rozwojowych, wdrażaniu nowych technologii i usprawnień Raportowanie wyników produkcji oraz analiza kluczowych wskaźników efektywności Wymagania: Umiejętność zarządzania zespołem i procesami Analityczne podejście, umiejętność rozwiązywania problemów Dobra organizacja pracy i komunikatywność Znajomość zagadnień BHP i standardów jakości Doświadczenie w zarządzaniu produkcją (mile widziane w branży meblarskiej lub pokrewnej) Oferujemy: Pracę w prężnie rozwijającej się polskiej firmie Stabilne zatrudnienie na podstawie umowy o pracę Atrakcyjne warunki pracy i płacy Ubezpieczenie grupowe Pakiet medyczny Zainteresowanych prosimy o składanie aplikacji za pośrednictwem OLX. z 2018 r., poz. 1000)”. Informujemy, że skontaktujemy się z wybranymi osobami. Podawane przez Pana/Panią dane osobowe w załączanym CV są zbierane dla potrzeb procesu rekrutacji na stanowisko wskazane w ogłoszeniu. Ma Pan/Pani prawo w każdej chwili wycofać zgodę na przetwarzanie danych, uzyskać dostęp do swoich danych, poprosić o: sprostowanie i uzupełnienie danych, usunięcie danych, ograniczenie przetwarzania danych, wyrazić sprzeciw wobec przetwarzania danych, wystąpić o przeniesienie danych i ze skargą do organu nadzorczego. Administratorem Pani/Pana danych osobowych jest spółka Comforteo Węgłowski i Stryjakiewicz Spółka komandytowa, z siedzibą Opatów, ul. Bolesławiecka 14A, 63-645 Łęka Opatowska",1947,FULL_TIME,Umowa o pracę,Umowa o pracę,,,,,,NONE,,False,False,,,False,False,manager,,manager,True,,1760212598000,1760212598000,pl
elektryk-utrzymania-ruchu-umowa-o-prace-od-zaraz-CID4-ID17GFxa,https://www.olx.pl/oferta/praca/elektryk-utrzymania-ruchu-umowa-o-prace-od-zaraz-CID4-ID17GFxa.html,UNKNOWN,"Elektryk utrzymania ruchu- umowa o pracę, od zaraz",Bielsko-Biała,"Firma Invenio Sp. z o.o. poszukuje pracowników na stanowisko: Elektryk utrzymania ruchu Lokalizacja: Bielsko-Biala, Rodzaj współpracy: umowa o pracę. Do Twoich zadań należeć będzie: Nadzór nad prawidłową pracą narzędzi/ maszyn i urządzeń infrastruktury w zakładzie Wykonywanie przeglądów zgodnie z planem przeglądów Konserwacje/ naprawy/ modernizacje maszyn Dobór części zamiennych maszyn Nasze wymagania to: Wykształcenie o profilu zawodowym eklektycznym lub pokrewnym (mile widziane wykształcenie techniczne o profilu elektrycznym lub pokrewnym) Uprawnienia w zakresie eksploatacji G1/G2/G3 Minimum rok doświadczenia w dziale utrzymania ruchu (mile widziane w branży motoryzacyjnej) Prawo jazdy kat .B Gotowość do pracy w systemie 3- zmianowym, planowane wprowadzenie systemu 4-brugadowego w czasie od sierpnia do grudnia Mile widziane: uprawnienia do obsługi wózka widłowego, uprawnienia do obsługi suwnic Oferujemy: Zatrudnienie na podstawie umowy o pracę Atrakcyjne wynagrodzenie Możliwość skorzystania z pakietu sportowego Możliwość skorzystania z ubezpieczenie zdrowotnego Ubezpieczenie NNW. Jeżeli spełniasz wymagania i chcesz dołączyć do naszego zespołu - APLIKUJ JUŻ TERAZ Zastrzegamy sobie prawo do kontaktu z wybranymi kandydatami. Chcesz dowiedzieć się więcej o naszej firmie, wejdź na: invenio.pl/grupa-invenio/ Spełniając obowiązek prawny w zakresie danych osobowych informujemy, że administratorem Pani/Pana danych osobowych jest Invenio sp. z o.o. z siedzibą w Tychach przy ul. Fabrycznej 2, wpisana do rejestru przedsiębiorców Krajowego Rejestru Sądowego pod numerem 0000128797 (dalej zwaną także jako „Administrator”). Pełna treść obowiązku informacyjnego została zamieszczona pod adresem: invenio.pl/wp-content/uploads/2022/10/INFORMACJA-W-PRZEDMIOCIE-OCHRONY-DANYCH-OSOBOWYCH-invenio-Sp.pdf",1811,FULL_TIME,Umowa o pracę,Umowa o pracę,,,,,,NONE,,False,False,,,False,False,,,,False,,1760212598000,1760212598000,pl
starszy-opiekun-finansowy-praca-od-zaraz-premie-stale-godziny-CID4-ID16C2LT,https://www.olx.pl/oferta/praca/starszy-opiekun-finansowy-praca-od-zaraz-premie-stale-godziny-CID4-ID16C2LT.html,UNKNOWN,Starszy Opiekun Finansowy/praca od zaraz/premie/stałe godziny,"Sopot, Centrum","Co nas wyróżnia? W ramach naszej działalności współpracujemy z firmą ubezpieczeniową Saltus. Dzięki temu Nasi Pracownicy mogą otrzymywać dodatkowe, atrakcyjne gratyfikacje finansowe i rzeczowe oraz biorą udział w licznych konkursach z obszaru sprzedaży ubezpieczeń. 30% naszych pracowników jest z nami już ponad 10 lat. W naszej firmie zatrudniamy przedstawicieli wielu pokoleń, wiek nie jest dla nas barierą - około 20% naszych pracowników to osoby po 45 roku życia. Szanujemy Twoją indywidualność, bo dla nas liczy się zaangażowanie. Jesteśmy dużą instytucją finansową, ale nie nazywamy siebie korporacją. Pielęgnowanie tradycji firmy. Twój zakres obowiązków Obsługa Klientów – gotówkowa i bezgotówkowa. Sprzedaż produktów finansowych i ubezpieczeń – również telefonicznie. Budowanie pozytywnych relacji z Klientami – również telefonicznie. Realizacja indywidualnych celów sprzedażowych oraz wsparcie w realizacji celów zespołowych. Dbanie o jakość obsługi. Nasze wymagania Masz doświadczenie w bezpośredniej lub telefonicznej sprzedaży lub obsłudze klienta - chętne przywitamy Cię w naszym zespole. Jesteś komunikatywny i otwarty na rozmowę z drugim człowiekiem - to są cech których szukamy. Nastawienie na cel i współpracę - pomoże Ci odnaleźć się w zespole. Swobodna obsługa komputera – jest to Twoje podstawowe narzędzie pracy. Minimum średnie wykształcenie. Mile widziane Doświadczenie w sektorze finansów. To oferujemy Umowę o pracę bez okresu próbnego - traktujemy Cię jak pełnoprawnego członka zespołu od pierwszego dnia - wierzymy w Twój potencjał i kompetencje! System kafeteryjny - karta MultiSport, bilety do kina, a może bon do Allegro? Teraz sam zdecydujesz na co przeznaczysz dodatkowe punkty otrzymane od pracodawcy. Prywatna opieka medyczna - do której możesz dołączyć współmałżonka/partnera oraz dzieci. Atrakcyjną ofertę pracowniczą na produkty bankowe - pożyczka na preferencyjnych warunkach pomoże Ci sfinansować budowę domu lub zakup mieszkania. Już od pierwszego dnia masz pełne prawa pracownicze oraz dostęp do wszystkich benefitów i świadczeń wynikających z umowy - bez czekania. Podczas okresu wdrożenia otrzymasz gwarantowaną premię. Jeśli jesteś zaangażowany, dzięki naszemu systemowi premiowemu możesz podwoić to co masz w podstawie, a nawet osiągnąć więcej. Możliwość udziału w konkursach sprzedażowych - Lubisz rywalizację? To będzie coś dla Ciebie. Szczegółowe wdrożenie i opiekę trenera oraz mentora - o którym opowiemy Ci więcej w dalszej części ogłoszenia. Ścieżkę awansu, która pozwoli Ci na rozwój - większość naszych menadżerów rozpoczynała swoją drogę zawodową od podstawowych stanowisk w naszej organizacji. Pracę w miejscu, gdzie możesz być sobą bez względu na wiek, płeć czy jakąkolwiek inną cechę. Benefity dofinansowanie zajęć sportowych prywatna opieka medyczna ubezpieczenie na życie preferencyjne pożyczki dodatkowe świadczenia socjalne dofinansowanie wypoczynku program rekomendacji pracowników inicjatywy dobroczynne Szkolimy tak, żebyś czuł się pewnie Krótkie kilkudniowe moduły prowadzone przez Trenerów online z tygodniowymi przerwami na ugruntowanie poznanych umiejętności w praktyce - dzięki temu nie musisz jeździć na szkolenia kilkaset kilometrów. Wszystko dzieje się na miejscu! Jednodniowe warsztaty prowadzone w placówce przez Trenera Wdrożeniowego. Dwa pakiety szkoleń e-learningowych do samodzielnej realizacji na platformie szkoleniowej. Możliwość przydzielenia Opiekuna Adaptacyjnego w placówce. Stefczyk Finanse Obszarem naszej działalności jest branża usług finansowych.Nasi eksperci służą Klientom swoją wiedzą i doświadczeniem w ponad 250 placówkach Stefczyk Finanse w całej Polsce. Skupiamy się nie tylko na świadczeniu usług finansowych, lecz także na zwiększaniu świadomości naszych Klientów w tym zakresie. Dbamy o to, aby uzyskiwali oni rzetelną i profesjonalną pomoc, a obsługa Klienta była na jak najwyższym poziomie. Dlatego pracownicy Stefczyk Finanse regularnie biorą udział w kompleksowych szkoleniach. Dynamiczny rozwój – to właśnie na to stawiamy od samego początku naszego istnienia.",4066,FULL_TIME,Umowa o pracę,Umowa o pracę,0.0,,,,,NONE,,False,False,,,False,False,senior,,senior,True,,1760212598000,1760212598000,pl
praca-w-biurze-agencji-ubezpieczeniowej-CID4-IDKqlQy,https://www.olx.pl/oferta/praca/praca-w-biurze-agencji-ubezpieczeniowej-CID4-IDKqlQy.html,UNKNOWN,Praca w biurze agencji ubezpieczeniowej,Mysłowice,"Zakres obowiązków: -Sprzedaż ubezpieczeń (OC/AC, majątek), -Dbanie o wysoką jakość obsługi Klienta oraz budowanie długoterminowych relacji opartych na zaufaniu, -Dbanie o pozytywny wizerunek firmy zgodny z naszymi standardami. Wymagania -Doświadczenie w telefonicznej sprzedaży, -Mile widziane doświadczenie w pracy na podobnym stanowisku: agencja ubezpieczeniowa, multiagencja lub towarzystwo ubezpieczeń. -Mile widziana znajomość produktów ubezpieczeniowych oraz -Otwartość, komunikatywność i pozytywne nastawienie, -Swoboda w prowadzeniu rozmów z klientami, -Zaangażowanie, skrupulatność i systematyczność, -Umiejętność szybkiego przyswajania wiedzy. Oferuję -Umowę o pracę -Wysokie premie od sprzedaży, -Pracę w bardzo zgranym zespole profesjonalistów, -Szkolenia produktowe i w zakresie technik sprzedaży. -Pracę w biurze agencji ubezpieczeniowej w Mysłowicach",865,FULL_TIME,Umowa o pracę,Umowa o pracę,,,,,,NONE,,False,False,,,False,False,,,,False,,1760212611000,1760212611000,pl
lider-liderka-efektywnosci-operacyjnej-leroy-merlin-glogow-CID4-ID16TtW7,https://www.olx.pl/oferta/praca/lider-liderka-efektywnosci-operacyjnej-leroy-merlin-glogow-CID4-ID16TtW7.html,UNKNOWN,Lider Liderka efektywności operacyjnej - Leroy Merlin - Głogów,Głogów,"DOŁĄCZ DO EKIPY: Leroy Merlin to sieć sklepów budowlano-dekoracyjnych należąca do ADEO, składającej się z 32 przedsiębiorstw, działających w 14 krajach. Oferujemy materiały budowlane, artykuły do majsterkowania, wystroju wnętrz i ogrodnictwa. Jesteśmy różni i chcemy być różni. Na różnorodności Pracowników budujemy naszą markę. Jesteśmy Pracodawcą równych możliwości - niezależnie od tego kim jesteś, co robisz, ile masz lat czy posiadasz orzeczenie o niepełnosprawności - czekamy na Ciebie. Nasza firma to przyjazne miejsce pracy: rozwijamy ludzi, dajemy im samodzielność i możliwość podejmowania decyzji, doceniamy zaangażowanie, dzielimy się wspólnie wypracowanymi zyskami. PASUJEMY DO SIEBIE JEŻELI: potrafisz analizować dane i wskaźniki ekonomiczne, wyciągać na ich podstawie wnioski oraz rekomendować efektywne rozwiązania; znasz strukturę działania sklepów wielkopowierzchniowych oraz procesy w firmach z branży retail masz doświadczenie w zarządzaniu krótko i długoterminowymi projektami budżetowymi; masz doświadczenie w budowaniu i zarządzaniu zespołem; posiadasz wiedzę z zakresu controllingu i rachunkowości zarządczej; poszukujesz nowoczesnych rozwiązań i wdrażasz je w celu usprawnienia procesów JAKIE ZADANIA NA CIEBIE CZEKAJĄ: wdrażanie strategii zarządzania wskaźnikami ekonomicznymi i handlowymi na poziomie Sklepu; realizowanie długoterminowych celów ekonomicznych i jakościowych; zarządzanie budżetem sklepu i odpowiedzialność za jego realizację; nadzorowanie poziomu bezpieczeństwa osób i mienia; gwarantowanie zgodności przestrzegania procedur w sklepie; budowanie i zarządzanie zespołem gwarantującym profesjonalizm i realizację celów biznesowych. DOŁĄCZ DO EKIPY I ZYSKAJ: atrakcyjne wynagrodzenie oraz jego regularne rewizje (uzależnione od kompetencji, poziomu realizacji zadań oraz stażu pracy na danym stanowisku) premię kwartalną, której wysokość zależy od wyników sklepu i działu, w którym będziesz pracować udział w wynikach – raz w roku otrzymasz środki, które możesz zainwestować w zakup akcji Leroy Merlin umowę o pracę na 3 miesiące z możliwością przedłużenia na czas nieokreślony, bo dla nas stabilne warunki zatrudnienia od zawsze są priorytetem ubezpieczenie na życie i prywatną opiekę medyczną, bo spokojna i zdrowa przyszłość są najważniejsze programy rozwojowe, bo stale wspieramy Twój rozwój dostęp do kursów i szkoleń, bo dzielimy się wiedzą i doświadczeniami platformę do nauki języków dla Ciebie i Twoich bliskich (goFluent), bo z nami możesz szlifować języki i podbijać świat platformę psychologiczną, edukacyjną i wellbeingową Mindgram z nielimitowanym dostępem do konsultacji ze specjalistami (psychologowie, terapeuci, trenerzy profilaktyki zdrowia), bo Twój rozwój i dobrostan są dla nas ważne platformę benefitów myBenefit (w tym karta MultiSport), bo dajemy Ci możliwość wyboru smartfona również do użytku prywatnego, bo lubimy być mobilni w naszej pracy zniżkę na zakupy w naszych sklepach, bo wspieramy Cię w realizacji Twoich marzeń pożyczkę na pierwsze mieszkanie, na bardzo korzystnych warunkach, bo ułatwiamy Ci start w samodzielność dofinansowanie do termomodernizacji, bo dbamy o Twoje oszczędności i myślimy o środowisku płatny program poleceń pracowniczych, bo wiemy, że nasi Pracownicy są najlepszymi ambasadorami Zachęcamy do aplikowania również osoby z niepełnosprawnością.",3339,FULL_TIME,Umowa o pracę,Umowa o pracę,,,,,,NONE,,False,False,,,False,False,lead,,lead,True,,1760212966000,1760212966000,pl
zatrudnie-do-wylewek-mixokretem-laciarza-zacierajacego-lub-cala-bryga-CID4-IDYCXDr,https://www.olx.pl/oferta/praca/zatrudnie-do-wylewek-mixokretem-laciarza-zacierajacego-lub-cala-bryga-CID4-IDYCXDr.html,UNKNOWN,"Zatrudnię do wylewek mixokretem łaciarza, zacierajacego lub całą bryga",Tomaszów Mazowiecki,"Przyjmę do wylewek maszynowych mixokretem łaciarza-ściągającego, zacierajacego lub całą brygadę z doświadczeniem. Praca na terenie województwa łódzkiego. Wynagrodzenie tygodniowe. Umowa o prace. Więcej informacji udzielę telefonicznie. 7 9 1 6 5 3 7 6 2",253,FULL_TIME,Umowa o pracę,Umowa o pracę,,,,,,NONE,,False,False,,,False,False,,,,False,,1760213006000,1760213006000,pl
zatrudnie-kierowce-w-ruchu-krajowym-c-e-CID4-ID17MfkX,https://www.olx.pl/oferta/praca/zatrudnie-kierowce-w-ruchu-krajowym-c-e-CID4-ID17MfkX.html,UNKNOWN,Zatrudnię kierowcę w ruchu krajowym C+E,Śrem,"Praca od poniedziałku do piątku w Wielkopolsce, codziennie odpoczynek w domu, weekendy wolne. Proszę o kontakt telefoniczny- Piotr Kuczkowski - 60*****39 Obowiązki: Kierowanie pojazdem kategorii C+E. Realizacja tras krajowych. Troska o powierzony sprzęt i towar. Przestrzeganie przepisów dotyczących czasu pracy. Dostarczanie towaru do odbiorców. Wymagania: Prawo jazdy kat. C+E. Ukończony kurs na przewóz towarów. Elastyczność czasowa. Gotowość do długotrwałej współpracy. Posiadanie odpowiednich kwalifikacji do przewozu towarów.",531,FULL_TIME,Umowa o pracę,Umowa o pracę,1.0,,,,,NONE,,False,False,,,False,False,,,,False,,1760213037000,1760213037000,pl
mlodszy-specjalista-ds-operacyjnych-CID4-ID13hvXy,https://www.olx.pl/oferta/praca/mlodszy-specjalista-ds-operacyjnych-CID4-ID13hvXy.html,UNKNOWN,Młodszy specjalista ds. operacyjnych,"Szczecin, Centrum","GIGI CARGO poszukuje osoby do wsparcia w realizacji projektu związanego z transportem medycznym! Oferujemy: Elastyczne godziny pracy dostosowane do Twojego planu zajęć. Atrakcyjne wynagrodzenie Możliwość nauki i rozwoju zawodowego – brak doświadczenia nie jest przeszkodą, wszystkiego Cię nauczymy! Pracę w dynamicznym zespole, który wspiera rozwój umiejętności. Wymagania: Podstawowa znajomość pakietu MS Office. Odpowiedzialność i zaangażowanie. Chęć nauki i rozwijania swoich umiejętności. Samodzielność oraz dobra komunikatywność. Dołącz do zespołu GIGI CARGO! Zainteresowane osoby zapraszamy do kontaktu i przesyłania CV. Start od zaraz!",642,PART_TIME,Umowa o pracę,Umowa o pracę,,,,,,NONE,,False,False,,,False,False,mid,,mid,True,,1760213037000,1760213037000,pl
doradca-klienta-bricoman-kowale-CID4-ID15Ih4K,https://www.olx.pl/oferta/praca/doradca-klienta-bricoman-kowale-CID4-ID15Ih4K.html,UNKNOWN,Doradca Klienta - Bricoman Kowale,Kowale,"Twoje zadania to: Zapewnienie profesjonalnej obsługi Klientów Zapewnienie dostępności towarów na dziale (zamówienia, wykładanie towaru na półkę) Dbanie o dobry wygląd działu (czuwanie nad poprawnością etykiet cenowych, przygotowanie plakatów cenowych) Udział w inwentaryzacjach Współpraca w zespole Nasze oczekiwania: Posiadasz doświadczenie w sprzedaży - mile widziane Chcesz się rozwijać Lubisz pracować z Ludźmi Dobrze organizujesz swoją pracę Lubisz pracę zespołową Oferujemy: Umowa o pracę na czas nieokreślony już po 6 miesiącach Prywatna opieka medyczna Akcjonariat pracowniczy Dodatkowe ubezpieczenie grupowe Karta Multisport Możliwość uczestniczenia w programach rozwojowych Smartfon Rabat pracowniczy Dodatkowe świadczenia socjalne Wczasy pod gruszą Bony na święta",774,FULL_TIME,Umowa o pracę,Umowa o pracę,,,,,,NONE,,False,False,,,False,False,,,,False,,1760213037000,1760213037000,pl
zatrudnimy-barmana-barmanke-CID4-ID164NX3,https://www.olx.pl/oferta/praca/zatrudnimy-barmana-barmanke-CID4-ID164NX3.html,UNKNOWN,Zatrudnimy Barmana / Barmankę,"Warszawa, Śródmieście","Dołącz do naszej ekipy! Klub La Pose to jedyna taka przestrzeń w samym centrum Warszawy, Znajdziesz nas przy Mazowieckiej 6/8. La Pose to wyjątkowa kuchnia, doskonałe koktaile oraz przestrzeń do imprezowania. Jesteśmy lokalem dla każdego. U nas nie ma podziałów i każdy może być sobą. La Pose to miejsce LGBT+, w którym każdy jest mile widziany! Wymagania: Minimum rok doświadczenia w pracy za barem Dyspozycyjność w godzinach popołudniowych i nocnych Komunikatywność, otwartość Wysoka kultura osobista Pozytywne nastawienie oraz zaangażowanie Co oferujemy: Stałe zatrudnienie Możliwość rozwoju Podstawę + premię za sprzedaż Terminowe rozliczenie Szkolenia, konkursy od naszych partnerów Osoby chętne zapraszamy do przesyłania CV ze zdjęciem Skontaktujemy się z wybranymi kandydatami",783,PART_TIME,Umowa zlecenie,Umowa zlecenie,,,,,,NONE,,False,False,,,False,False,,,,False,,1760213057000,1760213057000,pl
koordynator-pracownikow-tymczasowych-z-j-ukrainskim-rosyjskim-CID4-ID17MQMl,https://www.olx.pl/oferta/praca/koordynator-pracownikow-tymczasowych-z-j-ukrainskim-rosyjskim-CID4-ID17MQMl.html,UNKNOWN,Koordynator pracowników tymczasowych z j. ukraińskim/ rosyjskim,"Łódź, Śródmieście","Firma FES GROUP Sp. z o.o. jest dynamicznie rozwijającym się podmiotem na rynku usług outsourcingu i pracy tymczasowej. Naszą firmę tworzą ludzie kreatywni i pełni pasji. Współpracujemy z firmami, które cechuje różnorodność pod względem wielkości oraz kapitału. Wieloletnie doświadczenie i praktyka sprawia, że skutecznie wspieramy naszych kontrahentów w terminowej realizacji zleceń. Oferujemy: Pracę w dynamicznie rozwijającej się firmie o stabilnej pozycji na rynku. Atrakcyjny system wynagrodzenia — podstawa + premie. Praca w biurze od poniedziałku do piątku od 08:00-16:00 Praca w milej atmosferze i w zgranym zespole Niezbędne narzędzia pracy: laptop, telefon,kawa, herbata, ciasteczka, samochód służbowy. Szansa na rozwój i awans w wewnętrznych strukturach firmy. Wymagania: Biegle posługujesz się j. ukraińskim/rosyjskim oraz polskim; Masz prawo jazdy kat. B (warunek konieczny); Wymagane doświadczenie: minimum 2 lata na podobnym stanowisku. Dobrze organizujesz pracę i lubisz pracować w zespole; Lubisz rozwiązywać niestandardowe sytuacje; Dobra znajomość obsługi komputera i pakietu MS office; Obowiązki: Wspierać pracowników przed rozpoczęciem pracy (zakwaterowanie, wydawanie odzieży roboczej, oraz ); Obsługiwać pracowników tymczasowych w trakcie zatrudnienia; Rozwiązywać wszelkie kwestii w relacji Klient-Pracownik; Budować pozytywny wizerunek oraz trwałe relacje z klientami; Sporządzać raporty i zestawienia dotyczące powierzonych procesów. Współpracą z wewnętrznymi działami firmy (np. rekrutacja, księgowość, kadry, sprzedaż itp.), Wyjazdy służbowe. Zastrzegamy sobie prawo do kontaktu z wybranymi osobami. Aplikacje bez CV nie będą rozpatrywane. o ochronie danych osobowych (t.j. Dz. U. z 2016 r., poz. 922)”. z o.o. moich danych osobowych uzyskanych w procesie rekrutacji przez okres 1 roku od daty przesłania niniejszego dokumentu na potrzeby przyszłych rekrutacji. Informujemy, że Administratorem danych jest FES GROUP z siedzibą w Łodzi przy ul. NAWROT 114, III PIĘTRO, 90-029 Łódź. Dane zbierane są dla potrzeb rekrutacji. Ma Pani/Pan prawo dostępu do treści swoich danych oraz ich poprawiania. Podanie danych w zakresie określonym przepisami ustawy z dnia 26 czerwca 1974 r. Podanie dodatkowych danych osobowych jest dobrowolne.",2256,FULL_TIME,"Umowa o pracę, Umowa zlecenie","Umowa o pracę, Umowa zlecenie",,,,,,NONE,,False,False,,,False,False,lead,2.0,lead,True,,1760213057000,1760213057000,pl
magazynier-dodatek-za-dojazdy-CID4-ID17I7nw,https://www.olx.pl/oferta/praca/magazynier-dodatek-za-dojazdy-CID4-ID17I7nw.html,UNKNOWN,Magazynier- dodatek za dojazdy,Grodzisk Mazowiecki,"Dla naszego Klienta, znanej firmy z obszaru konstrukcji szalunkowych, poszukujemy osoby na stanowisko Pracownika Magazynu w miejscowości Koszajec. Jeśli jesteś osobą zorganizowaną, gotową do pracy na magazynie i spełniasz poniższe kryteria, serdecznie zapraszamy do aplikowania! Zakres obowiązków Kompletowanie i przygotowywanie wysyłek. Rozładunek i załadunek samochodów. Klasyfikowanie i przyjmowanie towaru zgodnie z procedurami. Przekładanie i układanie materiału na placu magazynowym. Obsługa wózka widłowego. Poszukiwane kompetencje Gotowość do pracy w systemie 2- zmianowym (6-14,14-22). Umiejętność efektywnej pracy w zespole. Dbałość o przestrzeganie zasad bezpieczeństwa pracy. Uprawnienia do obsługi wózków widłowych UDT będą dodatkowym atutem, ale nie są konieczne. Oferujemy Stabilne zatrudnienie na podstawie umowy o pracę na pełen etat. Premie kwartalne. Darmowe posiłki pracownicze przez cały rok. Dodatkową dopłatę do urlopu. Szeroki pakiet medyczny finansowany przez pracodawcę. Możliwość przystąpienia do ubezpieczenia na życie. Dofinansowanie do karty Multisport. Dodatek do dojazdów od 40 km.",1113,FULL_TIME,Umowa o pracę,Umowa o pracę,,,,,,NONE,,False,False,,,False,False,,,,False,,1760213107000,1760213107000,pl
konsultantka-konsultant-ds-sprzedazy-i-obslugi-contact-center-CID4-ID17L4oI,https://www.olx.pl/oferta/praca/konsultantka-konsultant-ds-sprzedazy-i-obslugi-contact-center-CID4-ID17L4oI.html,UNKNOWN,Konsultantka/Konsultant ds. sprzedaży i obsługi contact center,"Łódź, Śródmieście","Na co dzień w naszym zespole: telefonicznie obsługujesz klientów Banku - rozmowy przychodzące i wychodzące, sprzedajesz produkty i usługi bankowe, przyjmujesz zlecenia od klientów, odebrane dyspozycje wykonujesz w aplikacjach bankowych, udzielasz informacji na temat produktów, dbasz o dobrą relację z klientem. To stanowisko może być Twoje, jeśli: lubisz rozmawiać, poprawnie się wysławiasz i potrafisz słuchać, posiadasz minimum wykształcenie średnie, z łatwością zdobywasz nową wiedzę i chcesz się rozwijać, odpowiada Ci praca zmianowa, a dyspozycyjność i elastyczność w układaniu czasu pracy nie jest Ci obca, masz pozytywne nastawienie i motywację do działania, myślisz kreatywnie i cechuje Cię odporność na stres, lubisz wyzwania i osiąganie postawionych celów, sprawnie obsługujesz komputer i masz ciekawość poznawania nowych aplikacji, możliwość pracy zdalnej. Dodatkowym atutem będzie: umiejętność płynnej rozmowy w języku angielskim, rosyjskim lub ukraińskim.",969,FULL_TIME,Umowa o pracę,Umowa o pracę,1.0,,,,,NONE,,False,False,,,False,False,,,,False,,1760213128000,1760213128000,pl
blacharz-samochodow-ciezarowcyh-volvo-nijwa-CID4-ID150uYt,https://www.olx.pl/oferta/praca/blacharz-samochodow-ciezarowcyh-volvo-nijwa-CID4-ID150uYt.html,UNKNOWN,"Blacharz samochodów cieżarowcyh Volvo, Nijwa",Rzgów,"Opis Dołącz do najlepszych specjalistów w branży na stanowisko BLACHARZA SAMOCHODÓW CIĘŻAROWYCH VOLVO Jeśli chciałbyś związać się z odpowiedzialnym pracodawcą i rozwijać się w dynamicznej organizacji na stanowisku blacharza samochodów ciężarowych zapraszamy do zapoznania się z naszą ofertą. OFERUJEMY Stabilne zatrudnienie na podstawie umowy o pracę Wynagrodzenie zgodne z wykonywanymi obowiązkami Pracę w profesjonalnym i przyjaznym zespole Możliwość ciągłego dokształcania i zdobywania nowych umiejętności przy najlepszych specjalistach w branży Bezpieczne warunki pracy ze sprzętem najwyższej jakości Atrakcyjny pakiet socjalny oraz pakiety MEDICOVER SPORT Opiekę medyczną najwyższej jakości w grupie LUX MED OCZEKUJEMY Wykształcenia zawodowego lub średniego w zakresie mechaniki Prawa jazdy kat. 6 ust. 1 lit. Informujemy, że administratorem podanych przez Panią/Pana danych osobowych jest NIJWA sp. z o. o. z siedzibą przy ul. Holenderskiej 3, 99-300 Kutno. Ponadto, informujemy, że: 1. Pani/Pana dane osobowe będą przetwarzane prze NIJWA sp. z o. o. w celu przeprowadzenia i rozstrzygnięcia procesu rekrutacji na stanowisko wskazane w ogłoszeniu, na podstawie art. 6 ust. 6 ust. 1 lit. 6 ust. 1 lit. przesłanie dokumentów aplikacyjnych) w przypadku przekazania przez kandydata szerszego zakresu danych niż jest to wskazane w przepisach prawa, art. 6 ust. 1 lit. 2. Odbiorcami danych osobowych kandydatów do pracy w zależności od celów przetwarzania mogą być: podmioty świadczące usługi związane z obsługą procesu rekrutacji, świadczące usługi doradztwa personalnego, świadczące usługi niszczenia dokumentów i innych nośników a także upoważnione do odbioru danych na podstawie przepisów prawa 3. Pani/Pana dane osobowe będą przetwarzane do momentu zakończenia procesu rekrutacji na wskazane w ogłoszeniu stanowisko, w przypadku wyrażenia zgody na przetwarzanie danych na potrzeby przyszłych rekrutacji prowadzonych przez Administratora - do momentu wycofania tej zgody. Po wskazanym wyżej okresie, dane osobowe przechowywane będą przez czas, jaki właściwe przepisy prawa nakazują przechowanie danych lub przez okres przedawnienia ewentualnych roszczeń. 4. Przysługuje Pani/Panu prawo żądania dostępu do danych osobowych dotyczących Pani/Pana osoby, ich sprostowania, usunięcia lub ograniczenia przetwarzania oraz prawo do wniesienia sprzeciwu wobec przetwarzania, a także prawo do przenoszenia danych. Ponadto, przysługuje Pani/Panu prawo do cofnięcia wyrażonej zgody w dowolnym momencie. Powyższe nie wpływa na zgodność z prawem przetwarzania, którego dokonano na podstawie wyrażonej przez Panią/Pana zgody przed jej cofnięciem. 6. Podanie danych w zakresie wskazanym w Kodeksie pracy lub w innych ustawach szczegółowych (według wymogów ogłoszenia) jest niezbędne do wzięcia udziału w postępowaniu rekrutacyjnym. Konsekwencją niepodania tych danych może być wykluczenie kandydata do pracy z prowadzonego postępowania rekrutacyjnego. Podanie pozostałych danych ma charakter dobrowolny i nie ma wpływu na możliwość udziału w rekrutacji. Informujemy ze w Nijwa sp. z o.o.",3075,FULL_TIME,Umowa o pracę,Umowa o pracę,,,,,,NONE,,False,False,,,False,False,,,,False,,1760213128000,1760213128000,pl
automatyk-christiana-meble-sp-z-o-o-sp-k-CID4-ID17KSwM,https://www.olx.pl/oferta/praca/automatyk-christiana-meble-sp-z-o-o-sp-k-CID4-ID17KSwM.html,UNKNOWN,Automatyk - Christiana Meble sp. z o.o. sp. k.,Wągrowiec,"POLIPOL. ludzie i meble Grupa POLIPOL to więcej niż producent mebli – to twórca wyjątkowych przestrzeni do życia. Dzięki zaangażowaniu naszych pracowników i najwyższej jakości materiałom, nasze meble stają się częścią domów, w których rodzą się wspomnienia. Człowiek jest dla nas najważniejszy – zarówno Klient, dla którego tworzymy, jak i Pracownik, który wnosi swoje serce i talent w każdy projekt. To ich pasja stanowi naszą przewagę. W związku z rozwojem poszukujemy osoby na stanowisko: AUTOMATYK Zakres obowiązków: Diagnozowanie i usuwanie awarii maszyn oraz instalacji elektrycznych Przeglądy, konserwacja i drobne modernizacje urządzeń Wsparcie produkcji w rozwiązywaniu problemów technicznych Programowanie lub modyfikacja prostych układów sterowania (PLC, czujniki, napędy) Dbanie o bezpieczeństwo i sprawność urządzeń Wymagania: Wykształcenie techniczne (elektryka, automatyka, mechatronika lub podobne) Doświadczenie w pracy przy maszynach przemysłowych Umiejętność czytania schematów elektrycznych Uprawnienia SEP do 1 kV Samodzielność i dobra organizacja pracy Czeka na Ciebie: ciekawa praca w renomowanej firmie z branży meblarskiej o zasięgu międzynarodowym; możliwość dofinansowania kosztów dojazdu do pracy; szeroki system szkoleń; motywacyjny system wynagradzania; pracowniczy Program Emerytalny; ubezpieczenie grupowe; bezpieczne warunki pracy. Aplikuj TERAZ! Kontakt: Christiana Meble sp. z o.o. sp. k.m, ul. Rygielska 51, 62-100 Wągrowiec, Tel.: +48 672828240",1481,FULL_TIME,Umowa o pracę,Umowa o pracę,,,,,,NONE,,False,False,,,False,False,,,,False,,1760213148000,1760213148000,pl
action-zastepca-kierownika-sklepu-deblin-CID4-ID17Mwj8,https://www.olx.pl/oferta/praca/action-zastepca-kierownika-sklepu-deblin-CID4-ID17Mwj8.html,UNKNOWN,Action - Zastępca Kierownika Sklepu – Dęblin,Dęblin,"Potrzebujesz nowej energii? Wrzuć karierę na wyższy bieg! Dołącz do naszego zespołu! Jesteśmy najszybciej rozwijającą się firmą sprzedającą artykuły niespożywcze w Europie, a nasi pracownicy odgrywają kluczową rolę w umożliwianiu nam tego rozwoju. W codziennych obowiązkach kierujemy się wartościami takimi jak praca zespołowa, szacunek, prostota, dyscyplina, ukierunkowanie na klienta oraz świadomość kosztów. Jeśli wymienione wartości są ważne również dla Ciebie, zachęcamy Cię do aplikowania! Jako pracownicy jesteśmy tak samo zróżnicowani, jak nasi klienci: młodsi, starsi, mężczyźni, kobiety, osoby z doświadczeniem bądź dopiero wkraczające na rynek pracy, osoby wszystkich narodowości, osoby pełnosprawne oraz z niepełnosprawnościami. W Action możesz być po prostu sobą! Dołącz już dziś do naszego zespołu na stanowisku: Asystent Kierownika Sklepu Twoja rola w naszej organizacji jako Asystent Kierownika Sklepu wraz z Kierownikiem i współpracownikami będziesz zarządzać pracą podległego zespołu w celu zapewnienia właściwego funkcjonowania sklepu oraz zagwarantowania satysfakcjonującej obsługi naszych klientów. Oczekujemy od Ciebie: - doświadczenia w pracy w handlu - doświadczenia w zarządzaniu zespołem - elastyczności i otwartości na pracę w systemie zmianowym oraz w weekendy - umiejętności organizowania i planowania pracy, zorientowania na wyniki - zdolności przywódczych, odpowiedzialności, uczciwości i samodzielności. Jako Asystent Kierownika Sklepu będziesz: - zarządzać podległym zespołem pracowników: rekrutować, szkolić, motywować - dbać o proces rozwoju pracowników - nadzorować realizację planów sprzedażowych oraz standardów ekspozycji towarów - odpowiadać za regularne zamówienia stałego asortymentu - brać aktywny udział w procesie sprzedaży oraz dbać o profesjonalną obsługę klienta - pracować ramię w ramię z zespołem na sali sprzedaży - dbać o dobry wizerunek sklepu oraz standardy sieci. W zamian przygotowaliśmy dla Ciebie : ciekawą pracę w przyjaznej atmosferze międzynarodowej organizacji prosty proces wdrożenia w postaci dwumiesięcznego szkolenia możliwość rozwoju i awansu zawodowego – ponad połowę stanowisk kierowniczych obejmują pracownicy z awansów wewnętrznych bezpłatny pakiet opieki medycznej Luxmed 26 dni urlopu wypoczynkowego w ciągu roku kalendarzowego, bez względu na staż pracy i wykształcenie Karta Multisport Plus rabat pracowniczy na zakupy w sklepach Action – 15% program poleceń pracowniczych. Jako firma odpowiedzialna społecznie angażujemy się w akcje charytatywne, dbamy o zrównoważony rozwój, jesteśmy również otwarci na zatrudnianie osób z niepełnosprawnością. Daj się zaskoczyć! Dołącz do naszego zespołu Odwiedź naszą stronę kariery, aby dowiedzieć się o nas więcej pl.action.jobs",2742,FULL_TIME,Umowa o pracę,Umowa o pracę,,,,,,NONE,,False,False,,,False,False,,,,False,,1760213168000,1760213168000,pl
zastepca-zastepczyni-kierownika-sklepu-maxi-zoo-bydgoszcz-CID4-ID17DibQ,https://www.olx.pl/oferta/praca/zastepca-zastepczyni-kierownika-sklepu-maxi-zoo-bydgoszcz-CID4-ID17DibQ.html,UNKNOWN,Zastępca/Zastępczyni Kierownika sklepu - Maxi Zoo Bydgoszcz,Bydgoszcz,"Wasze szczęście to nasza radość” Jesteśmy największą siecią sklepów zoologicznych w Polsce i Europie. Codziennie dokładamy wszelkich starań, aby życie zwierząt i ich Opiekunów było łatwiejsze, lepsze i szczęśliwsze. W naszych sklepach nie sprzedajemy zwierząt, ponieważ jesteśmy siecią sklepów dla zwierząt. Oferujemy szeroki wybór produktów wysokiej jakości dla każdego Pupila. W codziennej pracy kierujemy się wartościami takimi jak: odwaga, otwartość, szczerość, życzliwość, uczciwość, wzajemne wsparcie oraz pasja i miłość do zwierząt! Aktualnie do naszego zespołu poszukujemy: Zastępcy/ Zastępczyni Kierownika sklepu Miejsce pracy: Bydgoszcz Co możemy Tobie zaproponować? · pracę w zgranym i pomocnym Zespole · premię za wyniki sprzedaży · stabilne zatrudnienie na podstawie umowy o pracę - pierwsza umowa o pracę na 6 miesięcy, po spełnieniu oczekiwań umowa na czas nieokreślony · zniżki na produkty firmowe · prywatną opiekę medyczną · ubezpieczenie na życie · dofinansowanie do pakietu MultiSport oraz MultiLife · ciekawe szkolenia i możliwości rozwoju · dodatkowy dzień wolny za wolontariat na rzecz zwierząt · możliwość przychodzenia do pracy z Pupilem · bonus finansowy za polecenie osoby do pracy · dodatkowe dni urlopu za staż pracy Dołącz do nas, jeśli wyróżniasz się: · doświadczeniem w zarządzaniu Zespołem oraz prowadzeniem sklepu · znajomością wskaźników sprzedażowych i umiejętnością ich analizy · samodzielnością i dynamiką działaniu · umiejętnością pracy z Klientem – jest to Twoja mocna strona · gotowością do pracy na różne zmiany oraz w weekendy · zaangażowaniem i entuzjazmem w wykonywaniu obowiązków · otwartością na zmiany i głową pełną pomysłów – chętnie je poznamy · zamiłowaniem do świata zwierząt i chęcią niesienia im pomocy · gotowością do pracy fizycznej Czym będziesz się u nas zajmować? · organizowaniem sprzedaży w sposób zapewniający realizację planów sprzedaży · utrzymywaniem obsługi Klienta na jak najwyższym poziomie · sprawowaniem kontroli nad stanem magazynowym · zarządzaniem Zespołem podczas nieobecności Kierownika Sklepu (motywowanie, szkolenie, delegowanie zadań) · utrzymywaniem najwyższych standardów wizualizacji oraz ekspozycji towaru na sklepie Rozwijaj się razem z nami! Nie czekaj - już teraz prześlij swoje CV lub pozostaw je w jednym z naszych sklepów! * Nagroda Top For Dog 2021 w kategorii Najlepszy Sklep Stacjonarny",2377,FULL_TIME,Umowa o pracę,Umowa o pracę,,,,,,NONE,,False,False,,,False,False,,,,False,,1760213189000,1760213189000,pl
restauracja-w-krakowie-zatrudni-pomoc-kuchenna-CID4-ID17L1jZ,https://www.olx.pl/oferta/praca/restauracja-w-krakowie-zatrudni-pomoc-kuchenna-CID4-ID17L1jZ.html,UNKNOWN,Restauracja w Krakowie zatrudni pomoc kuchenną,"Kraków, Stare Miasto",Obowiązki: obróbka wstępna warzyw garmażerka utrzymanie porządku mycie naczyń Godziny pracy: praca zmianowa w godzinach 10-22 praca 7 dni w tygodniu (również soboty i niedziele),177,FULL_TIME,Umowa o pracę,Umowa o pracę,,,,,,NONE,,False,False,,,False,False,,,,False,,1760213189000,1760213189000,pl
mechanik-pomocnik-mechanika-drobne-prace-magazynowe-CID4-ID13XU3F,https://www.olx.pl/oferta/praca/mechanik-pomocnik-mechanika-drobne-prace-magazynowe-CID4-ID13XU3F.html,UNKNOWN,"Mechanik, pomocnik mechanika/drobne prace magazynowe",Koszalin,"Firma transportowa poszukuje osoby na stanowisko Mechanik samochodów ciężarowych . Uprzejmie informujemy, że odpowiemy tylko na wybrane oferty.",143,FULL_TIME,Umowa o pracę,Umowa o pracę,,,,,,NONE,,False,False,,,False,False,,,,False,,1760213220000,1760213220000,pl
platny-staz-praktyka-studentka-w-biurze-rachunkowym-CID4-ID17IRQw,https://www.olx.pl/oferta/praca/platny-staz-praktyka-studentka-w-biurze-rachunkowym-CID4-ID17IRQw.html,UNKNOWN,Płatny staż/ praktyka - studentka w biurze rachunkowym,Toruń,"Zainwestuj w siebie . Zdobywaj doświadczenie od profesjonalistów. Zostań mistrzem księgowości i podatków bez korporacyjnej rywalizacji !!! Jesteś zdolny to nie marnuj swojego talentu ! Czekamy na Ciebie !!! Kancelaria Podatkowa TAXTOR o ugruntowanej i stabilnej pozycji na rynku usług podatkowo-księgowych ( działamy już od 25 lat - więcej o nas na ) zatrudni obecnie osobę na staż/praktyki finansowane ze środków pracodawcy: Stażysta/Praktykant - Studentka Zapraszamy do kontaktu ogarnięte , pozytywne i samodzielne osoby !!! Zadania: - wprowadzanie dokumentów do systemów księgowych - na początek PKPiR - prowadzenie rejestrów VAT - obsługa sekretariatu i wykonywanie innych prac biurowych - bezpośredni kontakt z klientami Kancelarii Wymagania: - studentka studiów dziennych lub zaocznych ( mile widziane wykształcenie średnie ekonomiczne z wyróżnieniem) - dyspozycyjność w wymiarze od 20 godzin tygodniowo ( możliwość pracy również w wybrane soboty ) - zainteresowania w zakresie podatków , rachunkowości, prawa pracy - mile widziane podstawy obsługi programów księgowych ( najlepiej INSERT GT ) - zaangażowanie i umiejętność analitycznego myślenia - odpowiedzialność i dobra organizacja pracy własnej Oferujemy: · Codzienną naukę w kulturze otwartości i dzielenia się wiedzą w małej rodzinnej firmie . Odpłatne staże/ praktyki finansowane ze środków pracodawcy · Umowę o płatne staże na okres do 1 do 3 miesięcy · Elastyczny czas odbywania stażu/praktyk dostosowany do zajęć na uczelni (do wyboru w godzinach od 7.00 do 19.00 ) · Naukę lub doskonalenie obsługi programów księgowych ( pracujemy na programach firmy INSERT ) · Udział w szkoleniach zawodowych · Po odbyciu stażu możliwość zatrudnienia w elastycznej formie na dłuższy okres czasu na umowę zlecenie ! ZUAIWESTUJ W SIEBIE TERAZ ! UCZ SIĘ OD NAJLEPSZYCH ! Więcej informacji o nas na : Aplikacji (CV, list motywacyjny ) można również przesłać bezpośrednio na adres mailowy: kancelaria ""znak małpa"" taxtor.pl",1971,PART_TIME,Praktyka / staż,Praktyka / staż,,,,,,NONE,,False,False,,,False,False,intern,,intern,True,,1760213220000,1760213220000,pl
pracownik-produkcji-uszczelnien-CID4-ID17Im1U,https://www.olx.pl/oferta/praca/pracownik-produkcji-uszczelnien-CID4-ID17Im1U.html,UNKNOWN,PRACOWNIK produkcji uszczelnień,"Gdańsk, Stogi z Przeróbką","Przedsiębiorstwo POLMIX-AST z siedzibą w Gdańsku działające od przeszło 35 lat na rynku serwisu, montażu i dostaw maszyn budowlanych z sektora transportu i pompowania betonu poszukuje do zakładu produkcyjnego w Gdańsku PRACOWNIKA produkcji uszczelnień Opis stanowiska: Produkcja uszczelnień i elementów z gumy i silikonu; Przygotowywanie form i ustawienie pras wulkanizacyjnych pod produkcję; Przygotowywanie surowców do produkcji; Kontrola jakości detali wykonywanych na maszynie; Prowadzenie zapisów w dokumentacji produkcyjnej; Planowanie produkcji i dbałość o harmonogram produkcji; Nadzór i dbałość o maszyny oraz prowadzenie bieżących przeglądów; Oczekujemy: chęci do pracy, inicjatywy i zaangażowania, komunikatywności i umiejętności pracy w zespole, Oferujemy: atrakcyjne wynagrodzenie; umowę o pracę; niezbędne narzędzia; Opis dodatkowy: Osoby zainteresowane prosimy o kontakt telefoniczny pod numerem +48***********21 lub o przesyłanie aplikacji na adres rekrutacja at polmix-ast.pl, podając w tytule nazwę stanowiska.",1028,FULL_TIME,Umowa o pracę,Umowa o pracę,,,,,,NONE,,False,False,,,False,False,,,,False,,1760213240000,1760213240000,pl
kucharz-pomoc-kuchenna-sklep-intermarche-CID4-ID17I9jV,https://www.olx.pl/oferta/praca/kucharz-pomoc-kuchenna-sklep-intermarche-CID4-ID17I9jV.html,UNKNOWN,KUCHARZ / POMOC KUCHENNA (sklep Intermarche),Zielona Góra,"POSZUKUJEMY PRACOWNIKÓW – KUCHARZ / POMOC KUCHENNA Miejsce pracy: Intermarché, ul. Szosa Kisielińska 22, Zielona Góra Dołącz do naszego zespołu i rozwijaj się w stabilnej firmie z doświadczeniem na rynku! Aktualnie poszukujemy osób na stanowiska: Kucharz Pomoc kuchenna Oferujemy: atrakcyjne wynagrodzenie stabilne zatrudnienie w sieci handlowej o ugruntowanej pozycji na rynku Wsparcie i pełne wdrożenie Przyjazną atmosferę pracy i zgrany zespół, który zawsze pomoże Doceniamy Twoje pomysły i zaangażowanie – masz realny wpływ na to, jak wygląda Twoja praca. Obowiązki: Przygotowywanie potraw zgodnie z ustalonymi standardami. Zapewnianie jakości i estetyki serwowanych dań. Utrzymanie czystości na stanowisku pracy. Praca w zespole. Przygotowywanie składników do gotowania. Kontrola jakości żywności i zapasów. Praca w warunkach presji czasu. Przestrzeganie zasad bezpieczeństwa i higieny. Wymagania: Doświadczenie na stanowisku. Znajomość technik kulinarnych i standardów sanitarnych. Umiejętność pracy w zespole. Dyspozycyjność. Aktualne uprawnienia sanitarno-epidemiologiczne. Umiejętność pracy pod presją czasu. Dobra organizacja pracy. Znajomość języka polskiego na poziomie komunikatywnym. Wytrzymałość fizyczna.",1220,FULL_TIME,Umowa o pracę,Umowa o pracę,,,,,,NONE,,False,False,,,False,False,,,,False,,1760213280000,1760213280000,pl
poszukujemy-specjalisty-do-spraw-mediow-spolecznosciowych-CID4-ID17KX1K,https://www.olx.pl/oferta/praca/poszukujemy-specjalisty-do-spraw-mediow-spolecznosciowych-CID4-ID17KX1K.html,UNKNOWN,Poszukujemy specjalisty do spraw mediów społecznościowych,"Warszawa, Białołęka","Poszukujemy specjalisty do spraw mediów społecznościowych osoby komunikatywnej, człowieka kreatywnego, który potrafi budować relacje biznesowe. Zakres obowiązków: Obsługa mediów społecznościowych Opracowywanie planów działań marketingowych, z uwzględnieniem mediów społecznościowych Obsługa programu lojalnościowego Obsługa baz danych klientów Przygotowywanie i wysyłka pakietów korzyści do uczestników programu lojalnościowego Czego oczekujemy Doświadczenia zawodowego w marketingu sprzedaży detalicznej Dobrej znajomości pakietu Office i platformy Idosel Doświadczenia w tworzeniu treści reklamowych i marketingowych, tekstowych, obrazkowych i filmowych Znajomość programu graficznego Photoshop będzie dodatkowym atutem Praktyczna znajomość funkcjonowania platform Facebook, Instagram, Tik-Tok Praca stacjonarna w siedzibie firmy Zgłoszenia wraz z CV proszę przesyłać przez formularz OLX.",890,FULL_TIME,Umowa zlecenie,Umowa zlecenie,0.0,,,,,NONE,,False,False,,,False,False,,,,False,,1760213301000,1760213301000,pl
kucharz-w-restauracji-manekin-CID4-ID17MKT6,https://www.olx.pl/oferta/praca/kucharz-w-restauracji-manekin-CID4-ID17MKT6.html,UNKNOWN,Kucharz w Restauracji Manekin,Olsztyn,"Szukasz pracy? Jesteś ambitną osobą? Lubisz wyzwania? Czekamy właśnie na Ciebie! Poszukujemy osób do pracy na stanowisko Kucharz. Opis stanowiska: wstępna obróbka warzyw i mięs produkcja sosów i dodatków produkcja zup, deserów, farszy współpraca zespołowa z innymi Kucharzami i pomocami kuchennymi dbałość o czystość na stanowisku pracy oraz o powierzony sprzęt przyjmowanie dostaw/sporządzanie zamówień Opis stanowiska: smażenie i faszerowanie NALEŚNIKÓW zgodnie ze standardami Manekina przygotowywanie stanowiska i półproduktów współpraca zespołowa z innymi działami dbałość o jakość wydawanych dań dbałość o czystość na stanowisku pracy oraz o powierzony sprzęt Oferujemy: szkolenie stanowiskowe od podstaw (szkolenie w innym mieście) stabilną pracę w zgranym zespole progresywne wynagrodzenie umowę zlecenie na start umowę o pracę (przy stałej współpracy) rabaty dla pracowników elastyczny grafik możliwości rozwoju i wsparcie od samego początku zatrudnienia Od chętnych oczekujemy: określonej dyspozycyjności (praca zmianowa, szczególnie w weekendy - na kuchni godziny poranne głównie 6-14) chęci do przyswajania nowej wiedzy zaangażowania i nastawienia na długofalową współpracę doświadczenia w gastronomii lub chęci jej zdobycia umiejętności pracy pod presją czasu",1271,FULL_TIME,"Umowa o pracę, Umowa zlecenie","Umowa o pracę, Umowa zlecenie",,,,,,NONE,,False,False,,,False,False,,,,False,,1760213321000,1760213321000,pl
kierowca-ce-poznan-wrzesnia-CID4-ID17I9X0,https://www.olx.pl/oferta/praca/kierowca-ce-poznan-wrzesnia-CID4-ID17I9X0.html,UNKNOWN,Kierowca CE Poznań Września,"Poznań, Chartowo","Kierowca CE – Poznań Hej, TY! Tak, dokładnie TY! Szukamy kogoś, kto ogarnie długie auto nie boi się tachografu i w piątek wieczorem włącza tryb weekend. U nas weekendy są święte, trasa pon–pt, kasa pewna , a zabawa w pracy obowiązkowa Jeśli masz jaja i humor – dzwoń teraz! 53*****29 Nie szukamy wielu, tylko TEGO jedynego mistrza kierownicy może to właśnie Ty!",361,FULL_TIME,Umowa o pracę,Umowa o pracę,,,,,,NONE,,False,False,,,False,False,,,,False,,1760213342000,1760213342000,pl
praca-dorywcza-dla-kazdego-CID4-ID17JNc0,https://www.olx.pl/oferta/praca/praca-dorywcza-dla-kazdego-CID4-ID17JNc0.html,UNKNOWN,Praca dorywcza dla każdego,Jędrzejów,"Praca dorywcza dla każdego- elastyczne godziny pracy, dobrze płatna. Zainteresowane osoby zapraszam do kontaktu telefonicznego lub sms:",135,PART_TIME,Umowa zlecenie,Umowa zlecenie,,,,,,NONE,,False,False,,,False,False,,,,False,,1760213342000,1760213342000,pl
doradca-mobilny-kierowca-w-wypozyczalni-samochodow-kat-b-CID4-ID17HwXg,https://www.olx.pl/oferta/praca/doradca-mobilny-kierowca-w-wypozyczalni-samochodow-kat-b-CID4-ID17HwXg.html,UNKNOWN,Doradca Mobilny - kierowca w wypożyczalni samochodów (kat. B),Bydgoszcz,"Holding1 to grupa kapitałowa, w którą wchodzą takie spółki jak PGD, Traficar, Express Car Rental, Workeo, Megapolis i wiele innych. Każda spółka ma za zadanie ułatwiać życie i zapewniać usługi bez stresu, bez nadmiernych emocji – prosto do celu. Dołącz do grona pracowników Holding1 i rozwijaj z nami nowe linie biznesowe pracując elastycznie w jednej z największych organizacji w Polsce. W związku z rozwojem naszych struktur poszukujemy Kandydatów na stanowisko: Doradca Mobilny – Kierowca kat. B. Oferujemy: Stabilną pracę w największej wypożyczalni samochodów w Polsce Elastyczne godziny pracy dopasowane do Twoich potrzeb Możliwość zdobycia pierwszego doświadczenia w obsłudze klientów indywidualnych jak i biznesowych Szkolenie wprowadzające organizowane przez Express Atrakcyjne wynagrodzenie (uzależnione od dyspozycyjności) + premie dla najlepszych pracowników Umowę zlecenie lub B2B Obowiązki: Przygotowanie pojazdów do wydania (kontrola czystości i sprawności technicznej samochodów) Dostarczanie/odbiór samochodów do/od Klientów na terenie Bydgoszczy i okolic Transport samochodów od/do serwisów, na myjnie oraz stację paliw na terenie miasta Transport samochodów między oddziałami na terenie Polski oraz wyjazdy zagraniczne (dodatkowa opcja dla zainteresowanych pracowników) Wymagania: Prawo jazdy kat. B Co najmniej roczne doświadczenie w prowadzeniu pojazdów kategorii B Dyspozycyjność od poniedziałku do piątku oraz 1-2 dni weekendowe na miesiąc Znajomość języka angielskiego przynajmniej na poziomie komunikatywnym Mile widziany status ucznia/studenta zaocznego",1578,PART_TIME,"Umowa zlecenie, Samozatrudnienie","Umowa zlecenie, Samozatrudnienie",,,,,,NONE,,False,False,,,False,False,,,,False,,1760213363000,1760213363000,pl
doradca-klienta-snipes-torun-3-4-etatu-CID4-ID14dzSW,https://www.olx.pl/oferta/praca/doradca-klienta-snipes-torun-3-4-etatu-CID4-ID14dzSW.html,UNKNOWN,Doradca Klienta - SNIPES Toruń (3/4 etatu),Toruń,"Chcesz pracować w dynamicznie rozwijającej się firmie? Lubisz kontakt z ludźmi? Znasz się na butach? Nasza firma to miejsce dla Ciebie. Snipes S.A. jest niekwestionowanym europejskim liderem w dziedzinie streetwear. Firma od ponad 25 lat prężnie działa na rynku międzynarodowym, rozwijając sieć stacjonarnych oraz internetowych sklepów oferujących obuwie i odzież takich marek jak Nike, Adidas, Asics, Jordan Brand, New Balance... i wielu wielu innych. Od tego roku jesteśmy obecni także w Polsce. W związku z dynamicznym rozwojem poszukujemy Kandydatów/Kandydatek na stanowisko: Doradca Klienta Miejsce pracy: SNIPES Toruń Copernicus - 3/4 etatu Zakres obowiązków: - Bezpośrednia obsługa Klienta zgodna z najwyższymi standardami marki - Praca z towarem zgodna z obowiązującymi zasadami ekspozycji - Prace porządkowe w salonie Wymagania: - Otwartości na pracę z Klientem - Łatwość w nawiązywaniu kontaktów - Zaangażowanie i wysoka kultura osobista - Wykształcenie minimum średnie - Doświadczenie w obsłudze Klienta będzie dodatkowym atutem - Mile widziana wiedza z zakresu sneakersów oraz oferowanych marek Oferujemy: - Stabilne zatrudnienie i atrakcyjne wynagrodzenie - Możliwość podnoszenia kwalifikacji i rozwoju zawodowego - Pracę w przyjaznym, kreatywnym i zaangażowanym zespole - Zniżkę na nasze produkty Osoby zainteresowane ofertą prosimy o przesłanie dokumentów za pośrednictwem formularza poniżej. , ulica Lotnicza 12, 54-155 Wrocław, jako potencjalnego pracodawcę, dla celów związanych z uczestnictwem w procesach rekrutacji. Przyjmuję do wiadomości, że powyższa zgoda może być w każdej chwili cofnięta.",1614,PART_TIME,"Umowa o pracę, Umowa zlecenie","Umowa o pracę, Umowa zlecenie",,,,,,NONE,,False,False,,,False,False,,,,False,,1760213363000,1760213363000,pl
specjalista-ds-sprzedazy-CID4-ID17L9Eo,https://www.olx.pl/oferta/praca/specjalista-ds-sprzedazy-CID4-ID17L9Eo.html,UNKNOWN,Specjalista ds. sprzedaży,Piła,"PellasX – lider w produkcji palników pelletowych poszukuje obecnie osoby na stanowisko: Specjalista ds. sprzedaży Miejsce pracy: Piła Wymiar pracy: pełen etat Liczba wakatów: 1 Opis stanowiska przygotowywanie ofert handlowych i negocjowanie warunków współpracy; bieżąca obsługa kontrahentów firmy i rozwijanie współpracy; sporadyczna współpraca z agencjami celnymi i spedytorami w ramach procedur eksportowych; weryfikacja rynków, monitorowanie działań konkurencji; współpraca z innymi działami firmy w celu realizacji zamówień; Nasze wymagania wykształcenie średnie techniczne; doświadczenie zawodowe w obszarze obsługi klienta/sprzedaży/eksportu; dobra znajomość języka angielskiego w mowie i piśmie; zdolności analityczne, zorganizowanie; Oferujemy: stabilne zatrudnienie w oparciu o umowę o pracę, możliwość zdobywania doświadczenia zawodowego w firmie produkcyjnej, interesującą pracę w dynamicznie rozwijającej się firmie o ugruntowanej pozycji na rynku, ubezpieczenie grupowe na życie, wynagrodzenie zależne od posiadanych kwalifikacji oraz premie,",1055,FULL_TIME,Umowa o pracę,Umowa o pracę,,,,,,NONE,,False,False,,,False,False,mid,,mid,True,,1760213384000,1760213384000,pl
spawacz-mig-zatrudnie-CID4-ID17Kdhw,https://www.olx.pl/oferta/praca/spawacz-mig-zatrudnie-CID4-ID17Kdhw.html,UNKNOWN,spawacz MIG zatrudnię,Toruń,"Opis stanowiska: -Prace spawalnicze metodą MIG przy produkcji maszyn i konstrukcji metalowych, Wymagania: -Wykształcenie techniczne, -Umiejętność czytania rysunku technicznego, -Doświadczenie w pracy na stanowisku spawacza MIG- min. 2 lata, -Samodzielność, odpowiedzialność i pracowitość, Oferujemy: -Dobre wynagrodzenie, -Przyjazne warunki pracy, -Możliwość rozwoju zawodowego, -Partnerska atmosfera w zespole.",411,FULL_TIME,Umowa o pracę,Umowa o pracę,,,,,,NONE,,False,False,,,False,False,,2.0,mid,True,,1760213416000,1760213416000,pl
specjalista-ds-obslugi-klienta-CID4-ID17upYX,https://www.olx.pl/oferta/praca/specjalista-ds-obslugi-klienta-CID4-ID17upYX.html,UNKNOWN,Specjalista ds. obsługi klienta,"Wrocław, Krzyki","PRACA od zaraz do 31/12/2025 Specjalista ds. Obsługi Klienta Miejsce pracy: Iwiny W ROOM99 wierzymy, że składniki otaczającej nas rzeczywistości wspierają nasze dobre samopoczucie i sprzyjają dążeniu do budowania szczęśliwego domu. Od 2007 roku wspólnie tworzymy tekstylia domowe, które stają się nośnikiem przepięknych życiowych doświadczeń. Łączy nas kreatywność, pasja i miłość do pięknych wnętrz. U. 2016 r. poz. 922).",422,FULL_TIME,Umowa zlecenie,Umowa zlecenie,,,,,,NONE,,False,False,,,False,False,mid,,mid,True,,1760213436000,1760213436000,pl
operator-produkcji-praca-od-zaraz-CID4-ID17yBcr,https://www.olx.pl/oferta/praca/operator-produkcji-praca-od-zaraz-CID4-ID17yBcr.html,UNKNOWN,Operator produkcji - praca od zaraz!,"Wrocław, Śródmieście","Manpower (Agencja zatrudnienia nr 412) to globalna firma o ponad 70-letnim doświadczeniu, działająca w 82 krajach. Na polskim rynku jesteśmy od 2001 roku i obecnie posiadamy prawie 35 oddziałów w całym kraju. Naszym celem jest otwieranie przed kandydatami nowych możliwości, pomoc w znalezieniu pracy odpowiadającej ich kwalifikacjom i doświadczeniu. Skontaktuj się z nami - to nic nie kosztuje, możesz za to zyskać profesjonalne doradztwo i wymarzoną pracę! Zadania: obsługa maszyn produkcyjnych, pakowanie tabletek, obsługa maszyn w procesie automatycznym, przezbrajanie maszyn Wymagania: dyspozycyjność do pracy w systemie 2-zmianowym, doświadczenia w pracy na podobnym obszarze produkcyjnym (np. farmacja lub firma spożywcza), umiejętności techniczne, aktualne badań sanepid - książeczka do celów sanitarno-epidemiologicznych Oferta: Zatrudnienie na podstawie umowy o pracę Stabilne wynagrodzenie Premia za frekwencję oraz wydajność do 15% Możliwość rozwoju oraz nawiązania długofalowej współpracy! Praca w komfortowych warunkach - nowa hala produkcyjna! Bezpłatny transport m.in z Wrocławia, Bielawy, Ziębic, Strzelina oraz innych! Obiad w cenie 2zł! Wolne Weekendy! Pakiet ManpowerGroup Premium m.in.: prywatna opieka medyczna Medicover, ubezpieczanie grupowe PZU, karta Multisport, zniżki u naszych partnerów Indywidualne wsparcie i dopasowane ścieżki rozwoju zawodowego w ramach globalnego programu MyPath Miejsce pracy: Magnice",1436,FULL_TIME,Umowa o pracę,Umowa o pracę,,,,,,NONE,,False,False,,,False,False,,,,False,,1760213458000,1760213458000,pl
monter-reklam-i-mebli-wyjazdy-caly-kraj-CID4-IDKb7PR,https://www.olx.pl/oferta/praca/monter-reklam-i-mebli-wyjazdy-caly-kraj-CID4-IDKb7PR.html,UNKNOWN,monter reklam i mebli - wyjazdy cały kraj,Siedlce,"VIVENGE to renomowany polski producent wyposażenia meblowego i identyfikacji wizualnej sieci sklepów. Firma świadczy usługi w takich krajach jak: Polska, Słowacja, Czechy, Niemcy, Węgry, Francja i Skandynawia. VIVENGE to uznana i ceniona firma z 26 letnim doświadczeniem specjalizująca się w produkcji mebli i oznakowania reklamowego klientów sieciowych z branży paliwowej, bankowej, spożywczej, odzieżowej. Firma posiada 15 000 m2 powierzchni produkcyjno-magazynowej i zatrudnia ponad 200 pracowników. ZATRUDNIMY monterów do montażu reklam i mebli - Wyjazdy tygodniowe (weekendy w domu) oczekiwane umiejętności techniczne i manualne. mile widziana komunikatywna znajomość j.niemieckiego lub j.angielskiego Oferujemy: Interesującą pracę w uznanej i znanej na rynku europejskim firmie produkcyjnej Stabilne zatrudnienie i wynagrodzenie, w oparciu o umowę o pracę Dobre stawki płatnicze adekwatne do posiadanych umiejętności Wsparcie zespołu w realizacji wyznaczonych celów Zespołowa atmosfera w brygadach kolegów z wieloletnim doświadczeniem w branży Zainteresowane osoby prosimy o przesłanie CV za pośrednictwem serwisu olx.pl, bądź kontakt telefoniczny pod numerem telefonu +48**********42",1190,FULL_TIME,Umowa o pracę,Umowa o pracę,1.0,,,,,NONE,,False,False,,,False,False,,,,False,,1760213457000,1760213457000,pl
konstruktor-es-system-k-CID4-ID16hU0B,https://www.olx.pl/oferta/praca/konstruktor-es-system-k-CID4-ID16hU0B.html,UNKNOWN,Konstruktor ES SYSTEM K,Wolbrom,"Firma ES SYSTEM K zapewnia efektowną ekspozycję i świeżość produktów w sklepie. Produkujemy urządzenia chłodnicze, z których korzysta obecnie ludność z ponad 50 krajów na świecie. Nasz zespół liczy blisko 800 osób, którym oferujemy bezpieczne i stabilne miejsca pracy z perspektywą rozwoju zawodowego. Obecnie poszukujemy pracowników na stanowisko: Konstruktor Miejsce pracy: Wolbrom Wymagania: - wykształcenie wyższe – mechaniczne, - praktyczna znajomość programu do projektowania w 3D Solid Edge - bardzo dobra znajomość rysunku technicznego, - umiejętność pracy w zespole, - skuteczna organizacja pracy własnej. Mile widziane: - praktyczna znajomość języka angielskiego na poziomie umożliwiającym kontakt z kolegami z zagranicznych oddziałów oraz z dostawcami, - doświadczenie w projektowaniu urządzeń chłodniczych, - doświadczenie w serwisowaniu urządzeń chłodniczych, - znajomość automatyki chłodniczej, - znajomość przynajmniej podstaw chłodnictwa, - znajomość branży urządzeń chłodniczych (producenci, stosowane rozwiązania, trendy, itp.) Oferujemy: - zatrudnienie w oparciu o umowę o pracę bezpośrednio u pracodawcy - atrakcyjne wynagrodzenie adekwatne do posiadanego doświadczenia i umiejętności - możliwość podnoszenia kwalifikacji poprzez organizowane szkolenia - darmową słownie, klub fitness, basen oraz sauny - kursy językowe",1339,FULL_TIME,Umowa o pracę,Umowa o pracę,,,,,,NONE,,False,False,,,False,False,,,,False,,1760213498000,1760213498000,pl
rtv-euro-agd-doradca-doradczyni-klienta-warszawa-galeria-mokotow-CID4-ID16U3m2,https://www.olx.pl/oferta/praca/rtv-euro-agd-doradca-doradczyni-klienta-warszawa-galeria-mokotow-CID4-ID16U3m2.html,UNKNOWN,"RTV EURO AGD - Doradca/Doradczyni Klienta, Warszawa Galeria Mokotów","Warszawa, Mokotów","Szukasz pracy, która nie tylko daje Ci zarobić, ale też rozwija Twoje pasje? Interesujesz się elektroniką, nowymi technologiami i kontakt z ludźmi to dla Ciebie coś naturalnego? Chcesz pracować w miejscu, gdzie atmosfera, rozwój i stabilność idą w parze z uczciwym wynagrodzeniem? Dołącz do #teamEURO – tutaj technologia spotyka się z ludźmi. Nie musisz wiedzieć wszystkiego — my zadbamy o wdrożenie i przeszkolenie. Kogo szukamy? Szukamy osoby, która: jest komunikatywna, empatyczna i pomocna, lubi kontakt z ludźmi i odnajduje się w dynamicznym środowisku, interesuje się nowinkami technologicznymi i chętnie dzieli się tą wiedzą, ma otwartą postawę i chce się rozwijać w branży RTV/AGD, miała już styczność z handlem lub sprzedażą (mile widziane, ale nie jest wymagane). Czym będziesz się zajmować: doradzaniem klientom i wspieraniem ich w wyborze odpowiedniego sprzętu — od poznania potrzeb po finalizację zakupu. realizacją celów sprzedażowych — indywidualnych i zespołowych, wykorzystywaniem swojej wiedzy o sprzęcie i technologiach w praktyce — i przekuwaniem pasji w wynagrodzenie, dbaniem o atrakcyjną ekspozycję produktów i porządek w strefie sprzedaży. Co oferujemy: umowę o pracę od pierwszego dnia — bez próbnych półśrodków, komfort wdrożenia z gwarantowaną premią podczas tego okresu, przyjazny, różnorodny zespół — z ludźmi, którzy wspierają i dzielą się wiedzą, szkolenia produktowe i sprzedażowe — wszystko, czego potrzebujesz, by czuć się pewnie, pakiet benefitów (opieka medyczna, zniżki, dofinansowania) — żebyś mógł/mogła zadbać o zdrowie i rozwijać swoje pasje, realne możliwości rozwoju i awansu — wspieramy Cię na każdym etapie. Brzmi jak coś dla Ciebie? Jeśli szukasz pracy, w której: atmosfera ma znaczenie, Twoja praca jest doceniana, masz możliwość rozwoju bez sztucznych barier — zrób ten krok. Aplikuj już dziś i sprawdź, że praca może być nie tylko obowiązkiem, ale i satysfakcją. *Jeśli nie masz doświadczenia w naszej branży, na początek Twojej drogi zawodowej zaproponujemy Ci stanowisko Sprzedawcy. Po 6 miesiącach i zakończonym procesie wdrożenia zostaniesz profesjonalnym Doradcą Klienta.",2125,FULL_TIME,Umowa o pracę,Umowa o pracę,,,,,,NONE,,False,False,,,False,False,,,,False,,1760213498000,1760213498000,pl
zastepca-zastepczyni-kierownika-sklepu-maxi-zoo-pabianice-CID4-ID17DhTY,https://www.olx.pl/oferta/praca/zastepca-zastepczyni-kierownika-sklepu-maxi-zoo-pabianice-CID4-ID17DhTY.html,UNKNOWN,Zastępca/Zastępczyni Kierownika sklepu - Maxi Zoo Pabianice,Pabianice,"Wasze szczęście to nasza radość” Jesteśmy największą siecią sklepów zoologicznych w Polsce i Europie. Codziennie dokładamy wszelkich starań, aby życie zwierząt i ich Opiekunów było łatwiejsze, lepsze i szczęśliwsze. W naszych sklepach nie sprzedajemy zwierząt, ponieważ jesteśmy siecią sklepów dla zwierząt. Oferujemy szeroki wybór produktów wysokiej jakości dla każdego Pupila. W codziennej pracy kierujemy się wartościami takimi jak: odwaga, otwartość, szczerość, życzliwość, uczciwość, wzajemne wsparcie oraz pasja i miłość do zwierząt! Aktualnie do naszego zespołu poszukujemy: Zastępcy/ Zastępczyni Kierownika sklepu Miejsce pracy: Pabianice Co możemy Tobie zaproponować? · pracę w zgranym i pomocnym Zespole · premię za wyniki sprzedaży · stabilne zatrudnienie na podstawie umowy o pracę - pierwsza umowa o pracę na 6 miesięcy, po spełnieniu oczekiwań umowa na czas nieokreślony · zniżki na produkty firmowe · prywatną opiekę medyczną · ubezpieczenie na życie · dofinansowanie do pakietu MultiSport oraz MultiLife · ciekawe szkolenia i możliwości rozwoju · dodatkowy dzień wolny za wolontariat na rzecz zwierząt · możliwość przychodzenia do pracy z Pupilem · bonus finansowy za polecenie osoby do pracy · dodatkowe dni urlopu za staż pracy Dołącz do nas, jeśli wyróżniasz się: · doświadczeniem w zarządzaniu Zespołem oraz prowadzeniem sklepu · znajomością wskaźników sprzedażowych i umiejętnością ich analizy · samodzielnością i dynamiką działaniu · umiejętnością pracy z Klientem – jest to Twoja mocna strona · gotowością do pracy na różne zmiany oraz w weekendy · zaangażowaniem i entuzjazmem w wykonywaniu obowiązków · otwartością na zmiany i głową pełną pomysłów – chętnie je poznamy · zamiłowaniem do świata zwierząt i chęcią niesienia im pomocy · gotowością do pracy fizycznej Czym będziesz się u nas zajmować? · organizowaniem sprzedaży w sposób zapewniający realizację planów sprzedaży · utrzymywaniem obsługi Klienta na jak najwyższym poziomie · sprawowaniem kontroli nad stanem magazynowym · zarządzaniem Zespołem podczas nieobecności Kierownika Sklepu (motywowanie, szkolenie, delegowanie zadań) · utrzymywaniem najwyższych standardów wizualizacji oraz ekspozycji towaru na sklepie Rozwijaj się razem z nami! Nie czekaj - już teraz prześlij swoje CV lub pozostaw je w jednym z naszych sklepów! * Nagroda Top For Dog 2021 w kategorii Najlepszy Sklep Stacjonarny",2377,FULL_TIME,Umowa o pracę,Umowa o pracę,,,,,,NONE,,False,False,,,False,False,,,,False,,1760213519000,1760213519000,pl
preznie-dzialajaca-firma-transportowa-zatrudni-kierowcow-kat-c-e-CID4-ID17IepA,https://www.olx.pl/oferta/praca/preznie-dzialajaca-firma-transportowa-zatrudni-kierowcow-kat-c-e-CID4-ID17IepA.html,UNKNOWN,Prężnie działająca firma transportowa zatrudni kierowców kat.C+E,Chrostkowo,"Szukasz stabilnej pracy w fajnej atmosferze? Mamy coś dla Ciebie! Do naszego zespołu poszukujemy kierowcy kat. C+E do pracy na firance w transporcie krajowym. Bez nocnych kursów, bez rozładunku – czysta jazda i profesjonalne podejście! Co oferujemy? Pracę od poniedziałku do piątku – weekendy wolne! Umowę o pracę – gwarancja stabilności. Atrakcyjne wynagrodzenie, zawsze na czas. Nowoczesne, zadbane samochody. Auto przypisane do kierowcy – nie przesiadasz się! Super atmosfera w zgranym zespole – szanujemy kierowców! Pełne wsparcie spedytorów i działu technicznego. Czego oczekujemy? Prawa jazdy kat. C+E; Karty kierowcy; Świadectwa kwalifikacji zawodowej; Podstawowej znajomości obsługi dokumentów transportowych; Chęci do pracy i odpowiedzialności. Zadzwoń! – chętnie porozmawiamy i opowiemy więcej! nr tel. 50*******02 (Ireneusz) Dołącz do firmy, która docenia kierowców i dba o ich komfort! Mile widziane doświadczenie, lecz jeżeli go nie masz, przyuczymy. Siedziba firmy: Powiat Lipno, 87-602 Chrostkowo, Nowa Wieś.",1023,FULL_TIME,Umowa o pracę,Umowa o pracę,,,,,,NONE,,False,False,,,False,False,,,,False,,1760213539000,1760213539000,pl
specjalista-tka-prawnik-ds-legalizacji-pracy-i-pobytu-cudzoziemcow-CID4-ID17KSSc,https://www.olx.pl/oferta/praca/specjalista-tka-prawnik-ds-legalizacji-pracy-i-pobytu-cudzoziemcow-CID4-ID17KSSc.html,UNKNOWN,Specjalista/-tka / Prawnik ds. legalizacji pracy i pobytu cudzoziemców,"Warszawa, Śródmieście","Opis Jesteśmy rzetelną firmą, z ponad 30-letnim doświadczeniem na rynku, specjalizującą się w legalizacji pracy i pobytu cudzoziemców w Polsce, obsłudze administracyjnej i księgowej firm oraz wsparciu przedsiębiorców na każdym etapie ich działalności. Dzięki naszemu wieloletniemu doświadczeniu i zespołowi ekspertów, pomagamy firmom w zgodnym z prawem i efektywnym zatrudnianiu pracowników z zagranicy, dbając o pełną transparentność i najwyższe standardy obsługi. Naszą misją jest uprościć procesy formalne i zapewnić przedsiębiorcom kompleksowe rozwiązania, tak aby mogli skoncentrować się na rozwoju swojego biznesu. Stawiamy na indywidualne podejście, skuteczność i profesjonalizm, dlatego nasz zespół to specjaliści z pasją, gotowi na nowe wyzwania. Jeśli szukasz pracy w stabilnej i nowoczesnej firmie, w której będziesz mieć realny wpływ na rozwój usług oraz pracować w przyjaznej atmosferze – dołącz do nas! Aktualnie do naszego zespołu poszukujemy osoby na stanowisko: Specjalista/-tka lub prawnik/-czka ds. legalizacji pracy i pobytu cudzoziemców. Zakres obowiązków: Legalizacja pracy i pobytu cudzoziemców - weryfikacja możliwości zatrudnienia i legalności pobytu (w tym weryfikacja wiz i pieczątek w paszporcie), uzyskiwanie oświadczeń, powiadomień, zezwoleń na pracę; kart pobytu czasowego, stałego, rezydenta długoterminowego UE i innych; Zgodność z przepisami - zapewnienie prawidłowego zatrudnienia i pobytu zgodnie z obowiązującym prawem i umowami międzynarodowymi; Nadzór nad postępowaniami - monitorowanie statusów spraw, kontakt z urzędami, kompletowanie, składanie i odbiór dokumentów; zapewnienie terminowego przebiegu postepowania w uzyskaniu dokumentów legalizujących na pobyt i pracę. Pisanie pism i odwołań od decyzji dot. prowadzonych spraw; Współpraca zespołowa - koordynacja działań, przygotowywanie raportów i optymalizacja procesów; Współpraca z instytucjami państwowymi; Analiza spraw klientów i doradzanie im w wyborze najlepszej ścieżki legalizacji ich pobytu i pracy, adekwatnej do ich sytuacji i dokumentacji; Monitorowanie zmian w przepisach prawa pracy, prawa migracyjnego i postępowań administracyjnych; Prowadzenie dokumentacji i akt osobowych; Współpraca z innymi działami i kontakt z pracownikami; Sporządzanie zestawień i raportów na potrzeby zarządu. Wymagania: Doświadczenie min. 2-4 lata w obsłudze legalizacji cudzoziemców; Doskonała znajomość przepisów, tj. biegła znajomość prawa dotyczącego legalizacji pracy i pobytu cudzoziemców w Polsce (ustawa o cudzoziemcach, ustawa o warunkach dopuszczalności powierzenia pracy cudzoziemcom, etc.), prawa migracyjnego i prawa pracy, dyrektyw unijnych i umów międzynarodowych; Znajomość języka polskiego na poziomie C1, angielskiego na poziomie nie niższym niż B2, mile widziana znajomość innych języków obcych; Znajomość systemów praca.gov.pl, inPOL, MOS, etc.; Znajomość systemu MS Office; Mile widziane wykształcenie wyższe prawnicze lub podyplomowe zw. z legalizacją pracy i pobytu cudzoziemców; Umiejętność organizacji pracy i zarządzania wieloma zadaniami jednocześnie; Skrupulatność i dbałość o szczegóły w dokumentacji i procedurach; Komunikatywność i zdolność budowania dobrych relacji z urzędami oraz zespołem. Co oferujemy? Realny wpływ na rozwój biura – Twoje pomysły są dla nas ważne; Stabilne zatrudnienie, wyłącznie stacjonarnie, na podstawie umowy o pracę lub umowy zlecenie lub B2B; Wynagrodzenie adekwatne do posiadanej wiedzy i doświadczenia; Nowoczesne narzędzia pracy – elektroniczny obieg dokumentów, duży monitor; Rozwój zawodowy – dostęp do szkoleń, platform merytorycznych, obsługa firm z różnych branż, różne i ciekawe przypadki legalizacyjne; Świetna lokalizacja – ścisłe centrum Warszawy; Przyjazna atmosfera – zróżnicowany zespół, który zawsze służy pomocą i wsparciem; Premie – świąteczne, okolicznościowe, etc. Jeśli jesteś osobą, która ceni sobie dobrą atmosferę i chce rozwijać się w nowoczesnym biurze, czekamy na Twoje CV! W aplikacji podaj oczekiwane wynagrodzenie (brutto/netto). Prosimy o dołączenie klauzuli o przetwarzaniu danych osobowych.",4070,FULL_TIME,"Umowa o pracę, Samozatrudnienie, Umowa zlecenie","Umowa o pracę, Samozatrudnienie, Umowa zlecenie",0.0,,,,,NONE,,False,False,,,False,False,mid,4.0,mid,True,,1760213540000,1760213540000,pl
magazynier-im-blizej-swiat-tym-wiecej-zarabiasz-od-37-zl-h-CID4-ID17v5tK,https://www.olx.pl/oferta/praca/magazynier-im-blizej-swiat-tym-wiecej-zarabiasz-od-37-zl-h-CID4-ID17v5tK.html,UNKNOWN,"Magazynier - Im bliżej Świąt, tym więcej zarabiasz – od 37 zł/h!","Łódź, Górna","Cześć! To my, Media Expert! Lider rynku elektro w Polsce! Pomóż nam dostarczać najlepsze produkty do milionów polskich domów! Aktualnie szukamy: OSÓB DO KOMPLETACJI/PAKOWANIA TOWARU Zatrudnienie na podstawie UMOWY ZLECENIA Miejsce: Łódź, ul. Jędrzejowska 45a Zapewnimy Ci: na start atrakcyjną stawkę godzinową - 34,00 zł, która przy realizacji warunków zawartych w Twojej umowie będzie rosła do: 37 zł w październiku 38,5 zł w listopadzie 40 zł w grudniu obiad z dofinansowaniem nawet 2000 zł za polecenie innego Kandydata/ki! bezpłatny transport na terenie Łodzi Twoje zadania: kompletacja/pakowanie towaru obsługa skanera proste zadania magazynowe Nasze oczekiwania: Sumienność i dyspozycyjność min. 170 h miesięcznie Nie oczekujemy doświadczenia! Mamy na pokładzie Media Expertów od tej pracy, którzy wszystkiego Cię nauczą. Pracuj z nami i zdobądź EXTRA wynagrodzenie!",872,PART_TIME,Umowa zlecenie,Umowa zlecenie,,,,,,NONE,,False,False,,,False,False,,,,False,,1760213607000,1760213607000,pl
obsluga-infolinii-przychodzacej-castorama-polska-CID4-IDO3fNK,https://www.olx.pl/oferta/praca/obsluga-infolinii-przychodzacej-castorama-polska-CID4-IDO3fNK.html,UNKNOWN,Obsługa INFOLINII przychodzącej - Castorama Polska,"Wrocław, Fabryczna","Opis: W związku z dynamicznym rozwojem jednego z naszych Partnerów, poszukujemy Pracowników dedykowanych do obsługi projektu realizowanego dla Castorama Polska. Castorama to największa w Polsce sieć sklepów typu DIY. Od lat umożliwia milionom klientów poprawę warunków mieszkaniowych. Jest częścią Grupy Kingfisher, która posiada obecnie ponad 1300 sklepów, łącznie w 8 krajach. Miejsce pracy przystosowane dla osób z niektórymi typami niepełnosprawności. W ramach oferowanego stanowiska będziesz: dbać o relację z Klientem indywidualnym doradzać w wyborze produktów dostarczać wskazówek związanych z funkcjonowaniem firmy rozwiązywać zgłaszane przez klientów sprawy. Twoim głównym zadaniem będzie praca przy kanałach obsługowych (telefoniczny, mailowy, czatowy). U nas z pewnością ominie Cię sprzedaż! A jeśli okaże się, że masz chęci i umiejętności (np. z zakresu IT, pakietów graficznych lub innych podobnych), to będziesz mógł/mogła dołączyć do naszych innych projektów, w ramach rekrutacji wewnętrznej. Na początek współpracy przejdziesz kompleksowe wdrożenie z systemów wykorzystywanych do obsługi kanałów Contact Center, pod okiem specjalistów procesowych i produktowych. Wszystko po to, abyś się czuł/-a u nas komfortowo! :-) Ta praca jest dla Ciebie, jeżeli: poszukujesz pracy w stabilnej firmie jesteś komunikatywny/a i dobrze czujesz się w kontaktach z Klientem indywidualnym lubisz pracę przy projektach dla dużych firm chcesz się rozwijać i zdobywać nową wiedzę mile widziana znajomość języka angielskiego i/lub ukraińskiego Cechy, których poszukujemy u Kandydatów, to: komunikatywność/łatwość w nawiązywaniu kontaktu z drugą osobą wysoka kultura osobista umiejętność pracy w zespole i skupienie nad wspólnymi celami sumienność w wykonywanych obowiązkach umiejętność radzenia sobie z presją czasu dyspozycyjność (infolinia pracuje w godzinach 6.30 - 22.00 poniedziałek-sobota oraz 8.00-21.00 w niedziele handlowe) chęć podejmowania nowych wyzwań i samorozwoju Oferujemy: zatrudnienie na podstawie Umowy o Pracę wynagrodzenie, które rośnie wraz z Twoim stażem oraz realizowanymi wskaźnikami partnerską atmosferę pracy w zespole MultiSport LuxMed dofinansowanie do okularów Program Rekomendacji - płacimy za każde polecenie pracownika do naszej organizacji pyszne śniadania dla naszych Pracowników imprezy / wyjazdy integracyjne Nasze nowe biuro mieści się w doskonałej lokalizacji, tuż przy Placu Legionów-Prosta 36 Do zobaczenia na Prostej! :-) Jeżeli zdecydujesz się wysłać do nas swoje CV, pamiętaj że administratorem Twoich Danych Osobowych jest SigmaCEM Analytics sp. z o.o. z siedzibą w Szczecinie. Podane dane będą przetwarzane w związku z prowadzoną rekrutacją. Zastrzegamy, że rozmowa rekrutacyjna może odbyć się za pośrednictwem narzędzi zdalnych. Nie musisz się jednak obawiać – wyślemy Ci dokładną instrukcję. z o.o., ul. Rostocka 113/1, 71-771 Szczecin.”",2879,FULL_TIME,Umowa o pracę,Umowa o pracę,1.0,,,,,NONE,,False,False,,,False,False,,,,False,,1760213607000,1760213607000,pl
kontroler-jakosci-schilsner-industry-group-CID4-ID17MxtN,https://www.olx.pl/oferta/praca/kontroler-jakosci-schilsner-industry-group-CID4-ID17MxtN.html,UNKNOWN,Kontroler jakości Schilsner Industry Group,"Wrocław, Psie Pole","Schilsner Industry Group - firma silna ludźmi! Jesteśmy firmą działającą w obszarze branży meblarskiej, zajmujemy się wytwarzaniem elementów wykończeniowych płyt meblowych dla ich największych światowych producentów. Naszą specjalnością jest produkcja obrzeży meblowych przy wykorzystaniu najnowocześniejszych rozwiązań technologicznych. Od lat działamy aktywnie na rynku polskim i umacniamy naszą pozycję również na terenie całej Europy. Schilsner skupia ludzi z wielu branż, których cechuje otwartość i zaangażowanie. Wspieramy pracowników w ich rozwoju, bo to stanowi o naszej sile. Dołącz do nas! Aktualnie poszukujemy do naszego zespołu pracownika na stanowisko: KONTROLER JAKOŚCI Twój zakres obowiązków: Bieżąca kontrola parametrów jakościowych produktów i procesu, Prowadzenie dokumentacji jakościowej związanej z bieżącym procesem produkcji, Inicjowanie działań natychmiastowych w przypadku wykrycia niezgodności, Praca z systemem ERP (SAP), Obsługa sprzętów pomiarowych, Współpraca z obszarami produkcji, utrzymania ruchu i magazynu w tematach związanych z jakością produktu, Weryfikacja jakościowa reklamowanych produktów. Oczekiwania wobec kandydatki/kandydata: Doświadczenie w pracy w obszarze produkcji / jakości – mile widziane, Doświadczenie w pracy z narzędziami kontrolno - pomiarowymi – mile widziane, Doświadczenie w pracy z systemami klasy ERP – mile widziane, Doświadczenie w branży przetwórstwa tworzyw sztucznych – mile widziane, Podstawowa znajomość obsługi komputera, Sumienność, Systematyczność, Umiejętność negocjacji i współpracy z innymi działami/ obszarami firmy, Uczciwość i szczerość w komunikacji, Chęć uczenia i rozwijania się, Praca w systemie 4-brygadowym, Wszystkiego innego Cię nauczymy Co oferujemy: Pracę w firmie o stabilnej pozycji na rynku, będącej silną marką w branży, Atrakcyjne wynagrodzenie plus pakiet premiowy, Prywatną opiekę medyczną, ubezpieczenie grupowe, dofinansowanie karty sportowej, Przyjazną atmosferę budowaną na zaufaniu i szczerej komunikacji, Wsparcie przełożonego i kolegów/ koleżanek z zespołu przy wdrażaniu i w codziennej pracy, Szanse dalszego rozwoju. Wyślij nam swoje CV! INFORMACJA O PRZETWARZANIU DANYCH OSOBOWYCH Zgodnie z art. z o.o. z siedzibą we Wrocławiu, przekazanych przez Pana/Panią danych osobowych, w związku z aplikacją o pracę: 1. z o.o. z siedzibą we Wrocławiu (51-317) przy ul. 2. Przekazane dane osobowe będą przetwarzane w celu wykonania na Pana/Pani żądanie czynności zmierzających do zawarcia umowy o pracę/współpracę, w tym weryfikacji i doboru kandydatów do pracy (na podstawie art. 6 ust. 6 ust. 3. Dane osobowe będą przekazywane, w zakresie niezbędnym do wykonania wskazanego wyżej celu przetwarzania, pracownikom i współpracownikom Administratora, zobowiązanym co zachowania tajemnicy. 4. Dane osobowe nie będą przekazywane poza teren Polski. 5. Dane osobowe będą przechowywane do zakończenia procesu rekrutacyjnego związanego z danym ogłoszeniem (proces rekrutacyjny uznaje się za zakończony po upływie okresu próbnego, na który została zawarta umowa z wybranym kandydatem, nie krócej niż 3 miesiące od dnia rozpoczęcia pracy lub współpracy przez wybranego kandydata lub jeżeli nie został wybrany żaden kandydat proces rekrutacyjny uznaje się za zakończony po upływie 6 miesięcy od zamieszczenia ostatniego ogłoszenia o pracę lub współpracę w ramach danego procesu) lub przez okres 6 miesięcy od ich przekazania do Administratora, pomimo braku ogłoszenia. 6. 7. 8. Podanie danych osobowych jest niezbędne do przeprowadzenia procesu rekrutacji, to jest zapoznania się ze złożoną aplikacją, porównanie aplikacji i wyboru kandydata do pracy lub współpracy, jak również podjęcia dalszych działań zmierzających do zawarcia umowy z wybranym kandydatem. W przypadku odmowy podania danych Administrator nie uwzględni złożonej aplikacji w procesie rekrutacji. 9. Administrator nie profiluje danych osobowych oraz nie podejmuje decyzji w sposób zautomatyzowany.",3948,FULL_TIME,Umowa o pracę,Umowa o pracę,,,,,,NONE,,False,False,,,False,False,,,,False,,1760213627000,1760213627000,pl
montazysta-montaz-mebli-praca-mobilna-CID4-ID16dVls,https://www.olx.pl/oferta/praca/montazysta-montaz-mebli-praca-mobilna-CID4-ID16dVls.html,UNKNOWN,Montażysta/montaż mebli/praca mobilna,Czarnków,"Grupa Kapitałowa VOX to firmy marki z branży wyposażenia wnętrz i wykończenia domów. Jej trzon stanowi marka VOX, którą tworzą trzy spółki: Meble VOX, Profile VOX i Składy VOX. Do zespołu naszej firmy Meble Vox aktualnie poszukujemy: Montażystę mebli Miejsce pracy: Czarnków Zakres obowiązków: Prowadzenie samochodu dostawczego i transport mebli do klientów. Wnoszenie mebli do domów/mieszkań klientów. Profesjonalny montaż mebli u klientów zgodnie z instrukcjami. Dbanie o powierzony sprzęt i narzędzia. Utrzymywanie porządku w samochodzie dostawczym. Komunikacja z klientami w zakresie dostawy i montażu. Raportowanie wykonanych prac. Wymagania: Prawo jazdy kategorii B. Doświadczenie w prowadzeniu samochodów dostawczych. Umiejętności manualne i doświadczenie w montażu mebli. Sprawna obsługa elektronarzędzi , w tym piły i zagłębiarki. Gotowość do pracy na wyjazdach (praca na terenie całej Polski). Odpowiedzialność, sumienność i dokładność. Komunikatywność i wysoka kultura osobista. Dobra organizacja pracy. Mile widziane doświadczenie w bezpośredniej obsłudze klienta. Oferujemy: Stabilne zatrudnienie w oparciu o umowę o pracę. Szkolenia techniczne oraz profesjonalne wdrożenie Możliwość rozwoju zawodowego i zdobywania nowych doświadczeń. Niezbędne narzędzia pracy i odzież roboczą. Nowy samochód dostawczy. Pracę w dynamicznym i zgranym zespole.",1356,FULL_TIME,Umowa o pracę,Umowa o pracę,,,,,,NONE,,False,False,,,False,False,,,,False,,1760213648000,1760213648000,pl
doradczyni-doradca-klientow-indywidualnych-pko-bp-tomaszow-lubelski-CID4-ID17NAA5,https://www.olx.pl/oferta/praca/doradczyni-doradca-klientow-indywidualnych-pko-bp-tomaszow-lubelski-CID4-ID17NAA5.html,UNKNOWN,Doradczyni/Doradca klientów indywidualnych/PKO BP/Tomaszów Lubelski,Tomaszów Lubelski,"Na co dzień w naszym zespole: aktywnie sprzedajesz i promujesz produkty PKO BP oraz usługi Grupy Kapitałowej naszego banku, realizujesz transakcje bezgotówkowe i/lub gotówkowe, wspierasz klientów w korzystaniu z nowoczesnych narzędzi oraz bankowości internetowej i mobilnej, budujesz i utrzymujesz długotrwałe relacje z klientami, zapewniasz klientom profesjonalną obsługę na każdym etapie swojej pracy. To stanowisko może być Twoje, jeśli: masz doświadczenie w sprzedaży bezpośredniej, telefonicznej lub obsłudze klienta, angażujesz się w swoją pracę i dążysz do realizacji celów, cechuje Cię otwartość na zmiany, samodzielność i komunikatywność, potrafisz pracować zarówno indywidualnie, jak i w zespole, masz wykształcenie średnie lub wyższe. Dodatkowo docenimy, jeśli: masz doświadczenie w sprzedaży w sektorze finansowym. Dołączając do nas otrzymasz: umowę o pracę, stałe wynagrodzenie oraz premię, atrakcyjny pakiet benefitów w tym kartę Multisport, prywatną opiekę zdrowotną i Pracowniczy Program Emerytalny, szkolenia przygotowujące do realizacji zadań, opiekuna, który sprawnie i skutecznie przeprowadzi Cię przez proces adaptacji, możliwość rozwoju zawodowego i szansę na awans w ramach struktury Banku.",1213,FULL_TIME,Umowa o pracę,Umowa o pracę,,,,,,NONE,,False,False,,,False,False,,,,False,,1760213649000,1760213649000,pl
zatrudnimy-mechanika-CID4-ID176AFW,https://www.olx.pl/oferta/praca/zatrudnimy-mechanika-CID4-ID176AFW.html,UNKNOWN,Zatrudnimy MECHANIKA,Wola Pękoszewska,"Firma Transportowa MENA P.M. SP. Z o.o. zatrudni osobę na stanowisko mechanika pojazdów ciężarowych z doświadczeniem. Lokalizacja: Oddział MENA P.M. – Wola Pękoszewska 90a Opis stanowiska: § Diagnozowanie usterek mechanicznych § Wykonywanie napraw, wymiana części § Współpraca z magazynem części (informacja o zapotrzebowaniu na niezbędne elementy) § Dbałość o porządek i bezpieczeństwo w miejscu pracy Wymagania: § Doświadczenie w pracy na podobnym stanowisku (mile widziane) § Dbałość o powierzony sprzęt § Punktualność, sumienność oraz dobra organizacja pracy Oferujemy: § Stabilne zatrudnienie w oparciu o umowę o pracę § Atrakcyjny system wynagrodzeń § Pełnowymiarowy urlop § Nowoczesne narzędzia pracy Kontakt telefoniczny: Konrad: 66*******97 Biuro MENA: 50*******00 Zadzwoń i dołącz do naszego zespołu!",810,FULL_TIME,Umowa o pracę,Umowa o pracę,,,,,,NONE,,False,False,,,False,False,,,,False,,1760213690000,1760213690000,pl
promotor-klubu-rozdawanie-ulotek-CID4-ID17I5V5,https://www.olx.pl/oferta/praca/promotor-klubu-rozdawanie-ulotek-CID4-ID17I5V5.html,UNKNOWN,Promotor klubu /rozdawanie ulotek,"Warszawa, Śródmieście","Opis Jeżeli jesteś otwarty i swobodnie komunikujesz się w języku angielskim, szukamy właśnie ciebie! Promujesz nasz lokal w terenie - zapraszasz gości i towarzysz im przy wejściu. Twoim zadaniem będzie także przedstawienie oferty lokalu przy ul. Nowogrodzka 31. Informowanie o bieżących promocjach oraz rozdawanie zaproszeń, wejściówek. Praca stała 5 dni bądź dodatkowa 3/4 dni w tygodniu. Oferujemy: Wypłaty w formie tygodniówek Szkolenie przez koordynatora od pierwszego dnia pracy Okres szkolenia stawka godzinowa + prowizja za efektywność Po okresie szkolenia sama prowizja wyższa niż na okresie szkolenia Zgrany zespół Szukamy osób do zespołu które są komunikatywne Otwarte Pełnoletnie Znające język angielski na poziomie komunikatywnymi Dyspozycyjność do pracy od 20-4 (Pon, wt,śr,ndz] 20-5 (czw) 20-6 (pt,sob)",816,FULL_TIME,Umowa o dzieło,Umowa o dzieło,,,,,,NONE,,False,False,,,False,False,,,,False,,1760213710000,1760213710000,pl
zatrudnie-kierowce-kat-b-w-transporcie-krajowym-CID4-ID17EJKA,https://www.olx.pl/oferta/praca/zatrudnie-kierowce-kat-b-w-transporcie-krajowym-CID4-ID17EJKA.html,UNKNOWN,Zatrudnię kierowcę kat B w transporcie krajowym.,Radzymin,"Zatrudnimy kierowcę kat. B do wykonywania transportu w ruchu krajowym, wyjazdy tygodniowe. Obowiązki: Kierowanie pojazdem kategorii B. Realizacja tras krajowych. Troska o powierzony sprzęt. Praca w systemie tygodniowym. Wykonywanie zadań transportowych. Nadzór nad ilością i jakością towaru. Rozpoczęcie i zakończenie pracy w określonym miejscu. Wymagania: Prawo jazdy kat. B. Doświadczenie w zawodzie. Elastyczność czasowa. Gotowość do długotrwałej współpracy. Dostępność w określonym terminie. Doświadczenie w prowadzeniu określonego typu pojazdu. Dyspozycyjność w określone dni tygodnia.",590,FULL_TIME,Umowa o pracę,Umowa o pracę,,,,,,NONE,,False,False,,,False,False,,,,False,,1760213710000,1760213710000,pl
nauczyciel-jezyka-polskiego-CID4-ID15xJBV,https://www.olx.pl/oferta/praca/nauczyciel-jezyka-polskiego-CID4-ID15xJBV.html,UNKNOWN,Nauczyciel języka polskiego,Jabłonna,"Jeśli jesteś pasjonatem języka polskiego i chcesz inspirować młode umysły i przekazywać wiedzę w oparciu o nowoczesne metody nauczania zapraszamy do zespołu ADE Jabłonna. Szukamy nauczyciela ze świeżym spojrzeniem, gotowego podjąć wyzwanie i uczynić naukę języka polskiego fascynującą przygodą. Poznaj naszą społeczność i inne oblicze edukacji! Zakres obowiązków: planowanie i organizowanie edukacji na podstawie wymagań opracowanych przez Ciebie, przy wsparciu zespołu polonistów, dostosowywanie wymagań do możliwości uczniów, organizacja zajęć według własnych pomysłów, udzielanie uczniom i rodzicom konstruktywnych informacji zwrotnych, praca w oparciu o ocenianie kształtujące. Wymagania: wykształcenie kierunkowe i przygotowanie pedagogiczne, wiedza merytoryczna i umiejętności w zakresie nauczanego przedmiotu, entuzjazm i zapał do pracy z dziećmi i młodzieżą, umiejętność planowania i organizowania własnej pracy, gotowość do ciągłego podnoszenia własnych kwalifikacji, umiejętność budowania relacji z podopiecznymi, umiejętność pracy w zespole, kreatywność i elastyczność. Warunki, jakie oferujemy: stałe zatrudnienie, umowę o pracę, dodatkowy urlop możliwość podnoszenia kwalifikacji poprzez udział w szkoleniach wewnętrznych i zewnętrznych, projektach edukacyjnych dla nauczycieli, kreatywne i innowacyjne podejście do nauczania, czerpanie wzajemnych inspiracji, wsparcie przyjaznej i doświadczonej kadry, wsparcie w poznawaniu rzeczywistości szkolnej Akademii i naszej kultury pracy, możliwość realizacji własnych pomysłów. praca w małych zespołach klasowych (do 15 uczniów) lub indywidualnie.",1604,FULL_TIME,Umowa o pracę,Umowa o pracę,,,,,,NONE,,False,False,,,False,False,,,,False,,1760213731000,1760213731000,pl
gorzow-sprzatanie-magazynu-z-orzeczeniem-dla-pana-CID4-ID17MAGy,https://www.olx.pl/oferta/praca/gorzow-sprzatanie-magazynu-z-orzeczeniem-dla-pana-CID4-ID17MAGy.html,UNKNOWN,Gorzów - sprzątanie magazynu z orzeczeniem dla Pana,Gorzów Wielkopolski,"Zatrudnimy Pana z orzeczeniem o niepełnosprawności do sprzątania magazynów w Gorzowie przy ul. Metalowców. Praca w godzinach 10:00-18:00 od poniedziałku do piątku. Umowa o pracę z wynagrodzeniem od 5000 zł brutto. Prosimy o podanie imienia, nazwiska, nr telefonu i stopnia niepełnosprawności w wiadomości OLX - oddzwonimy.",322,FULL_TIME,Umowa o pracę,Umowa o pracę,,,,,,NONE,,False,False,,,False,False,,,,False,,1760213731000,1760213731000,pl
pracownik-biura-operacyjnego-koordynator-kontraktu-CID4-ID17KOCR,https://www.olx.pl/oferta/praca/pracownik-biura-operacyjnego-koordynator-kontraktu-CID4-ID17KOCR.html,UNKNOWN,Pracownik biura operacyjnego - Koordynator kontraktu,"Warszawa, Ochota","Firma SK-WORK poszukuje energicznej i odpowiedzialnej osoby, która dołączy do naszego zespołu w roli Pracownika biura operacyjnego – Koordynatora kontraktu. Osoba zatrudniona na tym stanowisku będzie odpowiedzialna za współpracę z pracownikami realizującymi usługi na terenie Polski centralnej i południowo – wschodniej oraz za bezpośredni kontakt z naszymi klientami. Miejsce pracy: Polska centralna i południowo-wschodnia (biuro: Warszawa) Zakres obowiązków: 1. Koordynacja pracowników realizujących usługi, 2. Wprowadzanie pracowników na kontrakty oraz aktywne ich wspieranie w procesie adaptacji i wdrażania do pracy jak również także pomoc w budowaniu ich zaangażowania i efektywności w codziennych obowiązkach, 3. Bieżąca współpraca z klientami – budowanie długotrwałych i pozytywnych relacji 4. Rozwiązywanie bieżących problemów i wyzwań operacyjnych, 5. Częste wyjazdy służbowe, 6. Nienormowany czas pracy, 7. Raportowanie wyników, Wymagania: - Znajomość języka angielskiego oraz jednego z języków: rosyjski lub ukraiński – warunek konieczny. - Prawo jazdy kat. B. - Dyspozycyjność i gotowość do częstych podróży służbowych. - Umiejętność organizacji pracy własnej i innych. - Komunikatywność, odpowiedzialność i wysoka kultura osobista. Oferujemy: - Stabilne zatrudnienie w rozwijającej się firmie, - Możliwość rozwoju zawodowego, - Niezbędne narzędzia pracy: samochód, laptop, telefon, -Przyjazną atmosferę pracy i wsparcie zespołu, -Atrakcyjne wynagrodzenie (podstawa plus premia). Jeżeli jesteś osobą odpowiedzialną, dyspozycyjną i lubisz kontakt z ludźmi – dołącz do naszego zespołu! Zainteresowane osoby prosimy o przesyłanie CV.",1643,FULL_TIME,"Umowa o pracę, Umowa zlecenie","Umowa o pracę, Umowa zlecenie",,,,,,NONE,,False,False,,,False,False,lead,,lead,True,,1760213752000,1760213752000,pl
aystentka-stomatologiczna-na-pelen-etat-wilanow-zawady-CID4-ID17tYLJ,https://www.olx.pl/oferta/praca/aystentka-stomatologiczna-na-pelen-etat-wilanow-zawady-CID4-ID17tYLJ.html,UNKNOWN,Aystentka Stomatologiczna na pełen etat - Wilanów Zawady,"Warszawa, Wilanów","OPIS Asystentka stomatologiczna poszukiwana! Szukamy OPTYMISTYCZNEJ, EMPATYCZNEJ, PRACOWITEJ, zmotywowanej osoby do pracy na stanowisku Asystentki stomatologicznej w klinice stomatologicznej NovaDentis Warszawa - Wilanów ZAWADY. Wymagane W trakcie szkoły: Asystentka Stomatologiczna. Mile widziane doświadczenie. Do zadań należeć będzie: Czynne Asystowanie przy zabiegach stomatologicznych - praca na 4 ręce Zapewnienie prawidłowego funkcjonowania gabinetu, kliniki oraz godne reprezentowanie kliniki, Życzliwa obsługa pacjentów, Oferujemy: umowa zlecenie naukę od podstaw dla osoby bez doświadczenia pracę w pełnym wymiarze godzin (pełen etat), szansę rozwoju i poszerzania swoich kwalifikacji. Wymagamy: pełnego zaangażowania oraz sumienność w wykonywaniu powierzonych obowiązków. dobrej organizacji pracy, odporność na stres. Atutem będzie doświadczenie na podobnym stanowisku. Osoby zainteresowane prosimy o przesłanie CV ZE ZDJĘCIEM.",938,FULL_TIME,"Inny, Umowa zlecenie","Inny, Umowa zlecenie",,,,,,NONE,,False,False,,,False,False,,,,False,,1760213801000,1760213801000,pl
praca-sprzedawca-w-hurtowni-budowlanej-CID4-ID17Nedu,https://www.olx.pl/oferta/praca/praca-sprzedawca-w-hurtowni-budowlanej-CID4-ID17Nedu.html,UNKNOWN,PRACA Sprzedawca w hurtowni budowlanej,Gorczenica,"Poszukujemy pracownika na stanowisko sprzedawcy w hurtowni budowlanej Oczekujemy doświadczenia w branży materiałów budowlanych Zapraszamy do naszego zespołu osoby z silną motywacją do pracy i samodyscypliną. Twój zakres obowiązków Obsługa klientów i doradztwo w zakresie oferowanych produktów Obsługa kasy fiskalnej i terminala płatniczego Przyjmowanie dostaw Utrzymywanie porządku i estetyki w miejscu pracy Kontrola stanów magazynowych i zgłaszanie braków towarowych Nasze wymagania Minimum roczne doświadczenie na podobnym stanowisku w branży budowlanej Komunikatywność i umiejętność nawiązywania kontaktu z klientem Umiejętność pracy w zespole Dobra organizacja pracy i sumienność Dyspozycyjność i elastyczność godzinowa Doświadczenie w obsłudze klienta lub chęć do nauki Wiedza w dziedzinie materiałów budowlanych TERMOHURT Marcin Matjasik to dynamicznie rozwijająca się firma działająca na rynku od wielu lat. Specjalizujemy się w produkcji i sprzedaży systemów izolacyjnych oraz materiałów budowlanych, dostarczając naszym klientom kompleksowe rozwiązania, które spełniają najwyższe standardy jakości i funkcjonalności. Nasza bogata oferta oraz indywidualne podejście do każdego klienta pozwoliły nam zbudować stabilną pozycję w branży oraz zyskać zaufanie licznych partnerów biznesowych. Naszą misją jest dostarczanie nowoczesnych i niezawodnych rozwiązań w dziedzinie termoizolacji oraz szeroko pojętych materiałów budowlanych. Dążymy do tego, aby nasze produkty nie tylko odpowiadały potrzebom współczesnego rynku, ale także promowały innowacyjne technologie, które przyczyniają się do ochrony środowiska naturalnego. Traktujemy nasze obowiązki wobec klientów oraz planety z pełną odpowiedzialnością i zaangażowaniem, co odzwierciedla naszą filozofię działania. Jako przedsiębiorstwo rodzinne, nasza firma przywiązuje dużą wagę do relacji – zarówno z klientami, jak i kontrahentami oraz pracownikami. Zespół TERMOHURT to grupa wykwalifikowanych specjalistów, którzy posiadają szeroką wiedzę oraz doświadczenie w dziedzinie budownictwa i termoizolacji. Nasi pracownicy z pasją i zaangażowaniem realizują każde powierzone zadanie, dbając o jakość obsługi oraz terminowość realizacji zleceń. Dzięki temu możemy zagwarantować naszym klientom pełne wsparcie na każdym etapie współpracy. Wyróżnia nas także elastyczność oraz otwartość na potrzeby rynku. W naszej ofercie znajdują się zarówno standardowe rozwiązania, jak i produkty dostosowane do indywidualnych potrzeb klientów. Posiadamy nowoczesny park maszynowy, który pozwala nam utrzymać wysoką jakość produkcji oraz wprowadzać nowe technologie na rynek. Dzięki temu jesteśmy w stanie sprostać nawet najbardziej wymagającym projektom i zrealizować niestandardowe zamówienia. TERMOHURT to także firma, która aktywnie inwestuje w rozwój. Nieustannie poszukujemy nowych możliwości i innowacyjnych rozwiązań, które pozwalają nam podnosić jakość naszych produktów i usług. Jesteśmy świadomi, że sukces przedsiębiorstwa to suma zaangażowania, odpowiedzialności i pracy zespołowej, dlatego nieustannie rozwijamy nasze kompetencje oraz śledzimy najnowsze trendy w branży. Naszą wizytówką jest nie tylko jakość produktów, ale także efektywna logistyka i dostępność naszych artykułów. Współpracujemy z wieloma hurtowniami, firmami wykonawczymi oraz indywidualnymi klientami, dostarczając zamówienia w krótkim czasie oraz w sposób spełniający wszystkie wymagania. W relacjach z naszymi partnerami stawiamy na uczciwość, przejrzystość i długoterminową współpracę opartą na wzajemnym zaufaniu. Podsumowując, TERMOHURT jest firmą skupioną na jakości, innowacyjności i profesjonalizmie. Naszym celem jest nie tylko rozwój na rynku krajowym, ale także ekspansja na rynki międzynarodowe, zawsze z troską o klienta oraz zrównoważony rozwój. Jesteśmy dumni z naszych osiągnięć i zapraszamy do współpracy wszystkich, którzy cenią solidność, rzetelność i nowoczesne rozwiązania w branży budowlanej.",3937,FULL_TIME,Umowa o pracę,Umowa o pracę,,,,,,NONE,,False,False,,,False,False,,,,False,,1760213802000,1760213802000,pl
specjalista-ds-jakosci-sprzedazy-sales-quality-specialist-CID4-ID17GPdc,https://www.olx.pl/oferta/praca/specjalista-ds-jakosci-sprzedazy-sales-quality-specialist-CID4-ID17GPdc.html,UNKNOWN,Specjalista ds. Jakości Sprzedaży (Sales Quality Specialist),"Warszawa, Praga-Północ","W OLX pracujemy razem, aby budować bardziej zrównoważony świat poprzez handel. Sprawiamy, że kupowanie i sprzedawanie samochodów, szukanie mieszkań, zdobywanie pracy, kupowanie i sprzedawanie artykułów i wiele innych rzeczy jest bezpieczne, łatwe i wygodne. Nasi pracownicy pomagają co miesiąc obsługiwać miliony ludzi na całym świecie, poprzez nasze znane marki jak OLX, Otodom, Otomoto. Dołącz do OLX i zobacz, jak daleko możesz zajść. OTOMOTO LEASE to rynkowy lider w zdalnej sprzedaży samochodów. Sprzedaliśmy tysiące pojazdów w formule wirtualnego salonu, w 100% zdalnie jako pierwsi w Polsce! Nasza firma to pionier calltech’u w Polsce i wdrażania najnowocześniejszych rozwiązań. Aktualnie do naszego zespołu poszukujemy osoby na stanowisko: Specjalista ds. Jakości Sprzedaży i Szkoleń (Sales Quality Specialist) Co będzie należało do Twoich obowiązków: Odsłuch i ocena rozmów sprzedażowych w oparciu o obowiązujące standardy jakościowe; Prowadzenie indywidualnych coachingów kompetencyjnych z doradcami telefonicznej sprzedaży; Wsparcie zespołu poprzez przygotowywanie materiałów szkoleniowych; Współprowadzenie szkoleń wdrożeniowych dla nowych pracowników w zakresie tematów przydzielonych przez przełożonego. Co będzie Ci potrzebne, żeby odnieść sukces na tym stanowisku: Doświadczenie w sprzedaży telefonicznej – warunek konieczny; Skrupulatność i umiejętność pracy w długotrwałym skupieniu; Gotowość do prowadzenia pracy szkoleniowej w formule 1 na 1; Bardzo dobra znajomość technik sprzedaży; Doskonała organizacja pracy oraz umiejętność samodzielnego planowania działań; Mile widziane doświadczenie w obszarze jakości, monitoringu lub szkoleń. Co my możemy zaoferować Tobie: Od początku współpracy umowę o pracę: podstawa + premia kwartalna; Szerokie możliwości rozwoju m. in. szkolenia, webinary, dostęp do platformy e-learningowej Prosus Academy, zajęcia z j. angielskiego finansowane przez pracodawcę; Bogaty pakiet benefitów (benefity do wyboru w ramach platformy MyBenefit m. in. prywatna opieka medyczna, ubezpieczenie na życie, karta Multisport, karta restauracyjna, bilety do kina, teatru i na koncerty, vouchery do sklepów internetowych i stacjonarnych i wiele innych…); Pracę w doskonale zlokalizowanym biurze - Plac Konesera 9, Warszawa; Po okresie wdrożenia możliwość pracy hybrydowej (3 dni w tyg. z biura); Świetną atmosferę i brak dress code’u. Jeżeli czujesz, że ta rola jest dla Ciebie interesująca, aplikuj! Grupa OLX to najszybciej rozwijająca się sieć platform e-commerce na świecie. Każdego miesiąca ułatwiamy życie ponad 300 milionów ludzi, w ponad 30 krajach, na 5 kontynentach. Kształtujemy przyszłość handlu, odnajdując ukrytą wartość we wszystkim, co nas otacza. Każdego dnia pomagamy ludziom kupować i sprzedawać samochody, znaleźć pracę, wymarzone mieszkanie i jego wyposażenie oraz wiele, wiele więcej :) Jesteśmy różnorodną społecznością, składającą się z ponad 10 tys. utalentowanych profesjonalistów. Wspólnie tworzymy organizację, w której każdy głos jest ważny. W Polsce nasza mocna reprezentacja to OLX, Otodom, Otomoto, Fixly, Obido. Więcej informacji znajdziesz na: *Wszystkie określenia wyrażone w formie męskiej odnoszą się w jednakowym stopniu do pozostałych płci i nie mają na celu jakiejkolwiek dyskryminacji.",3264,FULL_TIME,Umowa o pracę,Umowa o pracę,1.0,,,,,NONE,,False,False,,,False,False,mid,,mid,True,,1760213843000,1760213843000,pl
telefoniczny-doradca-klienta-olx-praca-CID4-ID17einQ,https://www.olx.pl/oferta/praca/telefoniczny-doradca-klienta-olx-praca-CID4-ID17einQ.html,UNKNOWN,Telefoniczny Doradca Klienta - OLX Praca,"Poznań, Stare Miasto","W OLX pracujemy razem, aby budować bardziej zrównoważony świat poprzez handel. Sprawiamy, że kupowanie i sprzedawanie samochodów, szukanie mieszkań, zdobywanie pracy, kupowanie i sprzedawanie artykułów i wiele innych rzeczy jest bezpieczne, łatwe i wygodne. Nasi pracownicy pomagają co miesiąc obsługiwać miliony ludzi na całym świecie, poprzez nasze znane marki jak OLX, Otodom, Otomoto. Dołącz do OLX i zobacz, jak daleko możesz zajść. Co będzie należało do Twoich obowiązków? Kontakt z klientami oraz sprzedaż produktów w Grupie OLX z kategorii OLX Praca Telefoniczne budowanie i utrzymywanie długotrwałych relacji z Klientami OLX Szkolenie Klientów w zakresie nowych zasad współpracy i zmian w cenniku Administrowanie naszej bazy danych Dbałość o wizerunek OLX Co będzie Ci potrzebne, żeby odnieść sukces na tym stanowisku? Doświadczenie w aktywnej sprzedaży Doskonałe umiejętności komunikacyjne Rozwinięte umiejętności negocjacyjne Ukierunkowanie na realizację celów Umiejętność budowania długotrwałych relacji z klientami Zainteresowanie branżą HR Znajomość języka angielskiego na poziomie B2 będzie plusem A co my możemy zaoferować Tobie? Zatrudnienie na umowę o pracę w międzynarodowym środowisku, w największym i najskuteczniejszym serwisie ogłoszeń w Polsce Atrakcyjny system premiowy Bogaty pakiet benefitów w systemie kafeteryjnym (do wyboru m.in.: opieka medyczna, karta sportowa Multisport, ubezpieczenie, vouchery do sklepów, bilety na wydarzenia i wiele innych) Możliwość częściowej pracy zdalnej (model hybrydowy) Przyjazne środowisko pracy Niezbędne narzędzia do pracy Morze możliwości rozwijania siebie (m.in. kursy e-learningowe, szkolenia, webinary) Pracę w nowoczesnym biurze w centrum Poznania Poniedziałkowe poranki z uśmiechem na samą myśl o powyższym :) Grupa OLX to najszybciej rozwijająca się sieć platform e-commerce na świecie. Każdego miesiąca ułatwiamy życie ponad 300 milionów ludzi, w ponad 30 krajach, na 5 kontynentach. Kształtujemy przyszłość handlu, odnajdując ukrytą wartość we wszystkim, co nas otacza. Każdego dnia pomagamy ludziom kupować i sprzedawać samochody, znaleźć pracę, wymarzone mieszkanie i jego wyposażenie oraz wiele, wiele więcej :) Jesteśmy różnorodną społecznością, składającą się z ponad 10 tys. utalentowanych profesjonalistów. Wspólnie tworzymy organizację, w której każdy głos jest ważny. W Polsce nasza mocna reprezentacja to OLX, Otodom, Otomoto. *Wszystkie określenia wyrażone w formie męskiej odnoszą się w jednakowym stopniu do pozostałych płci i nie mają na celu jakiejkolwiek dyskryminacji. Grupa OLX sp. z o.o. wdrożyła wewnętrzną procedurę zgłaszania naruszeń prawa. Masz prawo zgłosić naruszenie prawa za pośrednictwem strony internetowej lub telefonicznie za pośrednictwem dowolnego z numerów telefonów wymienionych na tej stronie. Weryfikacją zgłoszeń oraz podejmowaniem działań następczych zajmują się upoważnieni do tego członkowie zespołu ds. etyki i zgodności. Wszelkie zgłoszenia będą traktowane z najwyższą starannością, poufnością i zgodnie z obowiązującymi przepisami prawa.",3055,FULL_TIME,Umowa o pracę,Umowa o pracę,1.0,,,,,NONE,,False,False,,,False,False,,,,False,,1760213843000,1760213843000,pl
praca-na-stanowisku-zbrojarzy-CID4-ID17NjBo,https://www.olx.pl/oferta/praca/praca-na-stanowisku-zbrojarzy-CID4-ID17NjBo.html,UNKNOWN,Praca na stanowisku zbrojarzy,Łapy,Zatrudnię do pracy zbrojarzy na budowę w Łapach oraz osoby do przyuczenia zawodu. Wysokie zarobki.,98,FULL_TIME,"Umowa o pracę, Praktyka / staż, Samozatrudnienie","Umowa o pracę, Praktyka / staż, Samozatrudnienie",,,,,,NONE,,False,False,,,False,False,,,,False,,1760213843000,1760213843000,pl
pomocnik-stolarza-abler-plock-CID4-ID17I8qZ,https://www.olx.pl/oferta/praca/pomocnik-stolarza-abler-plock-CID4-ID17I8qZ.html,UNKNOWN,Pomocnik stolarza Abler Płock,Kostrogaj,"Ogólnopolski lider i dostawca materiałów dla meblarstwa oraz wykończenia wnętrz w związku z dynamicznym rozwojem poszukuje osoby na stanowisko Pomocnik stolarza (miejsce pracy: Płock) Zakres obowiązków: pomoc w pracy w stolarni podawanie i odbieranie płyt przeznaczonych do cięcia pakowanie i spinanie palet utrzymanie porządku na stolarni Wymagania: chęć do pracy i zaangażowanie dokładność w wykonywaniu powierzonych zadań mile widziane ale nie wymagane doświadczenie w obsłudze maszyn stolarskich uczciwość, odpowiedzialność Oferujemy: zatrudnienie na podstawie umowy o pracę, na pełen etat stabilną pracę w firmie o ugruntowanej pozycji rynkowej wynagrodzenie odpowiadające efektom pracy i poziomowi umiejętności dodatkowe benefity pracownicze w postaci dofinansowania do kart Multisport oraz pakietów medycznych Oferty zawierające CV prosimy przesyłać za pomocą serwisu OLX . Informujemy, że aplikacje bez załączonej klauzuli o przetwarzaniu danych osobowych nie będą rozpatrywane. Za wszystkie przesłane aplikacje – DZIĘKUJEMY. Informujemy, że skontaktujemy się tylko z wybranymi Kandydatami. z o.o. z siedzibą w Toruniu przy ul. Grudziądzkiej 177A w celu realizacji procesu rekrutacji.” Jeżeli chcesz abyśmy rozpatrywali Twoją kandydaturę także w przyszłych rekrutacjach, prosimy o wyrażenie zgody w tym zakresie poprzez dodanie dodatkowego oświadczenie, np. z o.o. z siedzibą w Toruniu przy ul. Grudziądzkiej 177A, w celu realizacji przyszłych procesów rekrutacyjnych.” Administratorem danych jest Abler Sp. z o.o. z siedzibą w Toruniu przy ul. Grudziądzkiej 177A. Dane zbierane są dla potrzeb obecnych rekrutacji, a w przypadku wyrażenia przez Panią/Pana wyraźnej i dobrowolnej zgody także dla potrzeb przyszłych rekrutacji, jednak nie dłużej niż przez okres 1 roku od dnia złożenia aplikacji. Ma Pani/Pan prawo dostępu do treści swoich danych oraz ich poprawiania. Podanie danych w zakresie określonym przepisami ustawy z dnia 26 czerwca 1974 r. Podanie dodatkowych danych osobowych jest dobrowolne i wymaga Pani/Pana wyraźnej zgody.",2043,FULL_TIME,Umowa o pracę,Umowa o pracę,,,,,,NONE,,False,False,,,False,False,,,,False,,1760213911000,1760213911000,pl
serwisant-urzadzen-grzewczych-kotlow-c-o-CID4-ID17D9Rh,https://www.olx.pl/oferta/praca/serwisant-urzadzen-grzewczych-kotlow-c-o-CID4-ID17D9Rh.html,UNKNOWN,Serwisant Urządzeń Grzewczych Kotłów C.O,Ostrów Wielkopolski,"PRODUCENT KOTŁÓW C.O. KORNEL PAWLAK Wiodący producent kotłów stałopalnych, w związku z rozwojem poszukuje na stanowisko: Serwisant Urządzeń Grzewczych: Forma zatrudnienia: Umowa o pracę. Miejsce pracy: Ostrów Wielkopolski Zakres obowiązków : Dojazd do klienta Ustalenie przyczyny awarii i jej usunięcie Przeprowadzanie pierwszych uruchomień kotłów Przeprowadzanie szkoleń z obsługi urządzenia Przeprowadzanie przeglądów serwisowych Dbałość o czystość powierzonego samochodu oraz narzędzi Sporządzanie protokołów z przeprowadzonych czynności serwisowych Wprowadzanie danych w systemie CRM Wymagania: Osoba kontaktowa, która nie boi się rozmawiać Osoba dobrze dogadująca się w grupie już obecnym gronie serwisantów, wzajemna pomoc Osoba nie bojąca się wyzwań - wykształcenie ( miłe widziane techniczne ) Zmysł techniczny Prawo jazdy kat. B Zapewniamy: stabilne zatrudnienie w rozwijającej się firmie szkolenia i możliwość podnoszenia kwalifikacji atrakcyjne wynagrodzenie niezbędne narzędzia pracy (samochód, telefon, laptop) przyjazną atmosferę w zespole Kontakt telefoniczny: Marcel Pawlak +48**********33 W przypadku zaplanowania spotkania prosimy o kontakt bezpośrednio ze mną.",1179,FULL_TIME,Umowa o pracę,Umowa o pracę,,,,,,NONE,,False,False,,,False,False,,,,False,,1760213931000,1760213931000,pl
kucharz-k-m-novotel-warszawa-centrum-CID4-ID17xmKR,https://www.olx.pl/oferta/praca/kucharz-k-m-novotel-warszawa-centrum-CID4-ID17xmKR.html,UNKNOWN,Kucharz (K/M) Novotel Warszawa Centrum,"Warszawa, Śródmieście","Twoja misja W swojej pracy połączysz zaangażowanie, umiejętność współpracy oraz swoje doświadczenie, aby goście mogli cieszyć się znakomitymi smakami, które dodadzą ich pobytowi kulinarnych wrażeń! Co chcielibyśmy, abyś wniósł/ wniosła do zespołu Masz wykształcenie gastronomiczne lub doświadczenie w pracy na stanowisku kucharza Porządek i higiena to Twoje mocne strony. Jeśli znasz zasady HACCP, to jest to plus Jesteś otwarty/a na przygotowywanie dań w oparciu o menu hotelu Znasz język polski w stopniu umożliwiającym swobodną komunikację Stawiasz na pracę zespołową Potrafisz pracować pod presją czasu Chcesz się rozwijać Jesteś uprawniony/a do pracy na terytorium Rzeczypospolitej Polskiej, odpowiadającej charakterowi stanowiska pracy opisanego w ramach niniejszego ogłoszenia Jak o ciebie zadbamy Stabilne warunki zatrudnienia w największej sieci hotelowej Premie półroczne, dofinansowanie do wypoczynku i świadczenia świąteczne Prywatną opiekę medyczną w Medicover i kartę Multisport Spotkania integracyjne Obiady pracownicze Możliwość rozwoju zawodowego Karty zniżkowe na pobyty w hotelach sieci na całym świecie Program poleceń pracowniczych – jeśli zatrudnimy kogoś, kogo polecisz, wynagrodzimy Ci to finansowo Dlaczego warto z nami pracować? Accor to światowy lider hotelarstwa z ponad 5100 hotelami w 110 krajach pod 39 markami w segmentach Lux, Premium, Midscale & Eco. Na pewno znasz takie marki jak: ibis, Novotel, Mercure, Sofitel. Co nas wyróżnia? Możesz znaleźć pracę i markę, które najbardziej pasują do Twojej osobowości. Jesteśmy otwarci i witamy Cię takim, jakim jesteś. Wspieramy rozwój i naukę każdego dnia, dbając o to, aby praca nadawała cel Twojemu życiu, tak abyś w trakcie swojej podróży z nami mógł odkrywać nieograniczone możliwości Accor. Dołączając do hoteli Accor, każdy rozdział Twojej historii może zostać napisany przez Ciebie, a my razem możemy kreować gościnność jutra. Odkryj życie, które czeka na ciebie w Accor! Do what you love. Care for the world. Dare to challenge the status quo! #BELIMITLESS Informujemy, że Pani/Pana dane osobowe będą przetwarzane przez administratora danych, którym jest spółka Essendi Poland S.A. (Pracodawca) z siedzibą przy ulicy Złotej 59, 00-120 Warszawa. Kontakt z Inspektorem Ochrony Danych Pracodawcy jest możliwy pod adresem: pl.gdpressendi.com Pracodawca będzie przetwarzał Państwa dane osobowe zamieszczone w przesłanej aplikacji o pracę na potrzeby procesu rekrutacji i przez okres prowadzenia naboru na stanowisko, na które złożyli Państwo aplikację nie dłużej jednak niż przez okres 6 miesięcy. Ponadto w przypadku wyrażenia dodatkowej zgody na przetwarzanie danych w celu udziału w kolejnych rekrutacjach, Pana/Pani dane osobowe będą przetwarzane przez okres 2 lat. Podanie przez Państwa danych osobowych w ramach aplikacji ma charakter obligatoryjny, gdyż ich podania wymagają przepisy Kodeksu Pracy (Pracodawca ma prawo ich żądania). Podstawą prawną takiego przetwarzania danych osobowych jest obowiązek prawny Administratora Danych pozostający w związku z uzasadnionym interesem Administratora Danych polegającym na przeprowadzeniu procesu rekrutacji i wyborze kandydata na stanowisko pracy na które Pan/Pani aplikuje w ramach tego procesu rekrutacji, (art. 6 ust. 1 lit. z art. 6 ust. 1 lit. do Prezesa Urzędu Ochrony Danych. Państwa dane osobowe nie będą przetwarzane w sposób zautomatyzowany, w tym nie będą one poddane profilowaniu zgodnie z art. 22 ust. Informujemy, że w Essendi Poland S.A.. Informujemy, że w Essendi Poland S.A. W związku z Regulaminem do Państwa dyspozycji pod adresem Essendi | Home udostępniona została platforma do przyjmowania zgłoszeń. Na powyższej stronie mogą Państwo zapoznać się szczegółowo z zasadami dokonywania zgłoszeń i przetwarzania danych osobowych. Ponadto wyrażam zgodę na przesyłanie przez Pracodawcę na podanego przeze mnie w procesie rekrutacji prywatnego maila, informacji dotyczących procesu zatrudnienia oraz formalnych aspektów zatrudnienia.",3977,FULL_TIME,Umowa o pracę,Umowa o pracę,,,,,,NONE,,False,False,,,False,False,,,,False,,1760213931000,1760213931000,pl
zatrudnie-slusarza-ze-znajomoscia-rysunku-warsztatowego-CID4-ID17I9of,https://www.olx.pl/oferta/praca/zatrudnie-slusarza-ze-znajomoscia-rysunku-warsztatowego-CID4-ID17I9of.html,UNKNOWN,Zatrudnię ślusarza ze znajomością rysunku warsztatowego,Osiek,"Obowiązki: Spawanie konstrukcji stalowych (MIG/MAG/TIG). Przygotowanie elementów do spawania (cięcie, wiercenie, szlifowanie). Czytanie i interpretacja rysunku technicznego. Obsługa maszyn i urządzeń spawalniczych (szlifierki, palniki, elektronarzędzia). Praca zgodnie z dokumentacją techniczną i spawalniczą. Dbanie o porządek i przestrzeganie zasad BHP na stanowisku pracy. Realizacja zleceń produkcyjnych. Montaż konstrukcji stalowych w hali oraz na zewnątrz. Szlifowanie spoin i czyszczenie konstrukcji. Praca na kontraktach zagranicznych (opcjonalnie). Wymagania: Doświadczenie w spawalnictwie. Znajomość rysunku technicznego. Uprawnienia spawalnicze (MAG 135/138, TIG - jeśli wymagane). Umiejętność pracy w zespole. Sumienność i dokładność w wykonywaniu powierzonych zadań. Gotowość do pracy w systemie zmianowym. Umiejętność posługiwania się narzędziami procesowymi i pomiarowymi. Mile widziane doświadczenie w branży energetycznej lub stoczniowej. Prawo jazdy kategorii B (opcjonalnie). Brak przeciwwskazań do pracy na wysokości.",1037,FULL_TIME,Umowa o pracę,Umowa o pracę,,,,,,NONE,,False,False,,,False,False,,,,False,,1760213952000,1760213952000,pl
crm-specialist-maxi-zoo-polska-CID4-ID17KZ3z,https://www.olx.pl/oferta/praca/crm-specialist-maxi-zoo-polska-CID4-ID17KZ3z.html,UNKNOWN,CRM Specialist - Maxi Zoo Polska,"Warszawa, Żoliborz","""Szczęśliwsze zwierzęta, to szczęśliwsi ludzie"" Jesteśmy największą siecią sklepów zoologicznych w Polsce i Europie. Należymy do międzynarodowej grupy Fressnapf. Codziennie dokładamy wszelkich starań, aby życie zwierząt i ich Opiekunów było łatwiejsze, lepsze i szczęśliwsze. Zapraszamy Cię do aplikowania na stanowisko: CMR Specialist Twój zakres obowiązków: Wsparcie bieżącej obsługi programu lojalnościowego Planowanie, wdrażanie i optymalizacja kampanii CRM (m.in. e-mail marketing, SMS, push) Planowanie i realizacja ofert i akcji promocyjnych programu lojalnościowego Planowanie i wdrażanie komunikacji dla programu lojalnościowego – digitalowa i drukowana komunikacja reklamowa: zewnętrzna, na stronie online, w aplikacji oraz w sklepach Planowanie oraz realizacja komunikacji z Klientami oraz kampanii w aplikacji mobilnej, newsletterze, marketing automation Współtworzenie działań na pozyskiwanie, aktywizację i utrzymanie Klientów Przygotowywanie analiz i raportów opartych na danych (m.in. podsumowanie akcji promocyjnych, zachowania klientów) – praca w SAP Cloud, Power BI Współpraca w zakresie wdrażania zmian i nowości w funkcjonalnościach programu lojalnościowego oraz aplikacji Ścisła współpraca z Działem Zarządzania Kategorią i Działem Sprzedaży, i innymi działami w firmie, ze sklepami stacjonarnymi, Działem Online oraz Centralą w Niemczech Współpraca z partnerami i poddostawcami Nasze wymagania Min. 2-letnie doświadczenie w CRM/pracy z programem lojalnościowym Doświadczenie w retail lub e-commerce Praktyczna znajomość systemów CRM i platform do automatyzacji marketingu Umiejętności analityczne, tworzenia raportów na bazie danych i prezentacji Znajomość zagadnień związanych z programami lojalnościowymi i retencją klientów Doświadczenie w przygotowywaniu działań komunikacyjnych Umiejętność współpracy z różnymi działami Umiejętność pracy zespołowej i komunikatywność Samodzielność w działaniu Znajomość j. angielskiego na poziomie min. B2 Średnio zaawansowana znajomość Microsoft Excel, Power BI i Adobe To oferujemy: Umowę o pracę Pracę w zespole, na którego wsparcie zawsze możesz liczyć Hybrydowy model pracy Prywatną opiekę medyczną Pakiety weterynaryjne dla zwierząt Możliwość skorzystania z pakietu sportowego Możliwość przychodzenia do pracy z Pupilem Dodatkowy benefit za wolontariat na rzecz zwierząt Dodatkowe dni urlopu za staż pracy",2372,FULL_TIME,Umowa o pracę,Umowa o pracę,1.0,,,,,NONE,,False,False,,,False,False,,,,False,,1760213994000,1760213994000,pl
monter-aparatury-oswietleniowej-operator-wtryskarek-CID4-ID17yDd5,https://www.olx.pl/oferta/praca/monter-aparatury-oswietleniowej-operator-wtryskarek-CID4-ID17yDd5.html,UNKNOWN,Monter aparatury oświetleniowej - operator wtryskarek,Sosnowiec,"Sienna 75, 00-833 Warszawa oraz podmioty wskazane w Polityce Prywatności. Dane osobowe będą przetwarzane w celu realizacji procesu rekrutacji (podstawa prawna: art. 22(1) § 1 ustawy z dnia 26.06.1974 r. z art. 6 ust. 1 lit. c lub lit. Podanie danych oraz wyrażenie zgody na ich przetwarzanie jest dobrowolne, ale konieczne do wzięcia udziału w prowadzonej rekrutacji. Czas przechowywania danych: powierzone dane osobowe będą przechowywane do czasu prowadzonych rekrutacji - nie dłużej niż 48 miesięcy od ostatniej aktywności użytkownika albo do momentu odwołania wyrażonej zgody. Przewidywane kategorie odbiorców danych: osoby zajmujące się rekrutacją oraz decydujące o zatrudnieniu, dział kadr i płac oraz osoby odpowiadające za nadzór IT, nadzór nad poprawnością działań rekrutacyjnych w tym prawnicy. Przysługujące prawa: masz prawo do żądania od administratora dostępu do danych osobowych dotyczących swojej osoby, ich sprostowania, usunięcia lub ograniczenia przetwarzania, cofnięcia wyrażonej zgody, a także prawo wniesienia sprzeciwu wobec przetwarzania danych oraz prawo do wniesienia skargi do organu nadzorczego. Pełną informację odnośnie przetwarzania Twoich danych osobowych znajdziesz pod adresem: Informujemy, że wewnętrzna procedura dokonywania zgłoszeń naruszeń prawa i podejmowania działań następczych (Procedura dot. Firma zapewnia kompleksowe usługi w zakresie rekrutacji pracowników wszystkich szczebli, stałego i czasowego zatrudnienia oraz outsourcingu. Nr wpisu do Rejestru Agencji Zatrudnienia: 2010",1523,FULL_TIME,Umowa o pracę,Umowa o pracę,,,,,,NONE,,False,False,,,False,False,,,,False,,1760213994000,1760213994000,pl
zatrudnimy-opiekuna-lub-pomoc-do-opieki-nad-dziecmi-do-lat-3-bemowo-CID4-ID17uRjf,https://www.olx.pl/oferta/praca/zatrudnimy-opiekuna-lub-pomoc-do-opieki-nad-dziecmi-do-lat-3-bemowo-CID4-ID17uRjf.html,UNKNOWN,Zatrudnimy OPIEKUNA lub POMOC do opieki nad dziećmi do lat 3 (BEMOWO),"Warszawa, Bemowo","""Akademia Pod Aniołkami"" do punktu na Bemowie (Warszawa-Bemowo) przy parafii Matki Bożej Królowej Aniołów zatrudni osobę do opieki dzieci do lat 3. ZAKRES OBOWIĄZKÓW: Do zadań dziennego opiekuna należy w szczególności: - zapewnienie dzieciom opieki w warunkach bytowych zbliżonych do warunków domowych; - zagwarantowanie właściwej opieki pielęgnacyjnej oraz edukacyjnej, z uwzględnieniem indywidualnych potrzeb dziecka - prowadzenie zajęć opiekuńczo-wychowawczych i edukacyjnych, uwzględniających rozwój psychomotoryczny dziecka, właściwych do wieku dziecka. - współpraca z rodzicami dzieci, w szczególności przez: korzystanie z pomocy rodziców w sprawowaniu opieki nad dziećmi w czasie prowadzenia zajęć; prowadzenie konsultacji i udzielanie porad rodzicom w zakresie pracy z dziećmi. - wykonywanie codziennych czynności higieniczno-opiekuńczych związanych z opieką nad dziećmi z zakresu: karmienia, mycia, układania do snu, przewijania itp. WYMAGANIA I KWALIFIKACJE: - Doświadczenie pracy z dziećmi w wieku do lat 3. W przypadku braku kwalifikacji (certyfikatu Opiekuna dziennego) będzie możliwość nabycia podczas podjęcia współpracy. ATUTEM BĘDZIE ODBYTE: a) 160-godzinne szkolenie na dziennego opiekuna albo b) 40-godzinne szkolenie uzupełniające, w tym z zakresu udzielania dziecku pierwszej pomocy, jeżeli posiada kwalifikacje pielęgniarki, położnej, opiekunki dziecięcej, nauczyciela wychowania przedszkolnego, nauczyciela edukacji wczesnoszkolnej lub pedagoga opiekuńczo wychowawczego OFERUJEMY: Umowę po odbyciu okresu próbnego , godne wynagrodzenie oraz bardzo dobrą atmosferę w miejscu pracy. Zainteresowane osoby proszę o wysyłanie CV",1646,FULL_TIME,"Umowa o pracę, Umowa zlecenie","Umowa o pracę, Umowa zlecenie",,,,,,NONE,,False,False,,,False,False,,,,False,,1760214024000,1760214024000,pl
ksiegowa-ksiegowy-CID4-ID17MDyZ,https://www.olx.pl/oferta/praca/ksiegowa-ksiegowy-CID4-ID17MDyZ.html,UNKNOWN,Księgowa/Księgowy,"Warszawa, Targówek","Firma G-CON Sp. z o.o. specjalizuje się w produkcji kontenerów. Realizujemy kompleksowo usługi związane z projektowaniem, produkcją i instalacją kontenerów. W naszej ofercie znajdują się zarówno kontenery biurowe, jak i sanitarne. Wykonane przez nas obiekty mogą pełnić funkcje biurowe, wystawowe, handlowe czy zaplecza sanitarnego. Oferujemy także stróżówki, magazyny oraz chłodnie. W związku z rozwojem firmy poszukujemy: Księgowa/Księgowy - miejsce pracy ul. Toruńska 31, Warszawa Twój zakres obowiązków: Weryfikacja dokumentów pod względem formalnym i rachunkowym, Księgowanie faktur zakupowych i sprzedażowych, wyciągów bankowych oraz innych dokumentów księgowych, Weryfikacja i rozliczanie przelewów bankowych, Analiza i uzgadnianie kont bilansowych oraz wynikowych, Uzgadnianie sald z kontrahentami oraz bieżący kontakt w zakresie rozrachunków. Rozliczanie zaliczek, Uzgadnianie rejestrów VAT, Udział w sporządzaniu sprawozdań finansowych' Nasze oczekiwania to: Dobra znajomość zasad rachunkowości oraz przepisów podatkowych, Dobra znajomość pakietu MS Office, Mile widziana znajomość systemu księgowego Enova, Dokładność, sumienność i odpowiedzialność w realizacji powierzonych zadań Oferta atrakcyjne wynagrodzenie, premie wdrożenie i wsparcie zespołu, dużą samodzielność w organizacji pracy, możliwość ciągłego rozwoju i podnoszenia swoich kwalifikacji, dodatkowe benefity: opieka medyczna, ubezpieczenie na życie, dofinansowanie do karty sportowej Abyśmy mogli przetwarzać Twoje dane osobowe zawarte w dokumencie CV dla celu uczestniczenia w procesie rekrutacyjnym na stanowisko, na które aplikujesz, proszę wstawić następującą klauzulę w przesłanych dokumentach rekrutacyjnych. Podanie danych osobowych oraz wyrażenie zgody na ich przetwarzanie jest dobrowolne aczkolwiek ich nie podanie uniemożliwi nam przeprowadzenie procesu rekrutacyjnego. 6 ust. 1 lit. Sp. z o. o. w celu ponownego rozpatrzenia mojej kandydatury, lecz nie dłużej niż 12 miesięcy",1962,FULL_TIME,Umowa o pracę,Umowa o pracę,,,,,,NONE,,False,False,,,False,False,,,,False,,1760214024000,1760214024000,pl
rotometal-magazynier-operator-wozka-CID4-ID17NkzI,https://www.olx.pl/oferta/praca/rotometal-magazynier-operator-wozka-CID4-ID17NkzI.html,UNKNOWN,Rotometal - Magazynier operator wózka,Świebodzin,"ROTOMETAL DBN SP. Z O.O. Jesteśmy wiodącym dostawcą produktów i usług dla branży etykiet i druku. Nasze blisko 20-letnie doświadczenie pozwoliło zdobyć reputację w zakresie jakości, innowacji i obsługi klienta. Dzięki obecności przedstawicieli handlowych w USA, Indonezji, Indiach, Tajlandii, Francji, Hiszpanii, Niemczech i Wielkiej Brytanii staliśmy się firmą prawdziwie globalną, obsługującą klientów na całym świecie.W związku z rozwojem firmy poszukujemy osób na stanowisko : Magazynier (operator wózków jezdniowych) Miejsce pracy: Świebodzin Twoje zadania: przyjmowanie oraz ewidencja materiałów dostarczanych do magazynu; rozładunek oraz załadunek - wydawanie towaru za pośrednictwem systemów informatycznych; prowadzenie, zgodnie z obowiązującymi przepisami, ewidencji ruchu i stanów zapasów (ilościowej ewidencji magazynowej) oraz innych wymaganych ewidencji, rejestrów; rozmieszczenie i ułożenie przyjętych materiałów w magazynie, zabezpieczenie ich przed uszkodzeniem, zniszczeniem; przestrzeganie zasad obiegu dokumentacji i porządku w przechowywaniu dokumentów magazynowych. kontrola ilościowa i jakościowa towaru, utrzymywanie porządku i oznaczeń w magazynach wewnętrznych; Czego oczekujemy: doświadczenie na analogicznym stanowisku w branży produkcyjnej; uprawnienia UDT na wózek widłowy; dobra organizacja pracy: dokładność, rzetelność, odpowiedzialność; umiejętność pracy w zespole, komunikatywność; zaangażowanie i dyspozycyjność, gotowość do pracy w systemie 2 zmianowym. Co oferujemy: po okresie próbnym premia miesięczna do 15% od wynagrodzenia brutto; wsparcie finansowe z okazji Bożego Narodzenia, dofinansowanie do wczasów; upominki dla dzieci pracowników z okazji Zajączka, Dnia Dziecka i Mikołaja; nagrody jubileuszowe; dofinansowanie do dojazdów;",1773,FULL_TIME,Umowa o pracę,Umowa o pracę,,,,,,NONE,,False,False,,,False,False,,,,False,,1760214067000,1760214067000,pl
kelner-wesela-bankiety-CID4-ID17D7gb,https://www.olx.pl/oferta/praca/kelner-wesela-bankiety-CID4-ID17D7gb.html,UNKNOWN,"KELNER- Wesela, Bankiety",Inwałd,"PARKHOTEL ŁYSOŃ w Inwałdzie poszukuje kandydatów na stanowisko KELNER Weselny/ Bankietowy Praca na stałe- nie sezonowa! Wymagania: dyspozycyjność, w szczególności piątek- niedziela prawo jazdy kat. B- mile widziane wysoka kultura osobista chęć pracy i rozwoju WYMAGANE doświadczenie w gastronomii Gwarantujemy pracę przez cały rok, nie tylko w sezonie szkolenia z zakresu gastronomii pracę w młodym i uśmiechniętym zespole :) miłą atmosferę w pracy elastyczny grafik Osoby zainteresowane, proszone są o przesłanie CV",516,PART_TIME,"Inny, Umowa o pracę, Umowa zlecenie","Inny, Umowa o pracę, Umowa zlecenie",,,,,,NONE,,False,False,,,False,False,,,,False,,1760214087000,1760214087000,pl
serwisant-gsm-serwis-telefonow-gdansk-CID4-ID17KlQn,https://www.olx.pl/oferta/praca/serwisant-gsm-serwis-telefonow-gdansk-CID4-ID17KlQn.html,UNKNOWN,Serwisant GSM - serwis telefonów GDAŃSK,"Gdańsk, Przymorze Wielkie","Pracuj w Świat GSM Jesteśmy liderem na rynku w branży GSM. Przez 17 lat funkcjonowania firmy zbudowaliśmy liczącą ponad 90 punktów sieć profesjonalnych sklepów i stoisk. Oferujemy szeroki wybór akcesoriów w branży GSM. Specjalizujemy się w zabezpieczaniu urządzeń mobilnych oraz ich pełnym serwisie. Poszukujemy doświadczonej osoby na stanowisko Serwisanta. Dołącz do grona doświadczonych ekspertów w dziedzinie serwisu w sieci liczącej ponad 90 punktów handlowych. Lokalizacja pracy: Galeria Przymorze [ul. Obrońców Wybrzeża 1, 80-398 Gdańsk] Twój zakres obowiązków: Diagnoza i naprawa usterek telefonów Wymiana elementów np. wyświetlaczy, baterii Przeprowadzanie testów Sprawdzanie stanu wizualnego, sporządzanie uwag/notatek Ścisła współpraca z Managerem Serwisu oraz innymi pracownikami Nasze wymagania: Doświadczenie na podobnym stanowisku lub Doświadczenie w diagnostyce i naprawie iPhone Dokładność oraz zdolności manualne Sumienność i rzetelność, dobra organizacja pracy własnej Samodzielność w rozwiązywaniu problemów i wykonywaniu obowiązków Oferujemy: Pracę w wiodącej firmie na rynku GSM Stabilne zatrudnienie i pracę wśród ekspertów zgromadzonych przez 17 lat funkcjonowania firmy Stabilną podstawę oraz premię zależną od zrealizowanych napraw Benefity: Karta MultiSport Zniżki na produkty i usługi firmowe",1319,FULL_TIME,"Umowa o pracę, Umowa zlecenie","Umowa o pracę, Umowa zlecenie",,,,,,NONE,,False,False,,,False,False,,,,False,,1760214086000,1760214086000,pl
operator-maszyn-cnc-rowniez-do-przyuczenia-CID4-ID17LQms,https://www.olx.pl/oferta/praca/operator-maszyn-cnc-rowniez-do-przyuczenia-CID4-ID17LQms.html,UNKNOWN,Operator maszyn CNC - również do przyuczenia,"Poznań, Dębiec","Chcesz zmienić zawód i zdobyć kwalifikacje operatora maszyn CNC ? Zapraszamy. Zapewniamy możliwość zdobycia cennego doświadczenia zawodowego i podnoszenia własnych umiejętności, a po okresie nauki możliwość dalszego stabilnego zatrudnienia. Jeżeli spełniasz poniższe wymagania: · jesteś gotowy do pracy trzyzmianowej · umiesz czytać rysunek techniczny · posiadasz zdolności manualne · umiesz obsługiwać elektronarzędzia · potrafisz pracować w zespole · masz silną motywację do pracy · mile widziane uprawnienia do obsługi wózków widłowych Zapraszamy do przesyłania CV",567,FULL_TIME,Umowa o pracę,Umowa o pracę,,,,,,NONE,,False,False,,,False,False,,,,False,,1760214087000,1760214087000,pl
pracownik-produkcji-smurfit-westrock-drezdenko-CID4-ID17KKFC,https://www.olx.pl/oferta/praca/pracownik-produkcji-smurfit-westrock-drezdenko-CID4-ID17KKFC.html,UNKNOWN,Pracownik produkcji Smurfit Westrock Drezdenko,Drezdenko,"Smurfit Westrock to światowy lider branży opakowań z papieru. Specjalizujemy się w produkcji nowoczesnych i przyjaznych dla środowiska tekturowych opakowań jednostkowych i zbiorczych. Do fabryki w Drezdenku poszukujemy Pracowników Produkcji. Obowiązki: pomoc w obsłudze maszyn produkujących opakowania z tektury falistej, odbieranie gotowego wyrobu z linii produkcyjnej, udział w kontroli jakości wyrobów według obowiązujących standardów, udział w przeglądach technicznych maszyn. Wymagania: mile widziane doświadczenie na stanowisku pracownika produkcji, podstawowa znajomość obsługi komputera, ogólna znajomość zagadnień technicznych, dokładność, rzetelność, uczciwość, gotowość do pracy trzyzmianowej (pon-pt). Oferujemy: wynagrodzenie adekwatne do posiadanej wiedzy i umiejętności, jasno określone zadania, stabilne zatrudnienie, priorytet zapewnienia bezpiecznych warunków pracy, możliwość rozwoju zawodowego i podnoszenia kwalifikacji, benefity: prywatna opieka medyczna, dofinansowanie szkoleń i kursów, ubezpieczenie na życie, owoce, firmowa drużyna sportowa, kawa / herbata, parking dla pracowników, dofinansowanie wypoczynku, możliwość uzyskania uprawnień, inicjatywy dobroczynne, dofinansowanie obiadów.",1214,FULL_TIME,Umowa o pracę,Umowa o pracę,,,,,,NONE,,False,False,,,False,False,,,,False,,1760214149000,1760214149000,pl
doradca-klienta-w-sklepie-CID4-ID17KLk6,https://www.olx.pl/oferta/praca/doradca-klienta-w-sklepie-CID4-ID17KLk6.html,UNKNOWN,Doradca Klienta w sklepie,Zielona Góra,"Tytuł stanowiska: Doradca klienta, Lokalizacja: Zielona Góra, Focus Mall Zakres obowiązków: Aktywna sprzedaż odzieży i akcesoriów. Profesjonalne doradztwo i pomoc klientom w doborze produktów. Utrzymywanie porządku i estetyki na sali sprzedaży. Obsługa kasy fiskalnej i terminala płatniczego. Przyjmowanie zwrotów i reklamacji. Wymagania: Doświadczenie na podobnym stanowisku (mile widziane). Wysoka kultura osobista. Zainteresowanie modą i produktami odzieżowymi. Umiejętność pracy w zespole. Oferujemy: Stabilne zatrudnienie. Atrakcyjne wynagrodzenie. Możliwość rozwoju zawodowego. Zniżki pracownicze na asortyment. Przyjazną atmosferę w pracy.",646,FULL_TIME,Umowa o pracę,Umowa o pracę,,,,,,NONE,,False,False,,,False,False,,,,False,,1760214148000,1760214148000,pl
mcdonalds-dabrowa-gornicza-ujejsce-praca-weekendowa-CID4-ID17D1qw,https://www.olx.pl/oferta/praca/mcdonalds-dabrowa-gornicza-ujejsce-praca-weekendowa-CID4-ID17D1qw.html,UNKNOWN,McDonald’s Dąbrowa Górnicza Ujejsce – praca weekendowa,Dąbrowa Górnicza,"Mieszkasz w Wojkowicach, Ząbkowicach, Ujejscu, Dąbrowie Górniczej, a może w Siewierzu? W tygodniu studiujesz i szukasz pracy na weekend? Dołącz do zgranej ekipy McDonald's. Dlaczego warto? To jedna z najczęściej odwiedzanych restauracji na świecie, szerokie możliwości rozwoju, pewność zatrudnienia i niezwykła atmosfera. Aplikuj do McDonald's i przyrządzaj ludziom to, co lubią najbardziej! Z centrum dojedziesz do nas autobusem 638 (przystanek Ujejsce Kościół). McDonald’s Dąbrowa Górnicza Ujejsce – praca weekendowa Co otrzymasz od nas? • Umowa o pracę • Fantastyczna atmosfera • Możliwość pracy w niepełnym wymiarze czasu pracy praca w weekendy piątek, sobota, niedziela) • Dodatki do wynagrodzenia: + 20% stawki za pracę w godzinach nocnych 23:00-7:00 • Elastyczny grafik i możliwość pracy w niepełnym wymiarze godzin • Zniżki na nasze produkty do wszystkich restauracji w Polsce - Bonifikarta • Atrakcyjna oferta rabatowa na posiłki w czasie pracy • Możliwość nabycia na preferencyjnych warunkach pracodawcy np. kart sportowych Multisport dla Ciebie i Twoich bliskich, grupowego ubezpieczenia na życie Czego szukamy? • chęci do pracy • dyspozycyjność weekendowa • otwartości i komunikatywności • umiejętności pracy w zespole • badania sanitarno- epidemiologiczne Pssst: Nie musisz mieć doświadczenia w gastronomii - wszystkiego Cię nauczymy! Co będziesz robić? • przygotowywać burgery, desery i inne pyszności • sprzedawać je • kompletować i wydawać zamówienia • dbać o porządek Masz smaka na tę ofertę? Aplikuj na lub wypełnij ulotkę rekrutacyjną w restauracji McDonald's w Dąbrowie Górniczej przy ul. Jana Pawła II 22A. Pracuj z nami! Czekamy właśnie na Ciebie!",1669,PART_TIME,Umowa o pracę,Umowa o pracę,,,,,,NONE,,False,False,,,False,False,,,,False,,1760214169000,1760214169000,pl
koordynator-ds-administracyjno-logistycznych-CID4-ID17KJm5,https://www.olx.pl/oferta/praca/koordynator-ds-administracyjno-logistycznych-CID4-ID17KJm5.html,UNKNOWN,Koordynator ds. administracyjno - logistycznych,Kalsk,"Firma Agrocoop sp. z o.o. sp. k. Jesteśmy dynamicznie rozwijającą się firmą w branży rolniczej, łączącą wieloletnie doświadczenie z innowacyjnością. Nasza działalność obejmuje produkcję roślinną i zwierzęcą, prowadzoną w dwóch lokalizacjach: w województwie wielkopolskim (Ruchocice k. Grodziska Wlkp.) oraz lubuskim (Kalsk k. Sulechowa). W związku z dalszym rozwojem, poszukujemy: Koordynatora ds. administracyjno - logistycznych, który będzie odpowiedzialny za wsparcie kadry zarządzającej. Miejsce pracy: Kalsk k. Sulechowa Zakres obowiązków: Organizacja i nadzór nad gospodarką magazynową (ewidencje, rozliczenia) przy użyciu systemu AGRINAVIA Planowanie i organizacja prac polowych (siew, nawożenie, ochrona roślin, zbiór). Prowadzenie dokumentacji agronomicznej. Nadzór nad pracą zespołu pracowników gospodarstwa. Współpraca z dostawcami środków produkcji rolnej i serwisami technicznymi. Dbanie o wysoką jakość upraw oraz efektywność produkcji. nadzór nad warsztatem (mile widziana znajomość programu QRmaint). organizacja i realizacja dostaw i rozładunków. Wymagania: Minimum 3 lata doświadczenia na podobnym stanowisku. Umiejętność zarządzania zespołem i organizacji pracy. Prawo jazdy kat. B (mile widziane T). dyspozycyjność. Oferujemy: Stabilne zatrudnienie w oparciu o umowę o pracę. Możliwość rozwoju zawodowego i podnoszenia kwalifikacji. Pracę w nowoczesnym gospodarstwie wyposażonym w najnowsze technologie. Niezbędne narzędzia pracy, w tym samochód służbowy. Przyjazną atmosferę w dynamicznie rozwijającym się zespole. Osoby zainteresowane prosimy o przesłanie CV i listu motywacyjnego przez aplikację. Zastrzegamy sobie prawo odpowiedzi na wybrane oferty. z o.o. sp.k. z siedzibą w Ruchocice zgodnie z ustawą z dnia 29 sierpnia 1997 r. o ochronie danych osobowych (t.j. Dz. U. z 2016 r., poz. 922)”.",1817,FULL_TIME,Umowa o pracę,Umowa o pracę,,,,,,NONE,,False,False,,,False,False,lead,3.0,lead,True,,1760214168000,1760214168000,pl
wsparcie-w-dziale-ksiegowosci-praca-dla-studenta-CID4-ID17MDUx,https://www.olx.pl/oferta/praca/wsparcie-w-dziale-ksiegowosci-praca-dla-studenta-CID4-ID17MDUx.html,UNKNOWN,Wsparcie w dziale księgowości - praca dla studenta,"Warszawa, Włochy","W dziale księgowości będziesz odpowiedzialny za: • wsparcie głównego księgowe w rozliczaniu kont (środki pieniężne w drodze), • księgowanie i rozliczanie wpływu płatności od klientów, • uzgadnianie rozliczeń i kontrolę kont rozrachunkowych, • dbanie o satysfakcję klienta w zakresie rozliczeń jego płatności, • kontakt z klientem w celu uzgadniania bieżących płatności. Chętnie zaprosimy Cię do współpracy, jeżeli: • jesteś studentem/ką lub absolwentem/ką kierunków: finanse i rachunkowość/ ekonomia/ matematyka lub podobne, • jesteś dyspozycyjny/a około 8 godzin dziennie od poniedziałku do piątku, • znasz podstawowe zagadnienia związane z księgowością, • nie masz problemów z obsługą programów z pakietu MS Office (w szczególności Excel), • masz wysoko rozwinięte umiejętności komunikacyjne (rozmowy telefoniczne) oraz potrafisz organizować swoją pracę. Oferujemy: • współpracę w oparciu o umowę zlecenie, • możliwość zdobycia dużej dawki praktycznej wiedzy z zakresu księgowości, • elastyczne godziny rozpoczęcia dnia pracy, • wsparcie zespołu podczas uczenia się nowych obowiązków, • możliwość dalszego rozwoju zawodowego w strukturach firmy,",1147,PART_TIME,Umowa zlecenie,Umowa zlecenie,,,,,,NONE,,False,False,,,False,False,,,,False,,1760214189000,1760214189000,pl
centrum-medyczne-dp-med-jablonna-rejestratorka-medyczna-CID4-ID17LuxV,https://www.olx.pl/oferta/praca/centrum-medyczne-dp-med-jablonna-rejestratorka-medyczna-CID4-ID17LuxV.html,UNKNOWN,Centrum Medyczne DP MED Jabłonna - Rejestratorka Medyczna,Jabłonna,"Centrum Medyczne DP MED w Jabłonnie poszukuje rejestratorki medycznej Obowiązki: - osobista i telefoniczna obsługa pacjenta - umawianie na wizyty do specjalistów - przyjmowanie płatności - autoryzacja usług z pakietów medycznych - udzielanie informacji dotyczących zakresu świadczonych usług - praca zmianowa: 7-15, 13-21 Wymagania: - sprawna obsługa komputera - dyspozycyjność - odporność na stres - komunikatywność, empatia i orientacja na pacjenta Osoby zainteresowane ofertą prosimy o przesłanie CV. Informujemy, że skontaktujemy się tylko z wybranymi kandydatami.",568,FULL_TIME,Umowa o pracę,Umowa o pracę,,,,,,NONE,,False,False,,,False,False,,,,False,,1760214224000,1760214224000,pl
samodzielna-ksiegowa-samodzielny-ksiegowy-CID4-ID17JGBk,https://www.olx.pl/oferta/praca/samodzielna-ksiegowa-samodzielny-ksiegowy-CID4-ID17JGBk.html,UNKNOWN,Samodzielna księgowa / Samodzielny księgowy,"Warszawa, Mokotów","Poszukujemy doświadczonego specjalisty ds. finansów, który dołączy do naszego zespołu finansowego. Osoba na tym stanowisku będzie ściśle współpracować z innymi działami w celu uzgadniania rozbieżności finansowych, zarządzania rozliczeniami wydatków oraz wspierania działalności firmy poprzez dostarczanie informacji finansowych. ZADANIA Osoba na tym stanowisku będzie współpracować ze wszystkimi współpracownikami z działu finansowego na poziomie lokalnym oraz w międzynarodowych siedzibach głównych w celu zapewnienia realizacji indywidualnych celów wydajnościowych. Zarządzanie wszystkimi kontaktami z doradcami podatkowymi i audytorami w celu zapewnienia terminowego i dokładnego sporządzania rocznych sprawozdań finansowych i podatkowych zgodnie z przepisami finansowymi i zasadami zgodności obowiązującymi w firmie. Zakres obowiązków Przygotowywanie i weryfikacja sprawozdań finansowych zgodnie z lokalnymi standardami rachunkowości i wewnętrznymi zasadami grupy. Nadzorowanie prawidłowego prowadzenia ksiąg rachunkowych, w tym księgi głównej, zobowiązań i należności oraz listy płac. Współpraca z dyrektorem finansowym w zakresie opracowywania i monitorowania budżetów i prognoz oraz wspieranie długoterminowego planowania finansowego. Zapewnienie dokładnego i terminowego przygotowywania zeznań podatkowych (VAT, CIT itp.) oraz raportów ustawowych dla lokalnych organów (np. GUS, NBP). Koordynacja audytów wewnętrznych i zewnętrznych, przygotowywanie dokumentacji oraz utrzymywanie skutecznych kontroli wewnętrznych. Dostarczanie analiz finansowych i raportów w celu wsparcia lokalnego kierownictwa i międzynarodowej centrali; uzgadnianie płatności i rachunków.",1668,FULL_TIME,Umowa o pracę,Umowa o pracę,,,,,,NONE,,False,False,,,False,False,mid,,mid,True,,1760214244000,1760214244000,pl
dental-migas-clinic-w-krakowie-nawiaze-wspolprace-z-fizjoterapeuta-CID4-ID17CTxz,https://www.olx.pl/oferta/praca/dental-migas-clinic-w-krakowie-nawiaze-wspolprace-z-fizjoterapeuta-CID4-ID17CTxz.html,UNKNOWN,Dental Migas Clinic w Krakowie nawiąże współpracę z fizjoterapeutą,"Kraków, Czyżyny",Dental Migas Clinic w Krakowie nawiąże współpracę z fizjoterapeutą. Osoby zainteresowane zapraszamy do przesłania CV.,117,UNKNOWN,Samozatrudnienie,Samozatrudnienie,,,,,,NONE,,False,False,,,False,False,,,,False,,1760214264000,1760214264000,pl
pracownik-magazynowo-produkcyjny-kostrzyn-wlkp-szwedzka-firma-CID4-ID15WWjd,https://www.olx.pl/oferta/praca/pracownik-magazynowo-produkcyjny-kostrzyn-wlkp-szwedzka-firma-CID4-ID15WWjd.html,UNKNOWN,Pracownik magazynowo-produkcyjny - Kostrzyn Wlkp. - szwedzka firma,Kostrzyn,"O firmie Kinnegrip to szwedzka firma specjalizująca się w produkcji elementów konstrukcyjnych do pojazdów ciężarowych, przyczep i naczep typu kurtynowego oraz dropside – w tym zamków, burt, słupków i innych komponentów zapewniających bezpieczny i stabilny transport towarów. Firma działa w branży od 1966 roku i posiada nowoczesny zakład produkcyjny oraz centrum badań i rozwoju w Lidköping, w zachodniej Szwecji. Dysponujemy silną siecią sprzedaży, opartą na własnych przedstawicielach handlowych i dystrybutorach działających w regionie nordyckim oraz w całej Europie. Produkty Kinnegrip można znaleźć w większości przyczep i ciężarówek produkowanych przez największych europejskich producentów. Roczny obrót firmy wynosi około 10 milionów euro, z czego aż 90% stanowi eksport na rynki europejskie i pozaeuropejskie. W związku z dynamicznym rozwojem i planami dalszej ekspansji na rynkach europejskich, Kinnegrip uruchomił nowe centrum produkcyjno-montażowe, magazynowe i logistyczne w Polsce. Obiekt zlokalizowany w Kostrzynie pod Poznaniem odgrywa kluczową rolę we wspieraniu działalności firmy na terenie Europy. (Więcej informacji o firmie: Kogo szukamy Obecnie poszukujemy trzech pozytywnie nastawionych, zaangażowanych i zmotywowanych osób, które dołączą do naszego zespołu produkcyjno-magazynowego. Osoby te będą odpowiedzialna za obsługę magazynu firmy oraz wsparcie działu produkcji. Szukamy kandydata z odpowiednim podejściem – w Kinnegrip każdy członek zespołu aktywnie uczestniczy w życiu firmy, a klient zawsze znajduje się w centrum naszych działań. Cenimy ducha współpracy, wzajemne wsparcie, koleżeństwo oraz partnerstwo w codziennej pracy. Szczegóły stanowiska: Do Twoich obowiązków należeć będą: Ogólne prace na magazynie, załadunek i rozładunek towarów, przyjęcia i wydawanie towarów z magazynu na zewnątrz lub w ramach wewnętrznych przesunięć związanych z organizacją produkcji. Obsługa wózka widłowego Prace montażowe wymagające użycia narzędzi ręcznych lub elektronarzędzi i prostych automatów. Organizacja pracy produkcji przez bieżącą obsługę napływających zleceń produkcyjnych i raportowanie wykonanej pracy. Współpraca z koleżankami i kolegami z innych działów, a w szczególności z produkcją i logistyką. Współpraca z kierownictwem w Szwecji. Okazjonalne wspieranie innych zespołów. Oferujemy: Jednozmianową pracę w stałych godzinach od poniedziałku do piątku w ramach umowy o pracę na pełen etat (3 miesiące próbne z możliwością przedłużenia na czas nieokreślony) w skandynawskiej firmie o płaskich strukturach. Grupowe ubezpieczenie na życie dla wszystkich pracowników Zdrowe (i czasem słodkie) przekąski dostępne w firmowej kuchni Możliwość rozwoju w nowopowstałej firmie ze skandynawską kulturą pracy, w oparciu o zasady partnerstwa i współpracy bezpośrednio z kierownictwem ze Szwecji. Możliwości szkoleń i rozwoju zawodowego – zarówno indywidualnie dopasowanych (do stanowiska), jak i ogólnofirmowych (np. uprawnienia na wózki widłowe, kurs pierwszej pomocy itp.) Przyjazną i kameralną atmosferę w pracy. Ze względu na niewielką liczebność zależy nam na zgranym zespole. Silną, konkurencyjną markę ze Skandynawii z ponad 60-letnim doświadczeniem w rozwoju produktów i produkcji. Wymagania Poszukujemy kandydatów wysoce zmotywowanych, z odpowiednim podejściem do pracy i wysoką kulturą osobistą. Mile widziane jest wcześniejsze doświadczenie w przemyśle – zarówno w obszarze produkcji, jak i magazynu. Wymagana jest podstawowa znajomość obsługi komputera oraz uprawnienia do obsługi wózka widłowego. Znajomość języka angielskiego będzie dodatkowym atutem, ale nie jest konieczna. Szukamy osób ambitnych i pogodnych, które potrafią pracować zespołowo – bo wierzymy, że sukces firmy jest wynikiem wspólnej pracy, a nie indywidualnych działań. W Kinnegrip każdy pracownik aktywnie uczestniczy w codziennym funkcjonowaniu firmy, a klient zawsze znajduje się w centrum naszych działań. Cenimy zaangażowanie, samodzielność, dobrą organizację pracy oraz chęć podejmowania wyzwań. Poszukujemy osób, które wykazują inicjatywę i proaktywnie szukają rozwiązań. Cenimy indywidualizm i człowieka – zachęcamy do aplikowania osoby każdej płci. Skrót wymagań: Mile widziane doświadczenie w pracy w przemyśle, szczególnie na magazynie lub przy produkcji Zaangażowanie, dobra organizacja pracy i wysoka motywacja Podstawowa znajomość obsługi komputera Uprawnienia i doświadczenie w obsłudze wózka widłowego (mile widziane) Znajomość języka angielskiego (mile widziana, ale niewymagana) Umiejętność pracy zespołowej i współdziałania z innymi działami Proaktywne podejście do wyzwań i gotowość do ciągłego doskonalenia Doświadczenie w pracy zgodnie z zasadami Lean Manufacturing będzie dodatkowym atutem. Rozpatrujemy jedynie aplikacje w postaci CV/życiorysu z przebiegiem dotychczasowej pracy zawodowej przesłane w formacie .docx, .doc, .pdf lub .odt. z o.o. oraz Kinnegrip AB w celu prowadzenia rekrutacji na aplikowane przeze mnie stanowisko.",4958,FULL_TIME,Umowa o pracę,Umowa o pracę,,,,,,NONE,,False,False,,,False,False,,,,False,,1760214265000,1760214265000,pl
zatrudnie-pomocnika-brukarza-CID4-ID17It3l,https://www.olx.pl/oferta/praca/zatrudnie-pomocnika-brukarza-CID4-ID17It3l.html,UNKNOWN,Zatrudnie pomocnika brukarza,Ciechanów,"Obowiązki: Układanie kostki brukowej. Prace przy budowie dróg i chodników. Obsługa urządzeń brukarskich (zagęszczarka, przecinarka, szlifierka). Roboty ziemne i zagęszczanie gruntu. Praca fizyczna z możliwością przyuczenia do zawodu. Współpraca przy kostce brukowej. Układanie obrzeży i krawężników. Praca w zespole. Prace wykonujemy przy budowie dróg i autostrad. Sprzątanie nawierzchni drogi. Wymagania: Mile widziane Prawo jazdy kat. B. Umiejętność pracy w zespole. Brak problemów alkoholowych. Samodzielność w pracy. Gotowość do pracy w określonym regionie (np. delegacji] Pracowitość i zaangażowanie. Mile widziane doświadczenie przy pracach drogowych lub brukarskich. Dokładność i uczciwość w wykonywaniu zadań. Numer telefonu 668…….. 375……..078",751,FULL_TIME,Inny,Inny,,,,,,NONE,,False,False,,,False,False,,,,False,,1760214265000,1760214265000,pl
doradca-mobilny-kierowca-kat-b-w-wypozyczalni-samochodow-CID4-ID17CegF,https://www.olx.pl/oferta/praca/doradca-mobilny-kierowca-kat-b-w-wypozyczalni-samochodow-CID4-ID17CegF.html,UNKNOWN,Doradca Mobilny - Kierowca kat. B w Wypożyczalni Samochodów,Wałbrzych,"Holding1 to grupa kapitałowa, w którą wchodzą takie spółki jak PGD, Traficar, Express Car Rental, Workeo, Megapolis i wiele innych. Każda spółka ma za zadanie ułatwiać życie i zapewniać usługi bez stresu, bez nadmiernych emocji – prosto do celu. Dołącz do grona pracowników Holding1 i rozwijaj z nami nowe linie biznesowe pracując elastycznie w jednej z największych organizacji w Polsce. Poszukujemy Kandydatów/Kandydatek na stanowisko: Doradca Mobilny - Kierowca kat. B w Wypożyczalni Samochodów. Oferujemy: Stabilną pracę w największej wypożyczalni samochodów w Polsce Możliwość zdobycia pierwszego doświadczenia w obsłudze klientów indywidualnych jak i biznesowych Szkolenie wprowadzające organizowane przez Express Elastyczne godziny pracy dostosowane do Twojej dostępności – sam decydujesz o swoim grafiku Atrakcyjne wynagrodzenie (uzależnione od dyspozycyjności) + premie dla najlepszych pracowników Dodatkowe pakiety i zniżki na produkty Grupy Express (pracowniczy cennik Traficar, zniżki na wynajem krótko i długoterminowy samochodów Express Car Rental, pakiet sportowy, zniżki na paliwo w formie preferencyjnej karty paliwowej) Umowę zlecenie lub B2B – w przypadku B2B zapewniamy pomoc w zakładaniu oraz prowadzeniu własnej działalności gospodarczej Obowiązki: Przygotowanie pojazdów do wydania (kontrola czystości i sprawności technicznej samochodów) Dostarczanie/odbiór samochodów do/od Klientów na terenie Wałbrzycha i okolic Transport samochodów od/do serwisów, na myjnie oraz stacje paliw Transport samochodów między oddziałami na terenie Polski (dodatkowa opcja dla zainteresowanych pracowników) Wymagania: Aplikuj do nas, jeśli posiadasz: Co najmniej roczne doświadczenie w prowadzeniu pojazdów kategorii B Dyspozycyjność min. 30 godzin tygodniowo, a dodatkowo jesteś gotowa/y do odbywania pojedynczych dyżurów wieczornych (18:00-00:00) oraz weekendowych w trakcie miesiąca Dodatkowymi atutami będą: Znajomość języka angielskiego przynajmniej na poziomie komunikatywnym Status studenta lub ucznia",2013,FULL_TIME,"Samozatrudnienie, Umowa zlecenie","Samozatrudnienie, Umowa zlecenie",,,,,,NONE,,False,False,,,False,False,,,,False,,1760214306000,1760214306000,pl
mcdonalds-dabrowa-gornicza-ujejscepracownik-restauracji-CID4-ID17D1qq,https://www.olx.pl/oferta/praca/mcdonalds-dabrowa-gornicza-ujejscepracownik-restauracji-CID4-ID17D1qq.html,UNKNOWN,McDonald’s Dąbrowa Górnicza Ujejsce–pracownik restauracji,Dąbrowa Górnicza,"Mieszkasz w Wojkowicach, Ząbkowicach, Ujejscu, Dąbrowie Górniczej, a może w Siewierzu? Poszukujesz stałej pracy od sierpnia? Dołącz do zgranej ekipy McDonald's. Dlaczego warto? To jedna z najczęściej odwiedzanych restauracji na świecie, szerokie możliwości rozwoju, pewność zatrudnienia i niezwykła atmosfera. Aplikuj do McDonald's i przyrządzaj ludziom to, co lubią najbardziej! Z centrum dojedziesz do nas autobusem 638 (przystanek Ujejsce Kościół). McDonald’s Dąbrowa Górnicza Ujejsce–pracownik restauracji Co otrzymasz od nas? • Umowa o pracę • Fantastyczna atmosfera • Możliwość pracy w niepełnym wymiarze czasu pracy praca w weekendy piątek, sobota, niedziela) • Dodatki do wynagrodzenia: + 20% stawki za pracę w godzinach nocnych 23:00-7:00 • Elastyczny grafik i możliwość pracy w niepełnym wymiarze godzin • Zniżki na nasze produkty do wszystkich restauracji w Polsce - Bonifikarta • Atrakcyjna oferta rabatowa na posiłki w czasie pracy • Możliwość nabycia na preferencyjnych warunkach pracodawcy np. kart sportowych Multisport dla Ciebie i Twoich bliskich, grupowego ubezpieczenia na życie Czego szukamy? • chęci do pracy • dyspozycyjność weekendowa • otwartości i komunikatywności • umiejętności pracy w zespole • badania sanitarno- epidemiologiczne Pssst: Nie musisz mieć doświadczenia w gastronomii - wszystkiego Cię nauczymy! Co będziesz robić? • przygotowywać burgery, desery i inne pyszności • sprzedawać je • kompletować i wydawać zamówienia • dbać o porządek Masz smaka na tę ofertę? Aplikuj na lub wypełnij ulotkę rekrutacyjną w restauracji McDonald's w Dąbrowie Górniczej przy ul. Jana Pawła II 22A. Pracuj z nami! Czekamy właśnie na Ciebie!",1660,FULL_TIME,Umowa o pracę,Umowa o pracę,,,,,,NONE,,False,False,,,False,False,,,,False,,1760214327000,1760214327000,pl
opiekun-finansowy-opiekunka-finansowa-CID4-ID17cRU9,https://www.olx.pl/oferta/praca/opiekun-finansowy-opiekunka-finansowa-CID4-ID17cRU9.html,UNKNOWN,Opiekun Finansowy / Opiekunka Finansowa,Jarocin,"Co nas wyróżnia? W ramach naszej działalności współpracujemy z firmą ubezpieczeniową Saltus. Dzięki temu Nasi Pracownicy mogą otrzymywać dodatkowe, atrakcyjne gratyfikacje finansowe i rzeczowe oraz biorą udział w licznych konkursach z obszaru sprzedaży ubezpieczeń. 30% naszych pracowników jest z nami już ponad 10 lat. W naszej firmie zatrudniamy przedstawicieli wielu pokoleń, wiek nie jest dla nas barierą - około 20% naszych pracowników to osoby po 45 roku życia. Szanujemy Twoją indywidualność, bo dla nas liczy się zaangażowanie. Jesteśmy dużą instytucją finansową, ale nie nazywamy siebie korporacją. Pielęgnowanie tradycji firmy. Twój zakres obowiązków Obsługa Klientów – gotówkowa i bezgotówkowa. Sprzedaż produktów finansowych i ubezpieczeń – również telefonicznie. Budowanie pozytywnych relacji z Klientami – również telefonicznie. Wspieranie zespołu i dbanie o jakość obsługi. Nasze wymagania Swobodna obsługa komputera – jest to Twoje podstawowe narzędzie pracy. Minimum średnie wykształcenie. Nie wymagamy doświadczenia – wszystkiego Cię nauczymy: Dopiero ukończyłeś szkołę i chcesz rozpocząć swoją ścieżkę zawodową? Zapraszamy. A może masz już swój wieloletni bagaż doświadczeń i chcesz się przebranżowić? Świetnie, chętnie powitamy Cię w naszym zespole. Mile widziane Doświadczenie w sprzedaży stacjonarnej lub telefonicznej, szczególnie w sektorze bankowym. To oferujemy Umowę o pracę bez okresu próbnego - traktujemy Cię jak pełnoprawnego członka zespołu od pierwszego dnia - wierzymy w Twój potencjał i kompetencje! System kafeteryjny - karta MultiSport, bilety do kina, a może bon do Allegro? Teraz sam zdecydujesz na co przeznaczysz dodatkowe punkty otrzymane od pracodawcy. Prywatna opieka medyczna - do której możesz dołączyć współmałżonka/partnera oraz dzieci. Atrakcyjną ofertę pracowniczą na produkty bankowe - pożyczka na preferencyjnych warunkach pomoże Ci sfinansować budowę domu lub zakup mieszkania. Już od pierwszego dnia masz pełne prawa pracownicze oraz dostęp do wszystkich benefitów i świadczeń wynikających z umowy - bez czekania. Podczas okresu wdrożenia otrzymasz gwarantowaną premię. Jeśli jesteś zaangażowany, dzięki naszemu systemowi premiowemu możesz podwoić to co masz w podstawie, a nawet osiągnąć więcej. Możliwość udziału w konkursach sprzedażowych - Lubisz rywalizację? To będzie coś dla Ciebie. Szczegółowe wdrożenie i opiekę trenera oraz mentora - o którym opowiemy Ci więcej w dalszej części ogłoszenia. Ścieżkę awansu, która pozwoli Ci na rozwój - większość naszych menadżerów rozpoczynała swoją drogę zawodową od podstawowych stanowisk w naszej organizacji. Pracę w miejscu, gdzie możesz być sobą bez względu na wiek, płeć czy jakąkolwiek inną cechę. Benefity dofinansowanie zajęć sportowych prywatna opieka medyczna ubezpieczenie na życie preferencyjne pożyczki dodatkowe świadczenia socjalne dofinansowanie wypoczynku program rekomendacji pracowników inicjatywy dobroczynne Szkolimy tak, żebyś czuł się pewnie Krótkie kilkudniowe moduły prowadzone przez Trenerów online z tygodniowymi przerwami na ugruntowanie poznanych umiejętności w praktyce - dzięki temu nie musisz jeździć na szkolenia kilkaset kilometrów. Wszystko dzieje się na miejscu! Jednodniowe warsztaty prowadzone w placówce przez Trenera Wdrożeniowego. Dwa pakiety szkoleń e-learningowych do samodzielnej realizacji na platformie szkoleniowej. Możliwość przydzielenia Opiekuna Adaptacyjnego w placówce. Stefczyk Finanse Obszarem naszej działalności jest branża usług finansowych. Nasi eksperci służą Klientom swoją wiedzą i doświadczeniem w ponad 250 placówkach Stefczyk Finanse w całej Polsce. Skupiamy się nie tylko na świadczeniu usług finansowych, lecz także na zwiększaniu świadomości naszych Klientów w tym zakresie. Dbamy o to, aby uzyskiwali oni rzetelną i profesjonalną pomoc, a obsługa Klienta była na jak najwyższym poziomie. Dlatego pracownicy Stefczyk Finanse regularnie biorą udział w kompleksowych szkoleniach. Dynamiczny rozwój – to właśnie na to stawiamy od samego początku naszego istnienia.",4028,FULL_TIME,Umowa o pracę,Umowa o pracę,0.0,,,,,NONE,,False,False,,,False,False,,,,False,,1760214367000,1760214367000,pl
ekspedientka-sprzedawca-soboty-aktualne-CID4-ID17F91c,https://www.olx.pl/oferta/praca/ekspedientka-sprzedawca-soboty-aktualne-CID4-ID17F91c.html,UNKNOWN,Ekspedientka / Sprzedawca / Soboty / Aktualne,"Kraków, Stare Miasto","Dzień Dobry, Poszukujemy Osób na stanowisko: Ekspedientka Miejsce Pracy: Kraków - Plac na Stawach - Salwator Czas Pracy: Soboty Sklep Firmowy "" Zalewski "" Sklep z Wędlinami (Bez Mięsa) Grafik do ustalenia Godziny otwarcia punktu: Sobota 7:00 - 14:00 Praca 6:30 do 14:30 Mile widziane doświadczenie w handlu, W razie zainteresowania lub pytań zapraszamy do kontaktu telefonicznego. CV można składać również przez formularz OLX Zapraszamy ID: 1003147230",451,PART_TIME,Umowa zlecenie,Umowa zlecenie,,,,,,NONE,,False,False,,,False,False,,,,False,,1760214388000,1760214388000,pl
doradca-klienta-kasjer-moliera2-bazar-poznanski-poznan-CID4-IDX9S3c,https://www.olx.pl/oferta/praca/doradca-klienta-kasjer-moliera2-bazar-poznanski-poznan-CID4-IDX9S3c.html,UNKNOWN,Doradca Klienta-Kasjer / Moliera2 Bazar Poznański / Poznań,"Poznań, Stare Miasto","Moliera 2 jest wyjątkowym, modowym miejscem na mapie Polski, gdzie od 2008 roku dostępne są unikatowe kolekcje z wybiegów najlepszych projektantów i ekskluzywnych Domów Mody z całego świata. W pełnych inspiracji salonach z luksusowymi markami, jak i w sklepie on-line Moliera2.com, znajdziesz wyjątkowe stylizacje i akcesoria dla siebie oraz swoich bliskich na każdy sezon i na wszystkie okazje. Interesujesz się modą i chcesz budować swoją ścieżkę zawodową w branży fashion? Lubisz kontakt z klientem i potrafisz budować długofalowe relację? Na stanowisku Doradcy Klienta odpowiedzialny będziesz za: Obsługa Klientów zgodnie ze standardami firmy. Obsługa kasy fiskalnej w salonie. Profesjonalne doradztwo w zakupach oraz prezentacja produktów. Przygotowywanie kolekcji do sprzedaży. Dbanie o wygląd Salonu. Przygotowywanie zamówień on-line do wysyłki. Prace związane z magazynowaniem towaru w salonie. Od Ciebie oczekujemy: Doświadczenia w sprzedaży lub obsłudze klienta - warunek konieczny. Zaangażowania podczas wykonywania codziennych obowiązków. Kreatywnego podejścia do obsługi klienta. Umiejętności pracy w zespole. Pozytywnego nastawienia do pracy. Dobrej organizacji pracy. Odpowiedzialności podczas wykonywania codziennych obowiązków. Znajomości obsługi pakietu Office. Zainteresowania branżą fashion (mile widziane). Znajomość programu Symfonia będzie dużym atutem. Dla Ciebie przygotowaliśmy: Rabaty pracownicze. Prywatną opiekę zdrowotna. Kartę MultiSport. Pracę z produktem luksusowym. Możliwość rozwoju w świecie mody premium. Dołącz do Naszego Zespołu i twórz prawdziwą historię mody razem z nami! Sprawdź się i wyślij nam swoje CV!",1648,FULL_TIME,"Umowa o pracę, Samozatrudnienie, Umowa zlecenie","Umowa o pracę, Samozatrudnienie, Umowa zlecenie",,,,,,NONE,,False,False,,,False,False,,,,False,,1760214387000,1760214387000,pl
praca-dla-kierowcy-kat-b-auto-8-palet-z-winda-CID4-ID16rgcZ,https://www.olx.pl/oferta/praca/praca-dla-kierowcy-kat-b-auto-8-palet-z-winda-CID4-ID16rgcZ.html,UNKNOWN,Praca dla kierowcy kat B auto 8 palet z windą.,Legnickie Pole,"Praca dla kierowcy z doświadczeniem w prowadzeniu aut typu Bus plandeka lub kontener . Dystrybucja towaru paletowego. Dzienna ilość adresów/firm do dostawy ok.20. Czas pracy około 10 godzin. Pracę rozpoczynamy w Legnickim Polu na naszej bazie. Weekendy wolne lub dodatkowo płatna sobota. Możliwe przejście w późniejszym czasie na pojazdy kat. C. Praca tylko dla kierowcy z doświadczeniem, mile widziane doświadczenie w kurierce. Wynagrodzenie około 4800-5500 na rękę w zależności od wydajności pracy(ilości adresów)",515,FULL_TIME,Umowa o pracę,Umowa o pracę,,,,,,NONE,,False,False,,,False,False,,,,False,,1760214418000,1760214418000,pl
doradczyni-doradca-klientow-indywidualnych-pko-bank-polski-bychawa-CID4-ID17NxHO,https://www.olx.pl/oferta/praca/doradczyni-doradca-klientow-indywidualnych-pko-bank-polski-bychawa-CID4-ID17NxHO.html,UNKNOWN,Doradczyni/Doradca klientów indywidualnych/PKO Bank Polski/Bychawa,Bychawa,"Na co dzień w naszym zespole: aktywnie sprzedajesz i promujesz produkty PKO BP oraz usługi Grupy Kapitałowej naszego banku, realizujesz transakcje bezgotówkowe i/lub gotówkowe, wspierasz klientów w korzystaniu z nowoczesnych narzędzi oraz bankowości internetowej i mobilnej, budujesz i utrzymujesz długotrwałe relacje z klientami, zapewniasz klientom profesjonalną obsługę na każdym etapie swojej pracy. To stanowisko może być Twoje, jeśli: masz doświadczenie w sprzedaży bezpośredniej, telefonicznej lub obsłudze klienta, angażujesz się w swoją pracę i dążysz do realizacji celów, cechuje Cię otwartość na zmiany, samodzielność i komunikatywność, potrafisz pracować zarówno indywidualnie, jak i w zespole, masz wykształcenie średnie lub wyższe. Dodatkowo docenimy, jeśli: masz doświadczenie w sprzedaży w sektorze finansowym. Dołączając do nas otrzymasz: umowę o pracę na zastępstwo, stałe wynagrodzenie oraz premię, atrakcyjny pakiet benefitów w tym kartę Multisport, prywatną opiekę zdrowotną i Pracowniczy Program Emerytalny, szkolenia przygotowujące do realizacji zadań, opiekuna, który sprawnie i skutecznie przeprowadzi Cię przez proces adaptacji, możliwość rozwoju zawodowego i szansę na awans w ramach struktury Banku.",1227,FULL_TIME,Umowa o pracę,Umowa o pracę,,,,,,NONE,,False,False,,,False,False,,,,False,,1760214419000,1760214419000,pl
koordynator-robot-budowlanych-CID4-ID17KNMR,https://www.olx.pl/oferta/praca/koordynator-robot-budowlanych-CID4-ID17KNMR.html,UNKNOWN,Koordynator robót budowlanych,Bydgoszcz,"Koordynator robót budowlanych/ Kierownik bez uprawnień Poszukujemy osoby do wsparcia organizacji i nadzoru przy realizacji naszych projektów budowlano-remontowych. Zależy nam na praktycznej pomocy w zarządzaniu pracami, koordynowaniu ekip oraz weryfikacji dokuemntacji technicznej. Miejsce pracy: Bydgoszcz i okolice Zakres obowiązków: Zarządzanie i organizacja pracy ekip budowlano-remontowych Koordynacja zamówień materiałów, sprzętów i usług podwykonawców na budowie Kontrola zgodności wykonywanych prac z dokumentacją projektową Weryfikacja rysunków technicznych i dokumentacji powykonawczej Nadzór nad harmonogramem i terminowością prac Raportowanie postępów i wsparcie przy rozwiązywaniu bieżących problemów Oczekujemy: Doświadczenia w branży budowlanej Praktyczne doświadczenia przy wykończeniach np. jako majster, brygadzista, kierownik prac wykończeniowych. Umiejętności samodzielnej organizacji pracy oraz koordynacji zespołów, Dobrej znajomości czytania rysunków technicznych i dokumentacji budowlanej, Komunikatywności i rzetelności, Czynne prawo jazdy kat. B Mile widziane doświadczenie w pracy na stanowisku inspektora/kierownika bez uprawnień Oferujemy: Stabilne warunki zatrudnienia Prywatną opiekę medyczną dla Ciebie i Twoich bliskich; Grupowe ubezpieczenie na życie; Kartę sportową FitProfit. Prześlij swoje CV i krótkie info o doświadczeniu przez formularz OLX",1380,FULL_TIME,"Umowa o pracę, Umowa zlecenie","Umowa o pracę, Umowa zlecenie",,,,,,NONE,,False,False,,,False,False,lead,,lead,True,,1760214459000,1760214459000,pl
geodeta-w-firmie-pbdim-CID4-ID17KRcS,https://www.olx.pl/oferta/praca/geodeta-w-firmie-pbdim-CID4-ID17KRcS.html,UNKNOWN,Geodeta w firmie PBDiM,Świecie,"Specjalista/Technik Geodeta OPIS SPECJALISTA DO SPRAW GEODEZJI / GEODETA Firma budowlana PBDiM Sp. z o. o. od ponad 25-tu lat buduje drogi. Działamy na terenie woj. kujawsko- pomorskiego. Poszukujemy pracownika do działu wykonawczego na stanowisko: Specjalista do spraw rozliczeń/Technik geodeta WYKSZTAŁCENIE: wyższe ZAKRES OBOWIĄZKÓW: – prowadzenie rozliczeń finansowo-rzeczowych, – prowadzenie w niezbędnym zakresie korespondencji służbowej w tym utrzymanie na należytym poziomie organizacyjnym biura KRD I, - prowadzenie ewidencji materiałowej na podstawie prawidłowo sporządzonych dowodów, przychodowych i rozchodowych oraz okresowo sporządzanych inwentaryzacji, - prowadzenie imiennej ewidencji przedmiotów nietrwałych i odzieży wydanej do użytkowania poszczególnym pracownikom, – prowadzenie list obecności, kart urlopowych i tym podobnych zagadnień, – prowadzenie magazynu podręcznego, – sporządzanie rozliczenia całokształtu kosztów budowy, – obsługa geodezyjna budów, – przygotowywanie dokumentacji odbiorowych. OD KANDYDATA OCZEKUJEMY: – umiejętności pracy w zespole, – bardzo dobrej organizacji pracy, – dyspozycyjności, – praktycznej umiejętność obsługi komputera, – prawo jazdy kat. B. Ustaw z 2018, poz.",1218,FULL_TIME,Umowa o pracę,Umowa o pracę,,,,,,NONE,,False,False,,,False,False,,,,False,,1760214459000,1760214459000,pl
pracownik-produkcji-brinkhaus-CID4-ID17L0vg,https://www.olx.pl/oferta/praca/pracownik-produkcji-brinkhaus-CID4-ID17L0vg.html,UNKNOWN,Pracownik Produkcji - Brinkhaus,Kostrzyn nad Odrą,"Chcesz dołączyć do dynamicznego zespołu w jednej z największych i najbardziej rozwijających się firm w branży tekstylnej? Brinkhaus Polska Sp. z o.o. w Kostrzynie nad Odrą, będąca częścią światowego lidera – EURO-COMFORT GROUP, od lat konsekwentnie rozwija swoją działalność, oferując najwyższej jakości wyroby i stabilne miejsce pracy. Teraz poszukujemy zmotywowanych osób na stanowisko Pracownika Produkcji, które pozwoli Ci zdobywać nowe umiejętności i rozwijać się w prężnym, wspierającym środowisku. Dołącz do nas i pracuj w firmie, która ceni pracowitość, dokładność oraz rozwój pracowników! Sprawdź szczegóły i aplikuj już dziś! Pracownik Produkcji Kategoria stanowiska: Produkcja Lokalizacja: Kostrzyn nad Odrą Typ stanowiska: Pełen etat Rodzaj pracy: Stacjonarna Twoje obowiązki: Realizacja zlecenia produkcyjnego zgodnie z planem produkcji. Chęć do pracy i zaangażowanie. Bieżąca kontrola poprawności procesu zgodnie z technologią. Ewidencja czasu oraz ilości produkcji w systemie. Udział w kontroli jakości wyrobów według obowiązujących standardów. Utrzymywanie standardu czystości w miejscu wykonywania pracy. Przestrzeganie zasad BHP. Dokładność w wykonywaniu pracy. Nasze wymagania: Jesteś zainteresowany zdobywaniem nowych umiejętności w zakresie obsługi maszyn. Dobrze radzisz sobie z presją czasu. Potrafisz pracować w zespole. Posiadasz podstawowe umiejętności obsługi komputera. Jesteś gotowy do pracy w systemie zmianowym. Posiadasz doświadczenie w pracy w firmie produkcyjnej przy obsłudze maszyn i urządzeń – będzie dodatkowym atutem. Oferujemy: Stabilne zatrudnienie w ramach umowy o pracę w firmie o międzynarodowym charakterze. Wynagrodzenie adekwatne do kwalifikacji i wykonywanej pracy. Atrakcyjny system premiowy. Terminowo wypłacane wynagrodzenie. Szkolenia niezbędne do wykonywania powierzonych zadań. Wdrożony program poleceń pracowniczych. Możliwość dołączenia do grupowego ubezpieczenia – UNIQA. Możliwość skorzystania na atrakcyjnych warunkach z Pakietu Sportowego Medicover. Zainteresowane osoby spełniające powyższe kryteria, prosimy o przesłanie CV na adres: BRINKHAUS POLSKA SP. Z O.O. AL.",2127,FULL_TIME,Umowa o pracę,Umowa o pracę,,,,,,NONE,,False,False,,,False,False,,,,False,,1760214480000,1760214480000,pl
oferty-dla-osob-z-orzeczeniem-rozne-branze-i-stanowiska-CID4-ID16UcVy,https://www.olx.pl/oferta/praca/oferty-dla-osob-z-orzeczeniem-rozne-branze-i-stanowiska-CID4-ID16UcVy.html,UNKNOWN,Oferty dla osób z orzeczeniem - różne branże i stanowiska,"Warszawa, Śródmieście","FUNDACJA AKTYWIZACJA jest liderem wśród organizacji pozarządowych z ponad trzydziestoletnim doświadczeniem w aktywizacji zawodowej osób z niepełnosprawnościami. Działamy w siedmiu Oddziałach i sześciu Filiach, zlokalizowanych w trzynastu województwach na terenie Polski. Naszym Klientom oferujemy stabilne warunki zatrudnienia, możliwość doskonalenia zawodowego oraz bogaty pakiet programów rozwojowych! ZNAJDŹ PRACĘ WSPÓLNIE Z FUNDACJĄ AKTYWIZACJA JEŻELI JESTEŚ OSOBĄ Z NIEPEŁNOSPRAWNOŚCIĄ I SZUKASZ PRACY, WEŹ UDZIAŁ W NASZEJ REKRUTACJI! (rekrutacja prowadzona w ramach działań aktywizacji zawodowej) Poszukujemy między innymi osób do pracy w obszarach: · obsługa klienta, · pracownik biurowy, · konsultant ds. sprzedaży, · pracownik produkcji, · portierzy/dozorcy, · kasjerzy/sprzedawcy, · doradcy klienta, · pracownicy magazynu, · ochrona, · oraz wiele innych ofert. W RAMACH WSPÓŁPRACY OTRZYMASZ: · możliwość udziału w projektach, gdzie przedstawimy Ci oferty pracy, · indywidualną sesję z doradcą zawodowym, z którym zaplanujesz swoją ścieżkę kariery, · profesjonalne konsultacje Twojego CV, · wsparcie specjalisty, który przygotuje Cię do rozmowy kwalifikacyjnej, · określenie indywidualnej strategii rozwoju Twojego potencjału zawodowego, · porady job crafterów/psychologa - nasze specjalistki i specjaliści pomogą Ci w diagnozie trudności oraz pokonaniu napotkanych barier, a także wzmocnią Twoją pewność siebie w procesie poszukiwań pracy, · porady prawne - oferujemy konsultacje zarówno indywidualne jak i grupowe warsztaty z zakresu prawa pracy i praw osób z niepełnosprawnościami. SZUKAMY WŁAŚNIE CIEBIE JEŚLI JESTEŚ: · osobą z orzeczeniem o niepełnosprawności (rekrutacja prowadzona w ramach działań aktywizacji zawodowej), · z województwa mazowieckiego, · osobą bezrobotną lub nieaktywną zawodowo, · w wieku aktywności zawodowej. Jeśli nasza oferta Cię zainteresowała, wyślij nam swoje CV. Zastrzegamy sobie prawo kontaktu z wybranymi osobami. Ze względu na misję Fundacji, którą jest wyrównywanie szans OSÓB Z NIEPEŁNOSPRAWNOŚCIAMI na rynku pracy, prezentowana oferta jest skierowana w szczególności do osób wywodzących się z tej grupy. Staramy się zapewnić dostępność miejsca pracy na każdym etapie. Jeśli potrzebujesz usprawnień podczas procesu rekrutacji – daj nam o tym znać w trakcie rozmowy telefonicznej z rekruterem/rekruterką. Projekty ""Aktywuj Pracę"", ""Aktywny Start II"" oraz ""Aktywuj Zmianę"" współfinansowane są ze środków Państwowego Funduszu Rehabilitacji Osób Niepełnosprawnych. Numer w rejestrze Agencji Zatrudnienia: 947",2552,FULL_TIME,Umowa o pracę,Umowa o pracę,,,,,,NONE,,False,False,,,False,False,,,,False,,1760214479000,1760214479000,pl
kaufland-nowy-targ-nowy-market-pracownik-porzadkowy-CID4-ID17dnWw,https://www.olx.pl/oferta/praca/kaufland-nowy-targ-nowy-market-pracownik-porzadkowy-CID4-ID17dnWw.html,UNKNOWN,Kaufland Nowy Targ NOWY MARKET - Pracownik Porządkowy,Nowy Targ,"Pracownik Porządkowy w Dziale Administracji Marketu Nowo otwierany market w Nowym Targu, ul. Szaflarska Jakie będą Twoje zadania: utrzymanie czystości na hali sprzedaży oraz w pozostałych pomieszczeniach, jak również na terenach przylegających do marketu kontrola czystości i sprzątanie pomieszczeń sanitarnych utrzymanie w czystości nośników towarowych i powierzchni szklanych praca z maszyną czyszczącą przestrzeganie zasad właściwej gospodarki odpadami i segregacji śmieci. Co Ci zapewnimy: atrakcyjne wynagrodzenie umowę o pracę w wymiarze 1/4, 1/2, 3/4 i całego etatu indywidualne możliwości rozwoju ciekawe i odpowiedzialne zadania w dynamicznym zespole, gdzie panuje atmosfera wzajemnego szacunku bogaty pakiet benefitów (m. in.: prywatną opiekę medyczną, kartę MultiSport, bony oraz upominki z okazji świąt, działania wellbeingowe, program grupowego ubezpieczenia na życie, zniżki u partnerów biznesowych). Czego od Ciebie oczekujemy: znajomości podstawowych zasad poprawnej komunikacji z klientami energicznej i przyjaznej osobowości sumienności i zaangażowania w wykonywaniu obowiązków dobrej organizacji pracy doświadczenie na podobnym stanowisku będzie dodatkowym atutem. Brzmi ciekawie? Aplikuj! Jeśli przekona nas Twoja aplikacja, zaprosimy Cię do procesu rekrutacyjnego.",1285,FULL_TIME,Umowa o pracę,Umowa o pracę,,,,,,NONE,,False,False,,,False,False,,,,False,,1760214500000,1760214500000,pl
starszy-a-specjalista-relacji-z-klientem-5-oddzial-w-toruniu-CID4-ID17KUVb,https://www.olx.pl/oferta/praca/starszy-a-specjalista-relacji-z-klientem-5-oddzial-w-toruniu-CID4-ID17KUVb.html,UNKNOWN,Starszy(-a) specjalista relacji z klientem - 5 Oddział w Toruniu,Toruń,"To masz na bank: umowa o pracę (pierwsza na 7 miesięcy, po zakończeniu okresu wdrożenia możliwość zawarcia umowy na czas nieokreślony), pracę stacjonarną w 5 Oddziale w Toruniu - ul. Grudziądzka 74/76 zespół/lider: Joanna Dondalska udział w atrakcyjnym systemie premiowym (z gwarantowaną premia w okresie wdrożeniowym) i w szerokiej ofercie benefitowej Na bank cenimy sobie relacje z ludźmi. Do oddziałów szukamy osób, które tak jak my chcą zapewnić naszym klientom najlepsze doświadczenie w sektorze finansowym - jesteśmy bankiem z zapleczem technologicznym. Należymy do pierwszej trójki największych banków w Polsce i jesteśmy częścią międzynarodowej Grupy Santander. Dbamy o portfele klientów w ponad 300 oddziałach w całej Polsce. Zarządzamy wieloma produktami bankowymi dla osób prywatnych oraz przedsiębiorstw. Cenimy różnorodność wśród naszych pracowników. Wierzymy, że każdy, bez względu na indywidualne predyspozycje, może wnieść niepowtarzalną perspektywę do naszej firmy. Aplikuj, jeśli: masz minimum średnie wykształcenie, posiadasz przynajmniej dwuletnie doświadczenie w bankowości, cenisz sobie kontakt z ludźmi i długotrwałe relacje oparte na zaufaniu, lubisz stawiać sobie ambitne cele i dobrze czujesz się wiedząc do czego dążysz, czujesz się komfortowo zarówno w pracy indywidualnej jak i zespołowej, chcesz się rozwijać w bankowości i zdobywać nową wiedzę . Mile widziane, jeśli będziesz mieć: umiejętność porozumiewania się w języku angielskim na poziomie komunikatywnym, umożliwiającym kontakt z klientem zagranicznym i pomoc w wyborze odpowiednich produktów bankowych., doświadczenie w sprzedaży produktów inwestycyjnych (w tym funduszy), prawo jazdy kat. B. Twoje zadania w tej roli: wspieranie klientów z bardziej wymagającymi potrzebami w wyborze najlepszych produktów i usług bankowych, zapewnienie profesjonalnej obsługi oraz najlepszych doświadczeń związanych z wizytą w oddziale, aktywna współpraca pomiędzy jednostkami banku (leadowanie i spojrzenie na klienta cross-segmentowo), oferowanie i promowanie produktów bankowych, realizacja indywidualnych i zespołowych zadań sprzedażowych, za które przyznajemy miesięczne premie na atrakcyjnym poziomie, telefoniczny i bezpośredni kontakt z klientami, budowanie długotrwałych relacji z klientami banku oraz pozyskiwanie nowych, codzienną obsługę transakcji gotówkowych (w oddziałach gotówkowych) i bezgotówkowych w oddziale, praca w zgodzie z obowiązującymi procedurami oraz standardami dotyczącymi i realizowanymi we wszystkich kanałach dystrybucji. Na bank zadbamy dla Ciebie o: umowę o pracę (pierwszą na 7 miesięcy, po zakończeniu okresu wdrożenia możliwość zawarcia umowy na czas nieokreślony), pracę stacjonarną w Oddziale (lokalizacja na początku oferty), ubezpieczenie na życie, prywatną opiekę medyczną Medicover (z możliwością wykupienia pakietu stomatologicznego), ofertę produktową banku oraz pożyczki na warunkach pracowniczych, system kafeteryjny z punktami do wymiany na aktywności, np. wypoczynkowe, kulturalne, gastronomiczne lub dofinansowanie do przedszkola/żłobka/klubu dziecięcego, kartę Multisport oraz aktywności wellbeingowe, np. Kluby Zainteresowań, webinary, możliwość udziału w wolontariacie, dodatkowe świadczenia socjalne (np. wyprawka dla dzieci), benefity dla osób z niepełnosprawnościami: dodatek finansowy na cele prozdrowotne, dodatkowe 2 dni urlopu dla pracowników z lekkim stopniem niepełnosprawności, praca hybrydowa, jeśli charakter pracy na to pozwala, program poleceń pracowniczych – nagrodę pieniężną za polecenie osoby do pracy w naszym banku. Jak wygląda wdrożenie i rozwój? Na bank nie wrzucimy Cię na głęboką wodę. Zaplanowaliśmy wdrożenie, które obejmować będzie wprowadzenie do organizacji, Twojej jednostki biznesowej i zadań. Pierwsze szkolenie będzie trwało 6 miesięcy w ramach Akademii Rozwoju Mocy. Po 3 miesiącach zaczniesz realizować część planu sprzedażowego i otrzymywać pierwsze premie. Przez pierwsze miesiące pokażemy Ci naszą kulturę organizacyjną i odpowiemy na wszystkie pytania. Po okresie wdrożenia zaczniesz w pełni realizować plany sprzedażowe. Dołącz do nas w 3 krokach: wyślij CV do naszej analizy, a my podejmiemy decyzję czy zaprosimy Cię do kolejnego etapu, spotkaj się z rekruterem i menadżerem, pracuj z nami w naszym Zespole! Po każdym z etapów rekrutacji otrzymasz od nas informację zwrotną, dostosowaną do jego poziomu zaawansowania. Po spotkaniach zaś wrócimy do Ciebie z kompleksowym podsumowaniem mailowym lub telefonicznym. Stosujemy najwyższe standardy zarządzania ryzykiem, dbamy o bezpieczeństwo naszych klientów i świadczonych usług.",4593,FULL_TIME,Umowa o pracę,Umowa o pracę,1.0,,,,,NONE,,False,False,,,False,False,senior,,senior,True,,1760214521000,1760214521000,pl
specjalista-ds-finansowych-CID4-ID17MWCp,https://www.olx.pl/oferta/praca/specjalista-ds-finansowych-CID4-ID17MWCp.html,UNKNOWN,Specjalista ds. finansowych,Konin,"Jesteśmy platformą konsultacji medycznych – w jednym miejscu integrujemy specjalistów z wielu dziedzin medycyny. Oferujemy abonamenty medyczne na terenie całego kraju. Wraz z dynamicznym rozwojem firmy poszukujemy nowych osób na stanowisko Specjalisty ds. Finansowych. Twój zakres obowiązków: obsługa systemu raportowania współpraca z biurem rachunkowym w zakresie fakturowania i raportowania sporządzanie raportów, zestawień i analiz na potrzeby sprawozdawczości finansowej obsługa płatności elektronicznych Nasze wymagania: wykształcenie wyższe w zakresie rachunkowości i finansów, matematyki finansowej lub pokrewne doskonała znajomość MS Excel samodzielność, decyzyjność, dobra organizacja pracy To oferujemy: umowa o pracę praca w młodym dynamicznym zespole pakiet opieki medycznej atrakcyjne wynagrodzenie praca stacjonarna w godzinach 10-18 Zainteresowanych prosimy o przesłanie CV. z o.o. z siedzibą w Warszawie w celach rekrutacyjnych. Niniejsza zgoda obejmuje jednocześnie wykorzystanie podanych przeze mnie danych osobowych dla celów kolejnych, innych rekrutacji przeprowadzanych przez JP Medica Sp. z o.o. z siedzibą w Warszawie.”",1142,FULL_TIME,Umowa o pracę,Umowa o pracę,0.0,,,,,NONE,,False,False,,,False,False,mid,,mid,True,,1760214520000,1760214520000,pl
praca-na-stoczni-w-danii-wymagany-angielski-CID4-IDZVhxW,https://www.olx.pl/oferta/praca/praca-na-stoczni-w-danii-wymagany-angielski-CID4-IDZVhxW.html,UNKNOWN,Praca na stoczni w Danii (wymagany angielski),"Gdańsk, Oliwa","Pracownik Stoczni z językiem angielskim- praca w Danii! Praca czeka 2.0 jest firmą, która szuka pracowników i daje im pracę. Po prostu. Współpracujemy z dużymi i małymi firmami w Danii. Rekrutujemy pracowników związanych z przemysłem stoczniowym, budowlanym, drogowym. Znamy się na rzeczy. Numer KRAZ: 26833. Zadania dla Ciebie: czyszczenie statków i doków z piasku, błota i soli czyszczenie wnętrza statku czyszczenie części silnika czyszczenie zbiorników balastowych i paliwowych konserwacja powierzchni- prace szlifierskie i monterskie Wymagamy: znajomości języka angielskiego na poziomie porozumiewania się (poziom B1 minimum) gotowości do pracy w systemie zmianowym (12 godzin)- również nocki i weekendy gotowości do pracy pod presją czasu oraz wytrzymałości fizycznej rotacyjny system pracy (minimum 4 tygodnie Danii) Oferujemy: zatrudnienie w oparciu o duńską umowę o pracę bezpośrednio z pracodawcą, wypłatę w koronach duńskich całodzienne wyżywienie (śniadanie, 2 śniadanie do pracy i obiadokolacja) transport (PL-DK, DK-PL) zakwaterowanie w hotelu pracowniczym- odległość do pracy to 3 km odzież roboczą pralnię siłownię, bilard, piłkarzyki oraz rower Internet i TV- polskie plus kanały sportowe ogród Nie czekaj- przyślij nam Twoje CV! Prosimy o dodanie w CV poniższej klauzuli:",1289,FULL_TIME,Umowa o pracę,Umowa o pracę,,,,,,NONE,,False,False,,,False,False,,,,False,,1760214521000,1760214521000,pl
risk-intelligence-analyst-CID4-ID17GUZS,https://www.olx.pl/oferta/praca/risk-intelligence-analyst-CID4-ID17GUZS.html,UNKNOWN,Risk & Intelligence Analyst,"Białystok, Centrum","Location: Białystok (office-based) Company: EBRAND – experts in intellectual property protection online ( About Us At EBRAND, we help leading companies around the world protect their brands in the digital space. From trademarks and logos to online reputation and content, we safeguard our clients against online abuse across e-commerce platforms, social media, domains, and apps. Our strength lies in combining expertise, technology, and analytics to stop infringements before they cause damage. The Role As a Risk & Intelligence Analyst, you’ll be at the forefront of identifying online threats to our clients’ intellectual property. You will investigate suspicious activity, analyze risks, and report your findings to support swift, effective action. Working hand in hand with our internal teams, your insights will help keep global brands secure. What You’ll Do Search for and analyze online content for potential infringements (trademarks, logos, visual content, etc.). Evaluate and classify findings based on their relevance and risk. Verify sources, flag infringements, and document evidence in our internal systems. Prepare clear, structured reports to support decision-making. Collaborate with internal stakeholders to ensure smooth follow-up on identified cases. What We’re Looking For Very good knowledge of English (minimum B2 level – reading, analysis, and written communication). Strong digital literacy and confident internet research skills. Ability to independently research, evaluate, and interpret diverse information sources. Strong attention to detail, accuracy, and excellent organizational skills. Confidence working with data using MS Excel, Google Sheets, or OpenOffice. Logical thinking and an analytical mindset. Nice to Have Previous experience in analysis, reporting, or working with data. Interest or background in risk, compliance, or intellectual property. What We Offer A central office location in Białystok with a collaborative, friendly atmosphere. Full onboarding and on-the-job training to help you succeed. Competitive salary reflecting your skills, experience, and commitment. Real opportunities to grow professionally within international projects. Private medical care and MultiSport card subsidy. A supportive team environment where your contribution truly matters.",2307,FULL_TIME,"Umowa o pracę, Samozatrudnienie, Umowa zlecenie","Umowa o pracę, Samozatrudnienie, Umowa zlecenie",,,,,,NONE,,False,False,,,False,False,,,,False,,1760214542000,1760214542000,pl
zastepca-kierownika-specjalista-ds-zaopatrzenia-CID4-ID17Mntn,https://www.olx.pl/oferta/praca/zastepca-kierownika-specjalista-ds-zaopatrzenia-CID4-ID17Mntn.html,UNKNOWN,Zastępca kierownika/Specjalista ds. zaopatrzenia,Koszalin,"OPIS Firma Hako Technology Sp. z o.o. z siedzibą w Chałupach k. Koszalina zatrudni pracownika na stanowisko: Zastępca kierownika/Specjalista ds. zaopatrzenia Zapewniamy: możliwość rozwoju zawodowego w dużej firmie o ugruntowanej pozycji na rynku atrakcyjny czas pracy (poniedziałek-czwartek 8,5 godz., piątek 6 godz.) pakiet prywatnej opieki medycznej Medicover kartę Multisport ubezpieczenie grupowe pakiet świadczeń socjalnych Wymagania: minimum 5 lat doświadczenia w zaopatrzeniu, bardzo dobra znajomość języka angielskiego lub niemieckiego, bardzo dobra znajomość pakietu MS Office, znajomość programu SAP elastyczność i umiejętność pracy w zespole, wykształcenie min. średnie (mile widziane wyższe), doświadczenie w pracy na podobnym stanowisku mile widziane, znajomość branży będzie dodatkowym atutem, zdolność samodzielnego rozwiązywania problemów związanych z realizacją procesu zakupów, bardzo dobra organizacja pracy, umiejętności analityczne. Zakres obowiązków: sporządzanie zamówień zakupu materiałów produkcyjnych zarówno na rynku krajowym jak i zagranicznym, codzienny kontakt z krajowymi i zagranicznymi dostawcami, tworzenie zamówień w systemie, rozwiązywanie problemów związanych z zamówieniami, dostawą nadzór nad terminowością realizacji zamówień, nadzorowanie i optymalizacja poziomu zapasów, stała współpraca z innymi działami firmy. Informujemy, że skontaktujemy się tylko z wybranymi kandydatami. CV kandydatów nierozpatrzone w danym procesie rekrutacji są przechowywane przez okres 12 miesięcy na potrzeby kolejnych procesów rekrutacji. Po tym okresie są usuwane, a dane osobowe kandydatów nie są przetwarzane w żadnym innym celu. Aplikacji nie odsyłamy. 6 ust. 1 lit. Klauzula informacyjna: 1. Administratorem Pani/Pana danych osobowych będzie Hako Technology Sp. z o.o. z siedzibą w Chałupy 30, 76-024 Świeszyno. 2. Pani/Pana dane osobowe przetwarzane będą w celu rekrutacji w zakresie wyrażonej zgody. 3. Posiada Pani/Pan prawo dostępu do treści swoich danych oraz ich poprawiania. 4. Podanie danych osobowych jest dobrowolne.",2053,FULL_TIME,Umowa o pracę,Umowa o pracę,,,,,,NONE,,False,False,,,False,False,mid,5.0,mid,True,,1760214563000,1760214563000,pl
kierowca-kategoria-c-e-CID4-ID17MuKe,https://www.olx.pl/oferta/praca/kierowca-kategoria-c-e-CID4-ID17MuKe.html,UNKNOWN,kierowca kategoria C+E,"Szczecin, Dąbie","Przyjmę do pracy kierowcę z kat, C=E, wyjazdy chłodnią do Niemiec. Stałe trasy, jazda nocą (załadunek w Szczecinie wieczorem) 2-3 trasy w tygodniu, od niedzieli po południu do piątku. Praca od zaraz. Proszę dzwonić 60*****16. Nie odpowiadam na wiadomości. Potrzebna książeczka sanepidu.",286,FULL_TIME,Umowa o pracę,Umowa o pracę,,,,,,NONE,,False,False,,,False,False,,,,False,,1760214583000,1760214583000,pl
praca-comforteo-pracownik-administracyjno-biurowy-opatow-k-kepna-CID4-ID14XeKq,https://www.olx.pl/oferta/praca/praca-comforteo-pracownik-administracyjno-biurowy-opatow-k-kepna-CID4-ID14XeKq.html,UNKNOWN,Praca Comforteo - Pracownik administracyjno-biurowy - Opatów k/Kępna,Opatów,"Firma Comforteo – renomowany producent mebli tapicerowanych, aktualnie poszukuje kandydatów na stanowisko: PRACOWNIK ADMINISTRACYJNO-BIUROWY Miejsce pracy: Opatów k/ Kępna Obowiązki: Odbieranie telefonów, przyjmowanie i wysyłanie korespondencji firmowej i przesyłek kurierskich, Przygotowanie zestawień, sprawozdań, raportów, wniosków Rejestracja umów, obsługa oraz archiwizacja dokumentów Monitorowanie płatności faktur, rozliczeń Organizowanie i obsługiwanie spotkań Dbanie o prawidłowy przepływ informacji i dokumentów we wewnątrz organizacji i poza nią Wymagania: Umiejętność pracy w zespole, Serdeczność i życzliwość, bardzo wysoka kultura osobista w budowaniu w relacji z innymi. Wykształcenie minimum średnie, Prawo jazdy kat. B, Biegła obsługa komputera w zakresie pakietu MS Office oraz urządzeń biurowych Oferujemy: Pracę w prężnie rozwijającej się polskiej firmie Stabilne zatrudnienie na podstawie umowy o pracę Atrakcyjne warunki pracy i płacy Ubezpieczenie grupowe Pakiet medyczny Zainteresowanych prosimy o składanie aplikacji za pośrednictwem OLX. z 2018 r., poz. 1000)”. Informujemy, że skontaktujemy się z wybranymi osobami. Podawane przez Pana/Panią dane osobowe w załączanym CV są zbierane dla potrzeb procesu rekrutacji na stanowisko wskazane w ogłoszeniu. Ma Pan/Pani prawo w każdej chwili wycofać zgodę na przetwarzanie danych, uzyskać dostęp do swoich danych, poprosić o: sprostowanie i uzupełnienie danych, usunięcie danych, ograniczenie przetwarzania danych, wyrazić sprzeciw wobec przetwarzania danych, wystąpić o przeniesienie danych i ze skargą do organu nadzorczego. Administratorem Pani/Pana danych osobowych jest spółka Comforteo Węgłowski i Stryjakiewicz Spółka komandytowa, z siedzibą Opatów, ul. Bolesławiecka 14A, 63-645 Łęka Opatowska.",1772,FULL_TIME,Umowa o pracę,Umowa o pracę,,,,,,NONE,,False,False,,,False,False,,,,False,,1760214614000,1760214614000,pl
pracownik-w-dziale-produktowym-CID4-ID16dNKC,https://www.olx.pl/oferta/praca/pracownik-w-dziale-produktowym-CID4-ID16dNKC.html,UNKNOWN,Pracownik w Dziale Produktowym,"Poznań, Piątkowo","Dołącz do zespołu ponad 3000 wyjątkowych ludzi tworzących markę Apart. Apart to polska marka obecna na rynku od ponad czterech dekad. Od lat pozostajemy na pozycji lidera w branży jubilerskiej. Rozwijamy się jako firma i równocześnie dbamy o rozwój naszych Pracowników. Oprócz ponad 200 salonów w najlepszych lokalizacjach w Polsce, posiadamy również nowoczesne zaplecze produkcyjne, serwisowe i magazynowe. Aktualnie poszukujemy ambitnych i odpowiedzialnych osób na stanowisko: Pracownik Działu Produktowego Miejsce pracy: Suchy Las (pow. poznański) Opis stanowiska: obsługa wewnętrznego systemu komputerowego wysyłka towaru do salonów przyjmowanie zwrotów biżuterii z salonów wydawanie towaru, metkowanie, pakowanie segregacja towaru Od kandydatów wymagamy: zdolności manualnych dokładności bardzo dobrej organizacji pracy umiejętności obsługi komputera mile widziana znajomość procesów magazynowych Oferujemy: stabilne warunki zatrudnienia pracę w renomowanej firmie o stabilnej pozycji na rynku przyjazny system pracy (od poniedziałku do piątku w godzinach 7-15) zniżki na firmowe produkty i usługi preferencyjne pożyczki preferencyjne warunki ubezpieczenia na życie karta sportowa na preferencyjnych warunkach program dla Jubilatów - świętujemy okrągłe rocznice zatrudnienia dodatkowe świadczenia socjalne parking pracowniczy biblioteka firmowa",1349,TEMP,Umowa o pracę,Umowa o pracę,,,,,,NONE,,False,False,,,False,False,,,,False,,1760214614000,1760214614000,pl
laborant-laborantka-isover-gliwice-CID4-ID17Et3q,https://www.olx.pl/oferta/praca/laborant-laborantka-isover-gliwice-CID4-ID17Et3q.html,UNKNOWN,Laborant/Laborantka Isover Gliwice,"Gliwice, Bojków","Zakres obowiązków oznaczanie parametrów produktów z wełny mineralnej – pomiary parametrów fizycznych (m.in. długość, grubość, szerokość), kontrola aspektów wizualnych, pomiary parametrów mechanicznych ewidencjonowanie wyników przeprowadzonych badań Wymagania mile widziane doświadczenie na podobnym stanowisku mile widziane wykształcenie chemiczne znajomość pakietu MS Office inicjatywa, sumienność, umiejętność współpracy Benefity zatrudnienie na rzecz firmy, będącej jednym z liderów rynku materiałów budowlanych w Polsce i na świecie atrakcyjne wynagrodzenie wraz z motywującym systemem premiowym; stały rozwój w wymagającym środowisku pracę w profesjonalnym i przyjaznym zespole ludzi pełnych pasji i zaangażowania, ciekawe wyzwania i świetną atmosferę O nas ISOVER Marka ISOVER wchodzi w skład oferty produktów budowlanych firmy Saint- Gobain Construction Products Polska Sp. z o.o. Jesteśmy renomowaną marką najwyższej jakości materiałów izolacyjnych - liderem wśród producentów wełny mineralnej. W Polsce jesteśmy laureatem wielu prestiżowych nagród oraz wyróżnień, jak Budowlana Marka Roku, Konsumencki Lider Jakości, Premium Brand, Herkules, Top Builder, a od 2006 roku nieprzerwanie szczycimy się godłem Teraz Polska. Dołącz do naszego zespołu!",1254,FULL_TIME,Inny,Inny,,,,,,NONE,,False,False,,,False,False,,,,False,,1760214635000,1760214635000,pl
przedstawicielka-przedstawiciel-ubezpieczeniowy-a-CID4-ID17KSJv,https://www.olx.pl/oferta/praca/przedstawicielka-przedstawiciel-ubezpieczeniowy-a-CID4-ID17KSJv.html,UNKNOWN,Przedstawicielka / Przedstawiciel Ubezpieczeniowy/a,"Kraków, Grzegórzki","Allianz jest jedną z najbardziej rozpoznawalnych marek na świecie. Przemawiają za tym nie tylko liczby, ale także opinie ekspertów. Już szósty rok z rzędu jesteśmy najsilniejszą marką ubezpieczeniową świata. W ogólnym zestawieniu Brand Finance Global 2024 jesteśmy na 29 pozycji, a wartość naszej firmy ponownie wzrosła. Zostaliśmy docenieni za towarzyszenie ludziom w życiu, dawanie im odwagi do podjęcia kolejnego kroku i eksplorowania życia. Branża ubezpieczeniowa to obszar, w którym łączą się innowacyjne podejścia do biznesu, ludzka empatia i troska o przyszłość. Naszym klientom oferujemy wyjątkową usługę, która niesie realną pomoc w trudnych sytuacjach. Masz ambicję, inicjatywę i marzysz o stabilnej karierze na lata, która przyniesie Ci spełnienie? Warto przyjrzeć się naszej ofercie. Przedstawicielka / Przedstawiciel Ubezpieczeniowy/a Oferujemy: • Atrakcyjne, wieloskładnikowe wynagrodzenie (prowizje, premię wdrożeniową oraz możliwość wsparcia finansowego i dodatek paliwowy przez pierwsze dwa lata ) - masz realny wpływ na wysokość dochodów. Doceniamy Twoją odwagę i zaangażowanie. • Indywidualny Plan Rozwoju - na podstawie analizy Twoich kompetencji i predyspozycji. • Jasną ścieżkę kariery - w kierunku sprzedażowym, menedżerskim lub trenerskim. • Wsparcie doświadczonego menedżera, trenera oraz zespołu szkoleniowego - możesz na nas liczyć na każdym etapie współpracy. • Profesjonalne szkolenia i programy mentoringowe - możliwość zdobycia certyfikatów branżowych i nowych umiejętności. • Elastyczny czas pracy - dopasowany do Twojego planu dnia. • Dla osób pracujących - możliwość dodatkowego źródła dochodu. • Konkursy sprzedażowe - atrakcyjne nagrody. • Członkostwo w Funduszu 'Bądźmy Solidarni' - pomoc w nagłych zdarzeniach losowych. Zapewnimy Ci niezbędną wiedzę i pokażemy możliwości budowania sieci kontaktów, a Ty, z naszą pomocą, skoncentrujesz się na: • Aktywnym pozyskiwaniu nowych klientów. • Prowadzeniu rozmów i spotkań sprzedażowych. • Badaniu potrzeb i oczekiwań klienta - nasze działania i decyzje mają wpływ na przyszłe warunki życia. • Realizacji Twoich indywidualnych celów sprzedażowych. • Budowaniu wieloletnich relacji z klientami. • Samodoskonaleniu poprzez szkolenia, warsztaty - nasze działania zaspokoją Twoje aspiracje i wzbudzą chęć zwycięstwa. W zamian oczekujemy: • Inicjatywy, kreatywności i orientacji na osiąganie celów. • Umiejętności komunikacyjnych. • Otwartości na rozwój osobisty i zdobywanie wiedzy. • Gotowości na współpracę w oparciu o umowę agencyjną. • Wykształcenia minimum średniego. Z nami nuda Ci nie grozi. Gotowa/y na nową jakość w swojej karierze? Dołącz do naszego Zespołu!",2645,UNKNOWN,Samozatrudnienie,Samozatrudnienie,,,,,,NONE,,False,False,,,False,False,,,,False,,1760214656000,1760214656000,pl
pomoc-kuchenna-nowa-restauracja-w-galerii-brama-jury-zawiercie-CID4-ID17K87b,https://www.olx.pl/oferta/praca/pomoc-kuchenna-nowa-restauracja-w-galerii-brama-jury-zawiercie-CID4-ID17K87b.html,UNKNOWN,POMOC KUCHENNA - nowa restauracja w Galerii Brama Jury Zawiercie,"Zawiercie, Marciszów","Dołącz do naszej kuchennej ekipy i twórz pyszne chwile! W związku z przygotowaniami do otwarcia nowej restauracji w Galerii Brama Jury w Zawierciu, poszukujemy osoby na stanowisko Pomoc Kuchenna, która wesprze nasz zespół w codziennej pracy kuchni. *zakres obowiązków: -pomoc w przygotowaniu składników dań -utrzymanie czystości w kuchni oraz na stanowisku pracy -dbanie o prawidłowe przechowywanie produktów -wsparcie kucharzy w bieżących pracach *wymagania: -chęć do pracy -dobra organizacja i zaangażowanie -umiejętność pracy w zespole -doświadczenie w gastronomii będzie mile widziane *oferujemy: -pracę na pełen etat -umowę zlecenie z możliwością przejścia na umowę o pracę -szkolenie i wsparcie na start -stabilne zatrudnienie w nowo powstającym, nowoczesnym lokalu -przyjazną atmosferę",792,FULL_TIME,Umowa zlecenie,Umowa zlecenie,,,,,,NONE,,False,False,,,False,False,,,,False,,1760214701000,1760214701000,pl
reprezentant-handlowy-CID4-ID17K2c8,https://www.olx.pl/oferta/praca/reprezentant-handlowy-CID4-ID17K2c8.html,UNKNOWN,Reprezentant Handlowy,"Warszawa, Ursynów","Firma Closer, należąca do grupy kapitałowej Arteria S.A notowanej na GPW w Warszawie, działająca na rynku usług wsparcia sprzedaży, poszukuje kandydatów na stanowisko: Doradca Klienta. Z kim współpracujemy? Naszym partnerem jest firma AkzoNobel - międzynarodowy producent farb dekoracyjnych i powłok specjalistycznych, właściciel marek Dulux, Sadolin, Nobiles, Hammerite, Interpon, International, Sikkens. W związku z rozwojem sił sprzedaży poszukuje kandydatów na stanowisko: Reprezentant Handlowy miejsce pracy: market budowalny Co oferujemy? Umowę o pracę Bardzo atrakcyjny system premiowy Pracę z takimi markami jak Dulux, Nobiles, Sadolin, Hammerite Pracę w stabilnej branży budowlanej Elastyczny czas pracy Pracę o dużym zakresie samodzielności Wprowadzenie w obowiązki w trakcie onboardingu Pakiet szkoleń produktowych Możliwość awansu Dofinansowanie na platformę MyBenefit Kartę Multi Sport Opiekę medyczną Ubezpieczenie na życie Program poleceń pracowniczych Zniżka na produkty na produkty AkzoNobel Za co będziesz odpowiadać? Realizację planów sprzedaży dla jednych z najbardziej znanych produktów na rynku Profesjonalną obsługę Klienta Budowanie trwałych relacji biznesowych z Kierownikiem działu oraz Przedstawicielem Handlowym Merchandising Utrzymywanie dobrego wizerunku produktów i firmy w punktach sprzedaży Czego oczekujemy? Realizacji celów sprzedażowych Wiedzy z zakresu merchandisingu Komunikatywności i partnerskich relacji z Klientami Umiejętności stosowania technik sprzedaży Świadomości biznesowej Umiejętności planowania i bardzo dobrej organizacji pracy",1579,FULL_TIME,Umowa o pracę,Umowa o pracę,,,,,,NONE,,False,False,,,False,False,,,,False,,1760214723000,1760214723000,pl
firma-roka-osoba-do-utrzymania-czystosci-police-CID4-ID17NqDL,https://www.olx.pl/oferta/praca/firma-roka-osoba-do-utrzymania-czystosci-police-CID4-ID17NqDL.html,UNKNOWN,FIRMA ROKA- Osoba do utrzymania czystości- Police,"Police, Jasienica","Grupa firm ROKA zatrudni osoby do utrzymania czystości miejsce pracy - Police, ul. Kuźnicka praca od poniedziałku do piątku poniedziałek, środa, piątek- praca 3 godziny dziennie wtorek, czwartek- praca 2 godziny dziennie rozpoczęcie pracy między 7-9 Poszukujemy osób do: utrzymania czystości pomieszczeń biurowych i socjalnych oferta skierowana do osób z orzeczeniem o niepełnosprawności Co oferujemy: gwarantujemy stabilne zatrudnienie na podstawie umowy o pracę praca na wyznaczonym obiekcie wraz z przeszkoleniem w zakresie sprzątania stały kontakt z brygadzistą lub koordynatorem czytelne i uczciwe zasady zatrudnienia dla osób z niepełnosprawnością oferujemy pomoc z Zakładowego Funduszu Rehabilitacji Osób Niepełnosprawnych Zainteresowane osoby prosimy o kontakt telefoniczny od poniedziałku do piątku w godzinach 8-16.",825,PART_TIME,Umowa o pracę,Umowa o pracę,,,,,,NONE,,False,False,,,False,False,,,,False,,1760214744000,1760214744000,pl
mlodszy-specjalista-ds-doradztwa-finansowego-CID4-ID17xooj,https://www.olx.pl/oferta/praca/mlodszy-specjalista-ds-doradztwa-finansowego-CID4-ID17xooj.html,UNKNOWN,Młodszy Specjalista ds. Doradztwa Finansowego,"Wrocław, Śródmieście","O nas W Phinance S.A. od ponad 20 lat kompleksowo wspieramy zarówno gospodarstwa domowe, jak i przedsiębiorstwa w zarządzaniu finansami. Tworzymy indywidualnie dopasowane plany doradcze, skupiając się na długoterminowej współpracy z naszymi Klientami.Będąc jedną z czołowych firm pośrednictwa finansowego w kraju, oferujemy wyjątkowe możliwości rozwoju dla naszych Współpracowników. Pomagamy osiągnąć status jednego z najlepszych Doradców Finansowych w Polsce, nawet jeśli dopiero zaczynasz swoją przygodę w tej branży! Twój zakres obowiązków - udział w spotkaniach z Klientami, początkowo w roli obserwatora, a z czasem samodzielne przeprowadzanie analiz potrzeb Klientów oraz prowadzenie konsultacji dostosowanych do ich oczekiwań- ocena opłacalności istniejących umów oraz doradztwo w wyborze produktów finansowych- pozyskiwanie nowych Klientów oraz dbanie o długoterminową współpracę- zapewnienie profesjonalnej obsługi i budowanie pozytywnego wizerunku firmy Phinance- praca w systemie CRM – efektywne zarządzanie danymi i relacjami z Klientami Nasze wymagania - gotowość do pracy min. 20 godzin tygodniowo- wykształcenie min. średnie oraz chęć do dalszego rozwoju- otwartość na pracę z Klientem, wytrwałość i determinacja w osiąganiu celów- status osoby niekaranej- zainteresowanie finansami lub motywacja do nauki i zdobywania wiedzy o rynku finansowym Mile widziane doświadczenie w pracy z Klientem prawo jazdy kat. B To oferujemy różnorodność stanowisk - dostosujemy zakres obowiązków do Twoich umiejętności, wiedzy i tego, w czym czujesz się najlepiej bogaty system szkoleń, który przygotuje Cię od podstaw do pracy szansę poznania większości dostępnych na polskim rynku produktów i instrumentów finansowych przejrzysty system wynagrodzenia wsparcie doświadczonej kadry managerskiej możliwość wzięcia udziału w licznych konkursach motywacyjnych oraz wyjazdach integracyjnych u nas masz możliwość zdania wielu egzaminów Komisji Nadzoru Finansowego! Klauzula informacyjna Phinance S.A. Administratorem Twoich danych osobowych jest Phinance Spółka Akcyjna, z siedzibą i adresem w Poznaniu, przy ul Ratajczaka 19 (61-814). Kontakt z administratorem w sprawie procesów rekrutacyjnych jest możliwy poprzez e-mail: agnieszka.balinska(znak małpy)phinance.pl. Cel, podstawa, charakter i zakres przetwarzania Twoje dane osobowe są przez nas przetwarzane: w celu weryfikacji przeprowadzenia procesu rekrutacyjnego; na podstawie ciążącego na nas obowiązku prawnego, w związku z regulacjami szczegółowymi - art. 6 ust. 1 lit. z art. 221 § 1 kodeksu pracy (dot. zatrudnienia w oparciu o umowę o pracę i dostarczenia danych objętych ww. przepisem kodeksu pracy, tj. imię/imiona i nazwisko, data urodzenia, dane kontaktowe wskazane przez Pana/Panią oraz wykształcenie, kwalifikacje zawodowe i przebieg dotychczasowego zatrudnienia, jeżeli są one niezbędne Administratorowi do wykonywania pracy określonego rodzaju lub na określonym stanowisku) lub na podstawie Twojej zgody – art. 6 ust. 1 lit. zatrudnienia w oparciu o umowę o pracę, kiedy podano więcej danych niż wynika to z ww. Okres przetwarzania danych Twoje dane będą przetwarzane przez czas trwania procesu rekrutacji, a w przypadku wyrażenia dodatkowej zgody będą przetwarzane również na potrzeby przyszłych rekrutacji, do czasu cofnięcia zgody, nie dłużej jednak niż przez okres 2 lat. W przypadku zakończenia procesu rekrutacyjnego, gdy nie była wyrażana dodatkowa zgoda na przyszłe procesy rekrutacyjne lub cofnięcia zgody na przetwarzanie danych na potrzeby przyszłych rekrutacji, Twoje dane będą przetwarzane wyłącznie w formie archiwizacji, w celach dowodowych, przez okres właściwy dla upływu przedawnienia roszczeń, który wynosić będzie maksymalnie 5 lat. Wniosek o realizację przysługujących Tobie praw możesz zgłosić: na adres email Spółki: klient(znak małpy)phinance.pl; na numer telefonu Spółki: 0 616 639 939. We wniosku powinieneś podać dane, które pozwolą nam jednoznacznie Ciebie zidentyfikować. Odbiorcy danych Odbiorcami twoich danych są pracownicy i współpracownicy Phinance S.A., w zakresie niezbędnym do realizacji określonych wyżej celów, a także eRekruter S.A. z siedzibą w Warszawie, ul. Prosta 68, 00-838 Warszawa, jako podmiot dostarczający i utrzymujący system eRekruter, służący do wsparcia rekrutacji prowadzonych na rzecz Administratora. Automatyczne podejmowanie decyzji i profilowanie Twoje dane nie podlegają profilowaniu i automatycznemu podejmowaniu decyzji. Przetwarzanie i przekazywanie danych poza EOG Nie przekazujemy Twoich danych do innych krajów, w szczególności poza Europejski Obszar Gospodarczy (obejmujący Unię Europejską, Norwegię, Liechtenstein i Islandię) ani do organizacji międzynarodowych.",4694,PART_TIME,"Inny, Umowa zlecenie, Umowa o dzieło","Inny, Umowa zlecenie, Umowa o dzieło",,,,,,NONE,,False,False,,,False,False,mid,,mid,True,,1760214765000,1760214765000,pl
kierownik-warsztatu-samochodow-ciezarowych-CID4-ID17MfES,https://www.olx.pl/oferta/praca/kierownik-warsztatu-samochodow-ciezarowych-CID4-ID17MfES.html,UNKNOWN,Kierownik warsztatu samochodów ciężarowych,Radomsko,"Firma transportowa zatrudni kierownika warsztatu mechanicznego pojazdów ciężarowych. Zakres obowiązków Koordynacja prac warsztatu, planowanie i koordynowanie napraw, przeglądów oraz konserwacji pojazdów Nadzór nad flotą aut, Ewidencja wykonanych prac i stanów magazynowych części Prowadzenie dokumentacji oraz raportowanie wyników pracy warsztatu, Udział w optymalizacji procesów i wdrażaniu usprawnień, Zarządzanie zaopatrzeniem w części zamienne, narzędzia i materiały eksploatacyjne, zakup części i podzespołów Wymagane doświadczenie na podobnym stanowisku, prawo jazdy kat. B, znajomość branży motoryzacyjnej.",613,FULL_TIME,Umowa o pracę,Umowa o pracę,,,,,,NONE,,False,False,,,False,False,manager,,manager,True,,1760214785000,1760214785000,pl
specjalista-ds-obslugi-klienta-w-sklepie-internetowym-lilou-CID4-ID17LzNH,https://www.olx.pl/oferta/praca/specjalista-ds-obslugi-klienta-w-sklepie-internetowym-lilou-CID4-ID17LzNH.html,UNKNOWN,Specjalista ds. obsługi klienta w sklepie internetowym Lilou,"Warszawa, Śródmieście","Twoje obowiązki: telefoniczna i zdalna obsługa Klientów w programach rejestrujących zgłoszenia pisemne oraz połączenia telefoniczne; sprawdzanie statusu realizacji zamówień internetowych w dedykowanych do tego programach; procesowanie reklamacji, rejestracja i obsługa korespondencji i paczek wpływających do działu obsługi klienta; profesjonalne doradztwo Klientom w zakresie obsługi serwisu Lilou.pl, wyboru biżuterii i akcesoriów; współpraca z działami firmy w obszarach dotyczących Klientów; Szukamy kogoś, kto: ma minimum roczne doświadczenie w pracy w dziale obsługi klienta lub pokrewne (warunek konieczny); ma elementarną wiedzę na temat prawa konsumenckiego, ze szczególnym uwzględnieniem zagadnień odnoszących się do zakupów na odległość oraz reklamacji; potrafi pisać/redagować treści; ma wysoką kulturę osobistą i nienaganną kulturę wypowiedzi; jest komunikatywny i otwarty; sprawnie posługuje się pakietem MS Office; komunikatywnie posługuje się językiem angielskim; Oferujemy: zniżki na firmowe produkty; pracę w kameralnym biurze w centrum Warszawy; swobodną, przyjazną atmosferę; Praca stacjonarna z biura w Warszawie – od poniedziałku do piątku w systemie 08:30-16:30 i 10:00-18:00.",1199,FULL_TIME,"Umowa o pracę, Umowa zlecenie","Umowa o pracę, Umowa zlecenie",,,,,,NONE,,False,False,,,False,False,mid,,mid,True,,1760214785000,1760214785000,pl
mechanik-samochodowy-scania-polska-s-a-oddzial-bielsko-biala-CID4-ID17mRDT,https://www.olx.pl/oferta/praca/mechanik-samochodowy-scania-polska-s-a-oddzial-bielsko-biala-CID4-ID17mRDT.html,UNKNOWN,Mechanik Samochodowy Scania Polska S.A. oddział Bielsko-Biała,Bielsko-Biała,"Opis W chwili obecnej poszukujemy kandydatów na stanowisko: MECHANIK SAMOCHODOWY Co zyskujesz pracując z nami? wynagrodzenie podstawowe oraz premie miesięczne, umowę o pracę na pełen etat, godziny pracy zgodne ze stałym dwuzmianowym grafikiem, odzież ochronną zawsze zadbaną i dostępną od ręki, dofinansowanie do Twojego wypoczynku (dodatek urlopowy), codzienne posiłki regeneracyjne, dostęp do wysokiej klasy profesjonalnych narzędzi, prywatną opiekę medyczną i ubezpieczenie na życie, pakiet szkoleń technicznych i możliwość dofinansowania do studiów oraz nauki języka obcego. Dołącz do nas, jeśli: znasz mechanikę samochodową oraz naczepową, rozumiesz i umiesz czytać rysunki techniczne, masz wykształcenie zawodowe lub średnie techniczne (preferowany kierunek: mechanika, automatyka, elektryka i pokrewne), masz doświadczenie przy naprawach pojazdów. Masz pytania? Porozmawiaj z kierownikiem naszego serwisu i zadzwoń pod nr 78*****80 lub przyjdź bezpośrednio do naszego serwisu: Międzyrzecka 250, 43-382 Bielsko-Biała",1022,FULL_TIME,Umowa o pracę,Umowa o pracę,,,,,,NONE,,False,False,,,False,False,,,,False,,1760214816000,1760214816000,pl
zatrudnie-mechanika-samochodowego-CID4-ID17IZE0,https://www.olx.pl/oferta/praca/zatrudnie-mechanika-samochodowego-CID4-ID17IZE0.html,UNKNOWN,Zatrudnię mechanika samochodowego –,Lublin,"Dołącz do naszego zespołu – tu praca ma znaczenie! Jeśli kochasz motoryzację, lubisz czuć zapach smaru i satysfakcję po dobrze wykonanej naprawie – mamy dla Ciebie idealne miejsce! Poszukujemy wulkanizatora oraz mechanika samochodowego, którzy chcą pracować w stabilnej firmie, w której liczy się człowiek, a nie tylko wynik. Oferujemy: stabilne zatrudnienie na umowę o pracę, stałe wynagrodzenie – bez stresu o koniec miesiąca, pakiet na siłownię, bo dbamy nie tylko o auta, ale i o Ciebie, przyjazną atmosferę – tu naprawdę się lubimy i pomagamy sobie nawzajem, nowoczesny serwis z profesjonalnym wyposażeniem sieć Euromaster, realną możliwość rozwoju i nauki nowych rzeczy. U nas każdy dzień jest inny, ale jedno pozostaje niezmienne – szacunek do ludzi i pasja do motoryzacji. Lokalizacja: Lublin ul. Zana 19, Autoserwis Zana galeria Leclerc. Zadzwoń lub napisz – poznaj nas i przekonaj się, że można pracować w miejscu, gdzie ludzie naprawdę lubią swoją pracę.",965,FULL_TIME,"Umowa o pracę, Samozatrudnienie, Umowa zlecenie","Umowa o pracę, Samozatrudnienie, Umowa zlecenie",,,,,,NONE,,False,False,,,False,False,,,,False,,1760214815000,1760214815000,pl
doradczyni-doradca-klientow-indywidualnych-pko-bp-szczebrzeszyn-CID4-ID17KMwA,https://www.olx.pl/oferta/praca/doradczyni-doradca-klientow-indywidualnych-pko-bp-szczebrzeszyn-CID4-ID17KMwA.html,UNKNOWN,Doradczyni/Doradca klientów indywidualnych/PKO BP/Szczebrzeszyn,Szczebrzeszyn,"Na co dzień w naszym zespole: aktywnie sprzedajesz i promujesz produkty oraz usługi Grupy Kapitałowej naszego banku, realizujesz transakcje bezgotówkowe i/lub gotówkowe, wspierasz klientów w korzystaniu z nowoczesnych narzędzi oraz bankowości internetowej i mobilnej, budujesz i utrzymujesz długotrwałe relacje z klientami, zapewniasz klientom profesjonalną obsługę na każdym etapie swojej pracy. To stanowisko może być Twoje, jeśli: masz doświadczenie w sprzedaży bezpośredniej, telefonicznej lub obsłudze klienta, angażujesz się w swoją pracę i dążysz do realizacji celów, cechuje Cię otwartość na zmiany, samodzielność i komunikatywność, potrafisz pracować zarówno indywidualnie, jak i w zespole, masz wykształcenie średnie lub wyższe. Dodatkowo docenimy, jeśli: masz doświadczenie w sprzedaży w sektorze finansowym. Dołączając do nas otrzymasz: umowę o pracę, stałe wynagrodzenie oraz premię, atrakcyjny pakiet benefitów w tym kartę Multisport, prywatną opiekę zdrowotną i Pracowniczy Program Emerytalny, szkolenia przygotowujące do realizacji zadań, opiekuna, który sprawnie i skutecznie przeprowadzi Cię przez proces adaptacji, możliwość rozwoju zawodowego i szansę na awans w ramach struktury Banku.",1206,FULL_TIME,Umowa o pracę,Umowa o pracę,,,,,,NONE,,False,False,,,False,False,,,,False,,1760214836000,1760214836000,pl
doradca-czyni-klienta-firmowego-12-oddzial-w-lodzi-CID4-ID17KPru,https://www.olx.pl/oferta/praca/doradca-czyni-klienta-firmowego-12-oddzial-w-lodzi-CID4-ID17KPru.html,UNKNOWN,Doradca(-czyni) klienta firmowego - 12 Oddział w Łodzi,"Łódź, Śródmieście","To masz na bank: umowa o pracę (pierwsza na 7 miesięcy, po zakończeniu okresu wdrożenia możliwość zawarcia umowy na czas nieokreślony), pracę stacjonarną w 12 Oddziale w Łodzi - ul. Aleksandrowska 67/93 zespół/lider: Agnieszka Ludwig udział w atrakcyjnym systemie premiowym (z gwarantowaną premia w okresie wdrożeniowym) i w szerokiej ofercie benefitowej Na bank cenimy sobie relacje z ludźmi. Do oddziałów szukamy osób, które tak jak my chcą zapewnić naszym klientom najlepsze doświadczenie w sektorze finansowym - jesteśmy bankiem z zapleczem technologicznym. Należymy do pierwszej trójki największych banków w Polsce i jesteśmy częścią międzynarodowej Grupy Santander. Dbamy o portfele klientów w ponad 300 oddziałach w całej Polsce. Zarządzamy wieloma produktami bankowymi dla osób prywatnych oraz przedsiębiorstw. Cenimy różnorodność wśród naszych pracowników. Wierzymy, że każdy, bez względu na indywidualne predyspozycje, może wnieść niepowtarzalną perspektywę do naszej firmy. Aplikuj, jeśli: masz roczne doświadczenie w sprzedaży i/lub obsłudze klienta w sektorze finansowym, cenisz sobie kontakt z ludźmi i długotrwałe relacje oparte na zaufaniu, lubisz działać zespołowo i osiągać wspólnie ustalone cele, posiadasz podstawową wiedzę z zakresu analizy finansowej przedsiębiorstw oraz analizy kredytowej, masz min. roczne doświadczenie w obsłudze podmiotów gospodarczych, masz minimum średnie wykształcenie, masz umiejętności analityczne. Mile widziane, jeśli będziesz mieć: umiejętność porozumiewania się w języku angielskim na poziomie komunikatywnym, umożliwiającym kontakt z klientem zagranicznym i pomoc w wyborze odpowiednich produktów bankowych, prawo jazdy kat. B. Twoje zadania w tej roli: prezentowanie klientowi rozwiązań na podstawie informacji z systemów bankowych i z wykorzystaniem dostępnych narzędzi, udzielanie informacji na temat obowiązującej oferty produktów i usług bankowych, umawianie spotkań w siedzibie klienta, aby poznać specyfikę działania firmy, dbanie o aktualność, jakość i kompletność danych klienta w systemach informatycznych banku, bieżąca i systematyczna rejestracja kontaktów z klientem w systemie, oferowanie i promowanie produktów bankowych dla klientów z segmentu małych i średnich przedsiębiorstw (MŚP) Na bank zadbamy dla Ciebie o: umowę o pracę (pierwszą na 7 miesięcy, po zakończeniu okresu wdrożenia możliwość zawarcia umowy na czas nieokreślony), pracę stacjonarną w Oddziale (lokalizacja na początku oferty), ubezpieczenie na życie, prywatną opiekę medyczną Medicover (z możliwością wykupienia pakietu stomatologicznego), ofertę produktową banku oraz pożyczki na warunkach pracowniczych, system kafeteryjny z punktami do wymiany na aktywności, np. wypoczynkowe, kulturalne, gastronomiczne lub dofinansowanie do przedszkola/żłobka/klubu dziecięcego, kartę Multisport oraz aktywności wellbeingowe, np. Kluby Zainteresowań, webinary, możliwość udziału w wolontariacie, dodatkowe świadczenia socjalne (np. wyprawka dla dzieci) benefity dla osób z niepełnosprawnościami: dodatek finansowy na cele prozdrowotne, dodatkowe 2 dni urlopu dla pracowników z lekkim stopniem niepełnosprawności, praca hybrydowa, jeśli charakter pracy na to pozwala, program poleceń pracowniczych – nagrodę pieniężną za polecenie osoby do pracy w naszym banku. Jak wygląda wdrożenie i rozwój? Na bank nie wrzucimy Cię na głęboką wodę. Zaplanowaliśmy wdrożenie, które obejmować będzie wprowadzenie do organizacji, Twojej jednostki biznesowej i zadań. Pierwsze szkolenie będzie trwało 6 miesięcy w ramach Akademii Rozwoju Mocy. Po 3 miesiącach zaczniesz realizować część planu sprzedażowego i otrzymywać pierwsze premie. Przez pierwsze miesiące pokażemy Ci naszą kulturę organizacyjną i odpowiemy na wszystkie pytania. Po tym okresie zaczniesz w pełni realizować plany sprzedażowe. Dołącz do nas w 3 krokach: wyślij CV do naszej analizy, a my podejmiemy decyzję czy zaprosimy Cię do kolejnego etapu, spotkaj się z rekruterem i menadżerem, pracuj z nami w naszym Zespole! Po każdym z etapów rekrutacji otrzymasz od nas informację zwrotną, dostosowaną do jego poziomu zaawansowania. Po spotkaniach zaś wrócimy do Ciebie z kompleksowym podsumowaniem mailowym lub telefonicznym. Stosujemy najwyższe standardy zarządzania ryzykiem, dbamy o bezpieczeństwo naszych klientów i świadczonych usług.",4313,FULL_TIME,Umowa o pracę,Umowa o pracę,1.0,,,,,NONE,,False,False,,,False,False,,,,False,,1760214877000,1760214877000,pl
zatrudnie-kierowce-c-e-lohra-CID4-ID17J5aj,https://www.olx.pl/oferta/praca/zatrudnie-kierowce-c-e-lohra-CID4-ID17J5aj.html,UNKNOWN,Zatrudnie Kierowce C+E (Lohra),Borowa,Zatrudnię kierowcę C+E na autotransporter (lohra) praca po kraju od poniedziałku do piątku. Mile widziane doświadczenie. Praca pod spedycja CMPL .,146,FULL_TIME,Umowa o pracę,Umowa o pracę,,,,,,NONE,,False,False,,,False,False,,,,False,,1760214878000,1760214878000,pl
pracownik-gospodarczy-konserwator-CID4-ID17bHNr,https://www.olx.pl/oferta/praca/pracownik-gospodarczy-konserwator-CID4-ID17bHNr.html,UNKNOWN,Pracownik gospodarczy - konserwator,"Szczecin, Bukowe","Firma GP sp. z o.o., mieszcząca się przy ulicy Struga 80a w Szczecinie, działa na rynku międzynarodowym od 2004 r. Zajmujemy się produkcją urządzeń inżynierii drogowej – zabezpieczeń drogowych i organizacji ruchu drogowego Aktualnie poszukujemy kandydata na stanowisko: PRACOWNIK GOSPODARCZY - KONSERWATOR Oferujemy: - atrakcyjne wynagrodzenie - umowę o pracę - stałe godziny pracy od poniedziałku do piątku (7-15) - dobrą, pełną szacunku atmosferę pracy, docenianie zaangażowania każdego pracownika oraz wsparcie Obowiązki: - sprzątanie i utrzymanie porządku na halach produkcyjnych, magazynach i placu manewrowym - wykonywanie prac zgodnie z ustalonym harmonogramem oraz innych poleceń przełożonego w zakresie utrzymania czystości i porządku na terenie i obiektach całego zakładu - dbałością o powierzony sprzęt pomocniczy i prawidłowe użycie środków czystości - drobne prace konserwatorskie - nadzór nad organizacja właściwego składowania odpadów Wymagania: - umiejętność obsługi wózka widłowego - doświadczenie w wykonywaniu prac porządkowych w firmie produkcyjnej - mile widziane - sumienność i dokładność - dbałość o wysoką jakość wykonywania powierzonych prac. Osoby zainteresowane prosimy o przesyłanie aplikacji przez OLX lub kontakt telefoniczny (91 432 09 40) w godzinach 07:00-15:00. Zastrzegamy sobie prawo odpowiedzi tylko na wybrane oferty.",1355,FULL_TIME,Umowa o pracę,Umowa o pracę,,,,,,NONE,,False,False,,,False,False,,,,False,,1760214899000,1760214899000,pl
kurier-kurierka-dhl-krakow-CID4-ID17BrUr,https://www.olx.pl/oferta/praca/kurier-kurierka-dhl-krakow-CID4-ID17BrUr.html,UNKNOWN,Kurier/ Kurierka DHL Kraków,"Kraków, Bieżanów-Prokocim","KURIER/KURIERKA Wolisz być za kółkiem, niż za biurkiem? Prawo jazdy i pozytywne nastawienie to wszystko, czego potrzebujesz. Zadania: odbiór, przewóz i doręczanie przesyłek kurierskich profesjonalna obsługa klienta Wymagania: prawo jazdy kat B lub C komunikatywna znajomość języka polskiego w mowie i piśmie dyspozycyjność pozytywne nastawienie i zaangażowanie komunikatywność Oferta: zatrudnienie u przewoźnika współpracującego z DHL system bezpłatnych szkoleń dostęp do opieki medycznej oraz ubezpieczenie na życie na preferencyjnych warunkach możliwość zakupu karty sportowej w atrakcyjnej cenie nagrody w ramach konkursów na Super Kuriera i Kuriera Roku prezenty z okazji narodzin dziecka Masz pytanie lub chcesz dowiedzieć się więcej? Skontaktuj się z nami. DHL eCommerce (Poland) sp. z o.o. („DHL”) żąda podania jedynie takich danych osobowych, które są niezbędne do podjęcia decyzji o rozpoczęciu współpracy. W szczególności DHL nie żąda przesyłania zdjęcia. Podanie przez Ciebie danych osobowych przekraczających zakres danych osobowych wymaganych przez DHL oznacza wyrażenie przez Ciebie zgody na przetwarzanie tych danych. Przesłanie przez Ciebie zdjęcia, oznacza wyrażenie wyraźnej zgody na przetwarzanie danych nim objętych. Jeśli przekazane przez Ciebie dokumenty aplikacyjne zawierają dane, o których mowa w art. 9 ust. W przypadku kandydatów na kurierów/kurierki, dane osobowe zostaną udostępnione wybranym przewoźnikom, którzy zatrudniają takie osoby w ramach współpracy z DHL. Jeśli chcesz brać udział w przyszłych rekrutacjach zaznacz poniższą klauzulę zgody w formularzu aplikacyjnym. z o.o. z siedzibą w Warszawie, przy ul. Osmańskiej 2, 02-823 Warszawa, moich danych osobowych zawartych w dokumentach aplikacyjnych na potrzeby przyszłych rekrutacji przez okres 12 miesięcy od momentu otrzymania danych przez DHL/przesłania przeze mnie zgłoszenia rekrutacyjnego.” Możesz z łatwością cofnąć zgodę w dowolnym momencie. Wycofanie zgody nie wpływa na zgodność z prawem przetwarzania dokonanego przed jej wycofaniem. Administratorem Twoich danych osobowych zawartych w zgłoszeniu jest DHL eCommerce (Poland) sp. z o.o. z siedzibą w Warszawie, przy ul. Osmańskiej 2, 02-823 Warszawa. Masz także prawo do wniesienia w dowolnym momencie sprzeciwu wobec przetwarzania – z przyczyn związanych ze swoją szczególną sytuacją. Więcej informacji znajdziesz pod poniższym linkiem: zakładka: Rekrutacja (umowy cywilno-prawne) Uprzejmie informujemy, że w DHL eCommerce (Poland) sp. z o.o. obowiązuje procedura zgłoszeń wewnętrznych pozwalająca na zgłoszenie informacji o naruszeniu prawa.",2590,FULL_TIME,"Umowa o pracę, Samozatrudnienie, Umowa zlecenie","Umowa o pracę, Samozatrudnienie, Umowa zlecenie",,,,,,NONE,,False,False,,,False,False,,,,False,,1760214918000,1760214918000,pl
pracownik-produkcji-z-udt-CID4-ID17I7s5,https://www.olx.pl/oferta/praca/pracownik-produkcji-z-udt-CID4-ID17I7s5.html,UNKNOWN,Pracownik produkcji z UDT,Kalisz,"Dla naszego Klienta- cenionej firmy produkcyjnej z Kalisza, której pasją jest tworzenie wysokiej jakości produktów, obecnie poszukujemy osób na stanowisko Operatora wózka widłowego. Jeśli posiadasz uprawnienia UDT i doświadczenie w pracy na magazynie lub produkcji — zapraszamy do aplikowania! Zakres obowiązków Obsługa wózka widłowego, Transport i składowanie materiałów oraz komponentów na terenie zakładu, Załadunek i rozładunek dostaw, Utrzymywanie porządku na produkcji i w magazynie, Współpraca z działem produkcji i logistyki. Poszukiwane kompetencje Uprawnienia do obsługi wózków widłowych (UDT warunek konieczny), Doświadczenie w pracy na podobnym stanowisku (min. 6 miesięcy), Gotowość do pracy w systemie 3-zmianowym, Sumienność, odpowiedzialność i umiejętność pracy zespołowej. Oferujemy Atrakcyjne wynagrodzenie dostosowane do Twojego doświadczenia i kwalifikacji. Pracę w zespole pełnym profesjonalistów, gdzie każdy przyczynia się do osiągnięcia wspólnych celów. Przyjazną atmosferę pracy i korzystne warunki zatrudnienia. Dostęp do nowoczesnych narzędzi i technologii, co umożliwi Ci rozwijanie umiejętności i zdobywanie nowych doświadczeń. Umowę o pracę, gwarantującą Ci stabilność zatrudnienia. Agencja nr 30867",1229,FULL_TIME,Umowa o pracę,Umowa o pracę,,,,,,NONE,,False,False,,,False,False,,,,False,,1760214920000,1760214920000,pl
hydraulik-niemcy-CID4-ID17EmO2,https://www.olx.pl/oferta/praca/hydraulik-niemcy-CID4-ID17EmO2.html,UNKNOWN,Hydraulik Niemcy,Sierakowice,"Zatrudnię Hydraulika do pracy w Niemczech Szukam samodzielnego Hydraulika (z wyuczonym zawodem montera instalacji sanitarnych, grzewczych) -Zapewniam zakwaterowanie, dojazdy ( woj. pomorskie - Kaszuby, Słupsk; woj. zachodniopomorskie - Koszalin, Szczecin oraz na trasie Tarnobrzeg-Kraków-Katowice). -zjazdy 3 tyg w Niemczech 1 tydz. w Polsce + 48**********79 Usługi Hydrauliczne Piotr Rejter",391,FULL_TIME,"Umowa o pracę, Samozatrudnienie","Umowa o pracę, Samozatrudnienie",,,,,,NONE,,False,False,,,False,False,,,,False,,1760214918000,1760214918000,pl
pracownik-magazynu-reczny-zaladunek-kontenerow-CID4-ID17u3YB,https://www.olx.pl/oferta/praca/pracownik-magazynu-reczny-zaladunek-kontenerow-CID4-ID17u3YB.html,UNKNOWN,Pracownik Magazynu - Ręczny Załadunek Kontenerów,"Warszawa, Targówek","Adecco jest światowym liderem branży doradztwa personalnego, usług i rozwiązań HR. Jest częścią The Adecco Group, obecnego w 60 krajach na całym świecie. Ma ponad 50 lat doświadczenia w branży rekrutacyjnej. W Polsce działa od 1994 roku. Od tego czasu zatrudniło setki tysięcy pracowników i otworzyło w naszym kraju ponad 45 biur. W bazie Adecco znajduje się ponad 350 tysięcy kandydatów. Adecco Poland Sp. z o.o. jest Agencją Zatrudnienia nr 364. Dla naszego klienta firmy z branży FMCG poszukujemy kandydatów na stanowisko: Pracownik magazynu - Ręczny Załadunek Kontenerów. Pracownik Magazynu - Ręczny Załadunek Kontenerów Profil kandydata: • Ręczny załadunek i rozładunek kontenerów, • Przestrzeganie BHP, • Przestrzeganie zasad i norm jakościowych. Zakres odpowiedzialności: • Prawo jazdy kategorii B (wymagane), • Odpowiedzialność, dokładność oraz rzetelność, • Gotowość do pracy fizycznej, • Dyspozycyjność do pracy w systemie 3-zmianowym od poniedziałku do piątku. Oferujemy: • Zatrudnienie na podstawie umowy o pracę tymczasową, • Praca od zaraz, • Karta lunch pass - zależna od stopnia zaangażowania w pracę, • Atrakcyjne wynagrodzenie, • Możliwości rozwoju w strukturach firmy dzięki szkoleniom podnoszącym kwalifikacje, • Wolne weekendy, • Benefity pozapłacowe (prywatna opieka medyczna, karta sportowa, ubezpieczenie na życie ), • Pracę w firmie o ugruntowanej pozycji na rynku. Szczegółowe informacje są dostępne w biurach Adecco.'",1444,FULL_TIME,Umowa o pracę,Umowa o pracę,,,,,,NONE,,False,False,,,False,False,,,,False,,1760214940000,1760214940000,pl
monter-instalacji-fotowoltaicznych-CID4-ID16tdOj,https://www.olx.pl/oferta/praca/monter-instalacji-fotowoltaicznych-CID4-ID16tdOj.html,UNKNOWN,Monter Instalacji Fotowoltaicznych,"Wrocław, Śródmieście","Jesteśmy firmą, która wierzy w czystą energię i nowoczesne technologie. Działamy z pasją i profesjonalizmem – i właśnie takiego Montera PV szukamy. Dołącz do zespołu i pracuj przy montażu instalacji fotowoltaicznych. Oferujemy atrakcyjne wynagrodzenie, stabilne zatrudnienie i możliwość długoterminowej współpracy. Poszukujemy pracowników z województwa wielkopolskiego, dolnośląskiego, łódzkiego. Zakres obowiązków: Montaż instalacji fotowoltaicznych u klientów indywidualnych i biznesowych. Praca na dachu oraz gruncie. Instalacja okablowania oraz pozostałych komponentów. Wykonywanie uziemienia. Inne prace budowlane związane z montażem instalacji fotowoltaicznycznych. Wymagania: Doświadczenie w montażu fotowoltaiki lub pokrewnych branżach. Brak przeciwskazań do pracy na wysokościach. Umiejętność obsługi podstawowych narzędzi, elektronarzędzi. Prawo jazdy kat. B. Chęci do pracy, sumienności, staranności i zaangażowania. Umiejętność pracy w zespole. Rzetelność i samodzielność w działaniu. Dyspozycyjność do pracy w ciągłej delegacji. To oferujemy Atrakcyjne wynagrodzenie uzależnione od ilości wykonanej pracy. Stabilne zatrudnienie w ramach współpracy b2b. Odzież BHP oraz wsparcie specjalistów na każdym etapie pracy. Niezbędne narzędzia do pracy. Miłą atmosferę w pracy wsparcie techniczne. W pełni wyposażonego busa. Praca od zaraz. Firma Nasz Prąd S.A. działa na rynku od 2019 roku, oferując kompleksowe usługi w zakresie projektowania, sprzedaży, montażu, doradztwa i serwisu instalacji fotowoltaicznych oraz pomp ciepła. Nieustannie się rozwijamy – doskonalimy nasz zespół, dzielimy się wiedzą i poszukujemy nowych rozwiązań, by jeszcze lepiej odpowiadać na potrzeby klientów. To właśnie dzięki rzetelności, zaangażowaniu i indywidualnemu podejściu zdobyliśmy ich zaufanie.",1788,FULL_TIME,Samozatrudnienie,Samozatrudnienie,,,,,,NONE,,False,False,,,False,False,,,,False,,1760214940000,1760214940000,pl
kierowca-dostawca-kat-b-CID4-ID17MBE3,https://www.olx.pl/oferta/praca/kierowca-dostawca-kat-b-CID4-ID17MBE3.html,UNKNOWN,"Kierowca, Dostawca kat. B",Karpin,Firma Łasuch zajmująca się wyrobami cukierniczymi i garmażeryjnymi poszukuje doświadczonego Kierowcy do swojego zespołu. Wymagania: - Prawo jazdy kategorii B - Doświadczenie w transporcie - Znajomość przepisów dotyczących transportu drogowego - Umiejętność pracy w zespole - Dokładność i zaangażowanie w powierzone obowiązki Obowiązki: - Dostarczanie wyrobów cukierniczych i garmażeryjnych do klientów zgodnie z ustalonymi trasami - Utrzymywanie pojazdu w czystości i sprawności technicznej - Współpraca z zespołem w celu zapewnienia terminowej i profesjonalnej obsługi klientów -Trasa powtarzana cyklicznie trzy razy w tygodniu Oferujemy: - Stabilne zatrudnienie w dynamicznie rozwijającej się firmie - Atrakcyjne wynagrodzenie i system premiowy - Możliwość rozwoju zawodowego i podnoszenia kwalifikacji,804,FULL_TIME,Umowa o pracę,Umowa o pracę,,,,,,NONE,,False,False,,,False,False,,,,False,,1760214960000,1760214960000,pl
doradca-klienta-serock-i-okolice-CID4-ID17H1iD,https://www.olx.pl/oferta/praca/doradca-klienta-serock-i-okolice-CID4-ID17H1iD.html,UNKNOWN,Doradca Klienta- Serock i okolice,Serock,"Jeśli: Chcesz zarabiać w sprzedaży i obsłudze klienta A do tego: ü Szukasz zajęcia, które pogodzisz z innymi aktywnościami ü Chcesz pomagać klientom w realizacji ich planów rola Doradcy/ Doradczyni Klienta jest właśnie dla Ciebie Mamy dla Ciebie : · Wynagrodzenie: Zależne od Twoich osiągnięć, z prowizją, premiami oraz bonusem zespołowym za realizację celów. · Programy wspierające Twoje zarobki w okresie wdrożenia · Najlepsze narzędzia: Tablet, telefon z bezpłatnym abonamentem oraz aplikacje ze wspierającą Cię zawsze aktualną wiedzą. · Elastyczne godziny współpracy: Elastyczne godziny współpracy: Możliwość dostosowania harmonogramu do Twoich potrzeb. · Sponsorowane Ubezpieczenie NNW: Zapewniamy dodatkowe zabezpieczenie. · Umowa cywilnoprawna: Z naszym wkładem w Twoją przyszłą emeryturę poprzez odprowadzanie składek do ZUS. Dodatkowo gwarantujemy: · Grupę klientów na start: Od razu po rozpoczęciu współpracy. · Kompleksowe wdrożenie pod opieką mentora · Szkolenia wdrożeniowe i rozwojowe: m.in. ze sprzedaży, komunikacji i kompetencji miękkich. · Bezpłatną Certyfikację OFWCA przy KNF: Umożliwi Ci to także sprzedaż ubezpieczeń indywidualnych Z nami zyskujesz przejrzystą ŚCIEŻKĘ ROZWOJU w tym możliwości awansu na rolę Doradcy Klienta Eksperta, a także na stanowisko Kierownika Rejonu. Zadania, które chcemy Ci powierzyć: · Sprzedaż produktów (m.in. pożyczki, karty kredytowe, ubezpieczenia). · Obsługa posprzedażowa i odbiór rat u klientów. · Budowanie i utrzymywanie relacji z klientami. · Pozyskiwanie klientów. Zainteresowała Cię ta propozycja? Wystarczy, że masz: · wykształcenie minimum średnie, · otwartość na współpracę z klientami w terenie, · gotowość do nabywania nowej wiedzy i umiejętności. · łatwość w nawiązywaniu kontaktów, a współpraca z ludźmi sprawia Ci przyjemność. Osoby zainteresowane ofertą prosimy o wypełnienie formularza zgłoszeniowego. APLIKUJ LINK Jeżeli jesteś zainteresowany/a pracą w innej lokalizacji, odwiedź naszą stronę lub zadzwoń na numer 600 400 380 Zainteresowała Cię ta propozycja? APLIKUJ",2041,PART_TIME,Umowa zlecenie,Umowa zlecenie,,,,,,NONE,,False,False,,,False,False,,,,False,,1760214961000,1760214961000,pl
praca-pracownik-magazynu-magazynier-CID4-ID17KUfh,https://www.olx.pl/oferta/praca/praca-pracownik-magazynu-magazynier-CID4-ID17KUfh.html,UNKNOWN,Praca - Pracownik Magazynu / Magazynier,Batkowo,"Serwis Pojazdów Szynowych Sp. z o. o. Sp. k. pracuje w dziedzinie naprawy/przeglądów pojazdów szynowych na terenie całej Polski. Aktualnie poszukujemy pracownika na stanowisko Magazyniera oddziału Inowrocław. Do obowiązków należeć będą: przyjmowanie towarów na magazyn i opisywanie faktur (pz), wydawanie towarów według zapotrzebowania (rw), kontrola stanów magazynowych, przesunięcia magazynowe i współpraca z pozostałymi oddziałami, praca z nowo powstałym systemem magazynowym, Oczekujemy: umiejętności pracy z komputerem, doświadczenia na podobnym stanowisku, chęci do nauki nowego systemu magazynowego, umiejętności dopasowania się do panujących standardów, otwartości, rzetelności i sumienności w powierzonych zadaniach. Oferujemy: zatrudnienie na podstawie umowy o pracę - na start umowa na okres próbny, darmowy Pakiet Medyczny dla Pracowników.",851,FULL_TIME,Umowa o pracę,Umowa o pracę,,,,,,NONE,,False,False,,,False,False,,,,False,,1760214980000,1760214980000,pl
szwaczki-krawcowe-3700pln-na-reke-CID4-ID17KMoC,https://www.olx.pl/oferta/praca/szwaczki-krawcowe-3700pln-na-reke-CID4-ID17KMoC.html,UNKNOWN,"szwaczki, krawcowe 3700pln na rękę",Biała Podlaska,"Firma produkcyjna zatrudni krawcowe, szwaczki z doświadczeniem. Praca jednozmianowa Obowiązki: Dbanie o porządek na stanowisku pracy. Szycie i krojenie elementów wg szablonu Prace pomocnicze przy produkcji. Przestrzeganie zasad BHP. Kontrola wizualna jakości produktu. Wymagania: Umiejętność pracy w zespole. Zaangażowanie i chęć do pracy. Sprawność fizyczna. Sumienność i dokładność. Punktualność Mile widziane doświadczenie na produkcji. Brak przeciwwskazań do pracy fizycznej. Zdolności manualne. Skrupulatność. Dyspozycyjność.",530,FULL_TIME,"Umowa o pracę, Umowa zlecenie","Umowa o pracę, Umowa zlecenie",,,,,,NONE,,False,False,,,False,False,,,,False,,1760214980000,1760214980000,pl
operator-maszyn-pracownik-produkcji-CID4-ID15JfNZ,https://www.olx.pl/oferta/praca/operator-maszyn-pracownik-produkcji-CID4-ID15JfNZ.html,UNKNOWN,Operator Maszyn / Pracownik Produkcji,Środa Śląska,"Poszukujemy pracowników do jednego z najnowocześniejszych zakładów produkcji katalizatorów BASF, który znajduje się w miejscowości Święte, pod Środą Śląską. Praca zmianowa: 2 zmiany Godziny pracy: 06:00-18:00, 18:00-06:00 System wynagrodzeń: stała podstawa wynagrodzenia + premia za wyniki + dodatek zmianowy Twój zakres obowiązków: Odpowiedzialność za optymalną pracę urządzeń, w tym prowadzenie kontroli procesu. Powlekanie katalizatorów zgodnie z przyjętymi normami. Ocena analiz laboratoryjnych oraz podejmowanie niezbędnych czynności w celu utrzymania jakości produktu. Prowadzenie bieżących rozliczeń w SAP. Odpowiedzialność za bezpieczeństwo w miejscu pracy. Współpraca z działem utrzymania ruchu w celu zapewnienia dostępności urządzeń produkcyjnych. Nasze wymagania: Wykształcenie podstawowe / średnie / zasadnicze zawodowe. Gotowość do pracy w trybie zmianowym, czterobrygadowym - 12h. Uprawnienia do obsługi wózków widłowych będą dodatkowym atutem. Podstawowa wiedza z zakresu obsługi komputera (Excel, Word). Dokładność w działaniu. Komunikatywność, umiejętność pracy w grupie. Mile widziane: Doświadczenie w pracy z maszynami produkcyjnymi (sterowanie / przezbrajanie). Doświadczenie w pracy w firmie produkcyjnej (np. kontrola jakości lub praca przy linii produkcyjnej). To oferujemy: Pracę w jednym z najnowocześniejszych zakładów produkcji katalizatorów w Europie. Opiekę medyczną LuxMed VIP, kartę lunchową, darmowy transport pracowniczy na określonych liniach (m.in.: Legnica, Lubin, Sobótka, Wrocław, Ścinawa). Dofinansowanie do ubezpieczenia na życie i karty MultiSport, a także Program Wsparcia Pracowników EAP (wsparcie psychologiczne, doradztwo w sprawach finansowych i prawnych). Kluby pracownicze (biegowy, górski, piłkarski i inne) oraz inicjatywy sportowe, wydarzenia integracyjne i dobroczynne. Dofinansowanie do wypoczynku, dodatkowe świadczenia socjalne oraz letnie półkolonie dla dzieci. Pełny pakiet benefitów znajdziesz na stronie: Zapraszamy do aplikowania - dołącz do naszego zespołu!",2019,FULL_TIME,Umowa o pracę,Umowa o pracę,,,,,,NONE,,False,False,,,False,False,,,,False,,1760215010000,1760215010000,pl
kierowca-kat-c-c-e-praca-na-miejscu-wywrotka-CID4-ID17LhtG,https://www.olx.pl/oferta/praca/kierowca-kat-c-c-e-praca-na-miejscu-wywrotka-CID4-ID17LhtG.html,UNKNOWN,"Kierowca kat. C, C+E - Praca na miejscu - Wywrotka",Gawłów,"Firma drogowa zatrudni kierowcę kat. C, C+E (wywrotka) , Praca na miejscu. Umowa o pracę. Pełne wynagrodzenie. tel. 78*****74",125,FULL_TIME,Umowa o pracę,Umowa o pracę,0.0,,,,,NONE,,False,False,,,False,False,,,,False,,1760215031000,1760215031000,pl
wsparcie-w-zespole-infrastruktury-energetycznej-pon-pt-CID4-ID17Aus4,https://www.olx.pl/oferta/praca/wsparcie-w-zespole-infrastruktury-energetycznej-pon-pt-CID4-ID17Aus4.html,UNKNOWN,Wsparcie w Zespole Infrastruktury Energetycznej (pon-pt),Bydgoszcz,"Kim jesteśmy? Jesteśmy nowoczesną fabryką o najwyższych standardach bezpieczeństwa i organizacji miejsca pracy, zapewniającą konkurencyjne wynagrodzenie i atrakcyjne benefity. Produkujemy mydła w płynie, balsamy do ciała, szampony, odżywki oraz kostki toaletowe. Dołącz do międzynarodowej firmy Unilever i twórz produkty, które zna cały świat: Dove, Rexona, Tresemme, Domestos! Czekamy na Ciebie! Cenimy sobie bardzo doświadczonych kandydatów, ale mamy też ofertę także dla osób bezpośrednio po szkole - w ich przypadku ważne są praktyki, staże, wiedza, zainteresowania techniczne i chęć nauki zawodu. Lokalizacja: Bydgoszcz, Okole, ul. Kraszewskiego 20 Wsparcie w Zespole Infrastruktury Energetycznej (Utrzymanie Ruchu) Co będziesz robić? · Wspierać obsługę i konserwację systemów: wentylacji, klimatyzacji, sprężonego powietrza, kotłowni i ppoż. · Wykonywać drobne naprawy i czynności konserwacyjne (np. czyszczenie filtrów, uszczelnienia, sprawdzanie ciśnienia). · Monitorować parametry pracy instalacji (temperatura, ciśnienie, zużycie energii). · Przygotowywać narzędzia i materiały, transportować elementy w obrębie zakładu. · Zgłaszać awarie i wspierać ich usuwanie pod okiem doświadczonego specjalisty. · Przestrzegać zasad BHP i procedur bezpieczeństwa. Kogo szukamy? · Absolwenta/tkę technikum lub zasadniczej szkoły zawodowej (mechanika, elektryka, energetyka, instalacje sanitarne). · Osoby, która ma za sobą praktyki zawodowe albo zdobyła już pierwsze doświadczenia w pracy technicznej (np. pomocnik mechanika, utrzymanie ruchu). · Mile widziane uprawnienia SEP do 1kV, obsługa kotłów, podnośniki – jeśli ich nie masz, pomożemy Ci je zdobyć! · Kogoś, kto jest odpowiedzialny, komunikatywny, gotowy do pracy fizycznej (praca może wymagać wysiłku fizycznego, pracy na wysokościach lub w warunkach przemysłowych) i zespołowej. Co oferujemy? · Pracę od poniedziałku do piątku (sporadycznie w sobotę), godz. 6:00-14:00 · Stabilne zatrudnienie i realne możliwości rozwoju · Wsparcie doświadczonego mechanika oraz Specjalisty ds. Energetycznych. · Możliwość zdobycia uprawnień technicznych. · Atrakcyjne wynagrodzenie (podstawa brutto + premia kwartalna) rosnące wraz z doświadczeniem pracownika · Cały pakiet benefitów Unilever (karta multisport, prywatna opieka medyczna, program emerytalny, ubezpieczenie na życie, sklepik firmowy, dofinansowanie do wakacji i inne) Brzmi ciekawie? Nie musisz mieć wieloletniego doświadczenia – wystarczy chęć do nauki i podstawowe umiejętności techniczne. Wyślij swoje CV i dołącz do zespołu, który zasila naszą fabrykę!",2563,FULL_TIME,Umowa o pracę,Umowa o pracę,,,,,,NONE,,False,False,,,False,False,,,,False,,1760215053000,1760215053000,pl
kierowca-c-e-codziennie-w-domu-praca-calym-rokiem-wywrotka-CID4-ID17KVRh,https://www.olx.pl/oferta/praca/kierowca-c-e-codziennie-w-domu-praca-calym-rokiem-wywrotka-CID4-ID17KVRh.html,UNKNOWN,Kierowca C+E Codziennie w domu. Praca całym rokiem. Wywrotka,Wyszogród,"Zatrudnię kierowcę C+E Na wywrotkę . Praca przy transporcie zboża. Co dziennie te same trasy. Zadbany tabor. Praca w małej rodzinnej firmie. Atrakcyjne zarobki. Wymagane doświadczenie, Najlepiej z okolic Wyszogrodu. Lub skoczek na weekendy",239,FULL_TIME,Umowa o pracę,Umowa o pracę,1.0,,,,,NONE,,False,False,,,False,False,,,,False,,1760215073000,1760215073000,pl
monter-rozdzielnic-elektromonter-CID4-ID17Ns3k,https://www.olx.pl/oferta/praca/monter-rozdzielnic-elektromonter-CID4-ID17Ns3k.html,UNKNOWN,Monter rozdzielnic / Elektromonter,Bielsko-Biała,"Firma ""INCOBEX"" Sp. z o.o. specjalizująca się w prefabrykacji rozdzielni elektrycznych niskiego napięcia oraz produkcji obudów z tworzyw poliestrowych. Obecnie do swojego zespołu poszukujemy osób na stanowisko: Monter rozdzielnic / elektromonter Miejsce pracy: Bielsko-Biała, ul. Grażyńskiego 71 System pracy: dwuzmianowy Zakres obowiązków: montaż rozdzielić według dokumentach technicznej Wymagania: wykształcenie zawodowe lub średnie, kierunek elektryczny, mile widziane doświadczenie w pracy przy montażu rozdzielni elektrycznych nn, umiejętność pracy na podstawie dokumentacji technicznej umiejętność pracy w zespole, Praktyczna umiejętność korzystania z dokumentacji urządzeń (czytanie rysunku technicznego/schematów elektrycznych) Oferujemy: pracę w firmie o ugruntowanej pozycji na rynku i stabilizację zawodową, motywacyjny i zadaniowy system wynagrodzeń możliwość rozwoju zawodowego, Atrakcyjne wynagrodzenie w zależności od umiejętności Możliwość przyuczenia W celu zapoznania się z profilem działalności firmy zapraszamy na stronę Osoby zainteresowane prosimy o przesyłanie CV. Informujemy, że skontaktujemy się tylko z wybranymi kandydatami. W CV proszę zawrzeć klauzulę: „Wyrażam zgodę na przetworzenie moich danych osobowych dla potrzeb procesu rekrutacji zgodnie z ustawą z dnia 29 sierpnia 1997 r. o ochronie danych osobowych (tekst jednolity: Dz. U. z 2002 r . Nr. 101., poz. 926. ze zmianami)”. Dane, zawarte w CV, będą przechowywane do momentu zamknięcia procesu rekrutacyjnego. Po tym czasie zostaną trwale usunięte z bazy INCOBEX SP. Z O.O.",1561,FULL_TIME,"Umowa o pracę, Umowa zlecenie","Umowa o pracę, Umowa zlecenie",,,,,,NONE,,False,False,,,False,False,,,,False,,1760215094000,1760215094000,pl
automatyk-utrzymania-ruchu-CID4-ID17KPEA,https://www.olx.pl/oferta/praca/automatyk-utrzymania-ruchu-CID4-ID17KPEA.html,UNKNOWN,Automatyk Utrzymania Ruchu,"Łódź, Górna","Twój zakres obowiązków zapewnienie prawidłowej pracy maszyn i urządzeń produkcyjnych udział w uruchamianiu oraz optymalizacji pracy maszyn i urządzeń wykonywanie napraw urządzeń (wtryskarki, zgrzewarki, roboty, zautomatyzowane cele produkcyjne) oraz usuwanie bieżących awarii prowadzenie regularnych przeglądów i prac konserwacyjnych dbanie o należyte zabezpieczenie źródeł oraz kopii oprogramowania sterującego maszyn i urządzeń, parametrów ich ustawień oraz dokumentacji w formie papierowej i elektronicznej Nasze wymagania min. dwuletnie doświadczenie w pracy dziale Utrzymania Ruchu na podobnym stanowisku doświadczenie w pracy z maszynami do przetwórstwa tworzyw sztucznych, umiejętność programowania robotów Krauss Maffei oraz Wittmann wiedza z zakresu programowania i diagnostyki sterowników Siemens oraz automatyki przemysłowej znajomość środowiska programistycznego TIA Portal oraz ogólna wiedza z zakresu sieci przemysłowych i informatycznych znajomość mechanizmów automatyki przemysłowej – sterowniki PLC, czujniki, falowniki, serwonapędy gotowość do pracy 3 - zmianowej uprawnienia SEP do 1 kV umiejętność współpracy w zespole umiejętność diagnozowania i rozwiązywania problemów To oferujemy stabilne zatrudnienie na podstawie umowy o pracę premię miesięczną i za dodatkowe kwalifikacje premię roczną (uzależnioną od wyniku finansowego firmy) możliwość poznania nowoczesnych i innowacyjnych technologii możliwość rozwoju zawodowego oraz uczestniczenia w szkoleniach zewnętrznych i wewnętrznych w ramach Wirthwein Academy rozbudowany pakiet benefitów, w tym: prywatna opieka medyczna dla pracownika i członków rodziny (liczni lekarze specjaliści, badania itp.), grupowe ubezpieczenie na życie, dofinansowanie do karty sportowej, darmowe kursy językowe itp. świadczenia w ramach Zakładowego Funduszu Świadczeń Socjalnych (np. dofinansowanie do wypoczynku pracownika i dzieci pracownika, bony pieniężne na Święta) program poleceń pracowniczych gruntowne wdrożenie stanowiskowe poczucie współpracy i przyjazną atmosferę w zgranym zespole Jesteśmy nowoczesnym przedsiębiorstwem z branży przetwórstwa tworzyw sztucznych oraz budowy form wtryskowych. Posiadamy ugruntowaną pozycję na rynku z uwagi na 25-letnie doświadczenie. Do grona naszych odbiorców należą międzynarodowe firmy z branży AGD, motoryzacyjnej, elektro, kolejowej oraz techniki medycznej, które cieszą się uznaniem wśród konsumentów. Aktualnie grupa przedsiębiorstw Wirthwein posiada 21 zakładów w Europie, Azji i USA. Zatrudniamy ok. 3.000 pracowników na całym świecie. Aplikuj i dołącz do naszego zespołu już dziś!",2587,FULL_TIME,Umowa o pracę,Umowa o pracę,,,,,,NONE,,False,False,,,False,False,,,,False,,1760215136000,1760215136000,pl
h-m-praca-doradca-doradczyni-sprzedazy-zamosc-CID4-ID17NjWX,https://www.olx.pl/oferta/praca/h-m-praca-doradca-doradczyni-sprzedazy-zamosc-CID4-ID17NjWX.html,UNKNOWN,"H&M, Praca, Doradca/Doradczyni Sprzedaży, Zamość",Zamość,"JAKIE BĘDĄ TWOJE OBOWIĄZKI Jako Doradca/Doradczyni Sprzedaży będziesz odgrywać kluczową rolę w zapewnianiu klientom wyjątkowych doświadczeń podczas zakupów. Będziesz wspierać klientów podczas wizyty w sklepie i pomagać w znalezieniu odpowiednich produktów, prezentując naszą ofertę. Dzięki pracy zgodnej z naszymi wartościami przyczynisz się zarówno do własnego sukcesu, jak i sukcesu firmy. Twoje zadania będą obejmować: Dzielenie się wiedzą na temat mody i produktów oraz wspieranie klientów w podejmowaniu najlepszych decyzji. Współpracę z zespołem w celu zapewniania wyjątkowej obsługi na każdym etapie wizyty klienta w sklepie. Dbanie o odpowiedni stan produktów oraz porządek na sali sprzedaży. Pomoc podczas otwierania i zamykania sklepu. Budowanie pozytywnego wizerunku marki podczas interakcji z klientami. Aktywne promowanie programu lojalnościowego – tak, by zakupy były dla klientów nie tylko przyjemnością, ale też korzyścią. Z KIM BĘDZIESZ WSPÓŁPRACOWAĆ Nasze sklepy stanowią fundament firmy — to właśnie w nich klienci bezpośrednio doświadczają naszej marki. Jako część dynamicznego zespołu sklepowego, każde stanowisko — od doradców/doradczyń sprzedaży, przez kierowników/kierowniczki działów i sklepów, po dekoratorów/dekoratorki i kontrolerów/-ki administracyjno-kasowych/-e — przyczynia się do tworzenia inspirującej i przyjaznej atmosfery. Współpracując z innymi sklepami oraz zespołem regionalnym, będziesz dzielić się spostrzeżeniami i osiągać wspólne sukcesy. Wraz z członkami swojego zespołu będziesz pełnić kluczową rolę, pomagając klientom czuć się pewnie i wyrażać swoją indywidualność dzięki najnowszym trendom i ponadczasowym fasonom. Budując relacje z klientami, sprawiamy, że moda staje się dostępna i zrównoważona dla każdego. ​KIM JEST DORADCA/DORADCZYNI SPRZEDAŻY Szukamy osób, które... Lubią pomagać innym, interesują się modą lub handlem detalicznym – wszystkiego innego Cię nauczymy! Doświadczenie w obsłudze klienta np. w branży modowej, detalicznej lub pokrewnej, będzie mile widziane, ale nie jest konieczne. Oraz osób, które…​ Chcą rozwijać się w dynamicznych i zróżnicowanych zespołach, gdzie podstawę stanowi współpraca. Są komunikatywne, kreatywne, ciekawe pracy z nowymi technologiami w sklepach, zmotywowane do nauki i rozwoju. Są elastyczne i nastawione na działanie. Swobodnie komunikują się w języku polskim, także w kontaktach z klientami i zespołem. KIM JESTEŚMY​ ​Grupa H&M to globalna firma, która łączy silne marki modowe. Naszym celem jest pokazanie, że wyjątkowy design, przystępne ceny i zrównoważone rozwiązania mogą iść w parze. Chcemy, by moda była dostępna dla jak najszerszej grupy osób, dlatego nasi klienci stoją w centrum każdej decyzji, którą podejmujemy. Wspieramy rozwój tysięcy współpracowników pełnych pasji i talentów, których łączy wspólna kultura i wartości. Razem chcemy wykorzystać naszą siłę, zasoby i wiedzę, aby kształtować bardziej inkluzywną i zrównoważoną przyszłość branży modowej. DLACZEGO POKOCHASZ PRACĘ Z NAMI W Grupie H&M jesteśmy dumni z tego, że tworzymy otwarte i pełne energii miejsce pracy. Oferujemy naszym pracownikom atrakcyjne świadczenia oraz szerokie możliwości rozwoju na całym świecie. 25% zniżki dla Ciebie i jednej bliskiej Ci osoby, na zakupy we wszystkich markach Grupy H&M, zarówno w sklepach stacjonarnych, jak i online (H&M, COS, Weekday, Monki, H&M HOME, & Other Stories i ARKET). Program motywacyjny H&M — HIP. Umowa o pracę. Program szkoleń wstępnych i rozwojowych. Okazjonalne kupony i bonusy w ciągu roku. Bonusy za polecenie nowych pracowników. Dostęp do platformy MyBenefit. Dopłata do karnetów sportowych. Dopłata do ubezpieczenia na życie i prywatnej opieki medycznej. DOŁĄCZ DO NAS ​Nasza wyjątkowość wynika z połączenia wielu czynników — inkluzywnej kultury opartej na współpracy, silnych wartościach i możliwościach rozwoju. Jednak to przede wszystkim nasi pracownicy tworzą tożsamość Grupy H&M. Oferujemy pracę w niepełnym wymiarze godzin. Aplikuj, przesyłając swoje CV tak szybko, jak to możliwe. Zrób z nami kolejny krok w swojej karierze. Twoja podróż zaczyna się tutaj.​ * Test Online Aby skutecznie zarządzać dużą liczbą aplikacji na stanowisko doradcy/doradczyni sprzedaży, w procesie rekrutacyjnym korzystamy z testu online. Oznacza to, że zostaniesz poproszony/-a o jego wykonanie w ramach procesu selekcji aplikacji i oceny umiejętności kandydata. Twoje odpowiedzi zostaną przeanalizowane za pomocą narzędzia, wykorzystującego kryteria ustalone wcześniej przez Grupę H&M. Po ukończeniu testu będziesz mieć możliwość podzielenia się swoją opinią na jego temat. Aby uzyskać więcej informacji na temat sposobu przetwarzania Twoich danych osobowych, zapoznaj się z naszą Polityką Prywatności. ** Dążymy do tego, aby proces rekrutacji był uczciwy, sprawiedliwy i oparty na kompetencjach. Dlatego też uprzejmie prosimy o niezałączanie listu motywacyjnego do swojej aplikacji.",4898,PART_TIME,Umowa o pracę,Umowa o pracę,,,,,,NONE,,False,False,,,False,False,,,,False,,1760215136000,1760215136000,pl
magazynier-magazynierka-CID4-ID17Few1,https://www.olx.pl/oferta/praca/magazynier-magazynierka-CID4-ID17Few1.html,UNKNOWN,Magazynier/Magazynierka,Płońsk,"ILS Sp. z o.o. operator logistyczny z grupy kapitałowej Inter Cars S.A. w związku z dynamicznym rozwojem poszukuje kandydatek/kandydatów do pracy w Europejskim Centrum Logistyki i Rozwoju w Zakroczymiu na stanowisko: Magazynier/Magazynierka Jakie będą Twoje zadania? • Realizacja przyjęcia towaru do magazynu • Kompletacja zamówień • Sortowanie i pakowanie towaru • Obsługa wydania towaru Czego od Ciebie oczekujemy? • Zaangażowania i chęci do pracy • Sumienności i dokładności w wykonywaniu obowiązków • Gotowości i zdolności do pracy w trybie trzyzmianowym • Przestrzegania zasad i wewnętrznych regulaminów pracy Co możemy Ci zaoferować? • Wynagrodzenie wypłacane regularnie i terminowo • Stabilne zatrudnienie w oparciu o umowę o pracę na pełen etat • Bogaty pakiety socjalny (m.in. Powsińska 64, 02-903 Warszawa, tel. 801 80 20 20, sekretariat[]intercars.eu. Podanie danych jest dobrowolne i jest warunkiem wzięcia udziału w procesie rekrutacyjnym, a ich niepodanie uniemożliwi wzięcie w nim udziału. Odbiorcami Pani/Pana danych osobowych mogą być podmioty świadczące na rzecz administratora usługi niezbędne do realizacji celów przetwarzania, w tym np. dostawcy systemów informatycznych i usług IT, podmioty świadczące usługi prawne, doradcze, audytowe, bezpieczeństwa, przeciwdziałania nadużyciom, wspierające administratora w prowadzeniu rekrutacji, banki, firmy świadczące usługi kurierskie i przewozowe, Poczta Polska, podmioty z Grupy Kapitałowej Inter Cars, a ponadto organy państwa i inne podmioty uprawnione do przetwarzania danych na podstawie przepisów prawa powszechnie obowiązującego. Pani/Pana dane osobowe będą co do zasady przetwarzane na terenie Europejskiego Obszaru Gospodarczego (EOG). Administrator może jednak wyjątkowo przekazywać dane partnerom przetwarzającym je poza EOG, ale tylko w zakresie niezbędnym, związanym z świadczeniem usług na rzecz administratora przez tych partnerów. Administrator zapewnia wówczas odpowiednie zabezpieczenia danych, w szczególności przez transfer do krajów, co do których Komisja Europejska (KE) wydała decyzję stwierdzającą adekwatny stopień ochrony lub stosowanie standardowych klauzul ochrony danych przyjętych na mocy decyzji KE. Dane będą przechowywane do czasu zakończenia procesu rekrutacyjnego, przez okres niezbędny do realizacji pozostałych, wyżej wskazanych celów, do czasu wycofania udzielonej zgody - w przypadku przetwarza danych na tej podstawie lub wniesienia sprzeciwu - w przypadku przetwarzania danych na podstawie uzasadnionego interesu administratora. W przypadku wyrażenia zgody na Pani/Pana udział w przyszłych rekrutacjach dane osobowe będą przechowywane przez okres nie dłuższy niż 2 lata. Każdej osobie przysługuje prawo do żądania dostępu do swoich danych osobowych, w tym uzyskania ich kopii, sprostowania, usunięcia, ograniczenia przetwarzania oraz przenoszenia danych, prawo do wniesienia sprzeciwu wobec przetwarzania danych, wniesienia skargi do organu nadzorczego oraz cofnięcia zgody w dowolnym momencie bez wpływu na zgodność z prawem przetwarzania, którego dokonano na podstawie zgody przed jej cofnięciem - na zasadach i w przypadkach przewidzianych przez przepisy prawa. Pani/Pana dane osobowe nie podlegają zautomatyzowanemu podejmowaniu decyzji, w tym profilowaniu. Informacja dot. Osoba aplikująca na dane stanowisko ma możliwość zapoznania się z Procedurą zgłoszeń wewnętrznych Grupy Kapitałowej Inter Cars pod linkiem. Aplikując na stanowisko potwierdzam, że zostałem/zostałam poinformowany/a o takiej możliwości.",3518,FULL_TIME,Umowa o pracę,Umowa o pracę,,,,,,NONE,,False,False,,,False,False,,,,False,,1760215251000,1760215251000,pl
rtv-euro-agd-dostawca-olsztyn-CID4-ID17jAQ4,https://www.olx.pl/oferta/praca/rtv-euro-agd-dostawca-olsztyn-CID4-ID17jAQ4.html,UNKNOWN,"RTV EURO AGD - Dostawca, Olsztyn",Olsztyn,"DOSTAWCA Ruszamy razem? Dołącz do #teamEURO! Zadbaj o transport i dostawy do naszych klientów. Jako DOSTAWCA zajmij się: · realizacją harmonogramu dostaw sprzętu AGD i RTV (rozładunek / załadunek), · profesjonalną obsługą klienta z zachowaniem wysokich standardów jakości, · troską o stan techniczny powierzonego sprzętu na czas transportu i dostawy (kontrola jakościowa i ilościowa). W pracy przyda Ci się: · wysoka kultura osobista, rzetelność i zaangażowanie, · gotowość do pracy fizycznej w ramach 10 lub 12-godzinnego dnia pracy, · a jeśli dodatkowo posiadasz prawo jazdy i doświadczenie w prowadzeniu samochodów dostawczych – witaj w EURO J Zyskaj: · stabilne i pewne zatrudnienie w oparciu o umowę o pracę bez okresu próbnego, · dwuskładnikowe wynagrodzenie: pensja zasadnicza + premia za wyniki, · nagrodę finansową za najlepsze wyniki – co roku najlepsi otrzymują nagrodę finansową za osiąganie najlepszych wyników, · pakiet benefitów (opieka medyczna za 1 zł, karta MultiSport, ubezpieczenie na życie, uczestnictwo w klubach sportowych i wiele innych), · pracę, w której każdy dzień jest inny, a dobra atmosfera to fakt– jesteśmy bardzo zgranym teamem, sam się o tym przekonasz, · program wdrożenia, który ułatwi Ci osiąganie wymarzonych wyników, · pracę 4 dni w tygodniu – abyś miał czas dla siebie i dla swojej rodziny, · bardzo atrakcyjną nagrodę finansową za polecanie do pracy znajomych. Każdy powód jest dobry, aby zaaplikować i dołączyć do #teamEURO! APLIKUJ",1475,FULL_TIME,Umowa o pracę,Umowa o pracę,,,,,,NONE,,False,False,,,False,False,,,,False,,1760215252000,1760215252000,pl
zatrudnie-pracownikow-budowlanych-CID4-ID15P4R5,https://www.olx.pl/oferta/praca/zatrudnie-pracownikow-budowlanych-CID4-ID15P4R5.html,UNKNOWN,zatrudnię pracowników budowlanych,Grudziądz,"zatrudnię cieśli szalunkowych, zbrojarzy oraz pracowników budowlanych, praca w delegacji - Płońsk (woj. mazowieckie) - zjazd do Grudziądza co 2 tygodnie",152,FULL_TIME,Umowa o pracę,Umowa o pracę,,,,,,NONE,,False,False,,,False,False,,,,False,,1760215293000,1760215293000,pl
kurier-kierowca-gls-zielona-gora-CID4-IDV0otB,https://www.olx.pl/oferta/praca/kurier-kierowca-gls-zielona-gora-CID4-IDV0otB.html,UNKNOWN,Kurier/Kierowca | GLS | Zielona Góra,Zielona Góra,"W GLS Poland uważamy, że każda paczka to niepowtarzalna historia. Twórz ją razem z nami jako: KURIER/KIEROWCA i dostarczaj przesyłki do naszych zadowolonych Klientów. Nie musisz mieć doświadczenia w branży kurierskiej – wszystkiego Cię nauczymy. Lokalizacja GLS: Zielona Góra Dlaczego warto z nami współpracować? napędza nas rozwój, dlatego oferujemy wdrożenie na starcie oraz możliwość stałej współpracy, również w strukturach GLS z nami się nie zajedziesz – wiemy, że nie samą pracą człowiek żyje, dlatego szanujemy Twój czas prywatny, a weekendy spędzamy w domu stawiamy na ludzi i relacje (z maszyną nie pogadasz :) ) z nami wrzucisz szósty bieg - gwarantujemy stałość zleceń oraz jasno określone zasady współpracy motywujemy i doceniamy – zgarniaj nagrody w konkursie „Super Kurier” i świętuj z nami dzień Kuriera oraz jubileusze Z NAMI KURIERKA ROBI SIĘ PRZYJEMNA! Aplikuj i dołącz do naszej Paczki! 3,2,1… Start!",919,FULL_TIME,Umowa o pracę,Umowa o pracę,1.0,,,,,NONE,,False,False,,,False,False,,,,False,,1760215313000,1760215313000,pl
kierowca-miedzynarodowy-c-ebaza-skoczow-it-ch-de-3-1-lub-weekedy-CID4-ID17MFoy,https://www.olx.pl/oferta/praca/kierowca-miedzynarodowy-c-ebaza-skoczow-it-ch-de-3-1-lub-weekedy-CID4-ID17MFoy.html,UNKNOWN,Kierowca międzynarodowy C+E–baza Skoczów / IT CH DE 3/1 lub Weekedy,Skoczów,"Firma transportowa zatrudni kierowcę kat. C+E na trasy międzynarodowe. Jeździmy zestawami z naczepami typu MEGA. Wymagania: Doświadczenie w transporcie międzynarodowym Prawo jazdy kat. C+E z ważnym kodem 95 Aktualne badania lekarskie i psychologiczne Zaświadczenie o niekaralności Oferujemy: Nowoczesną flotę: Renault Gama T Evo oraz MAN TGX (średni wiek pojazdów to 3 lata) Przypisanie pojazdu do kierowcy Klimatyzację postojową w każdym aucie Możliwość pracy w systemie 3/1 lub trybie weekendy w domu Ubezpieczenie grupowe Dostęp do refundowanej prywatnej opieki medycznej w PZU Terminowe wynagrodzenie zgodne z pakietem mobilności Obsługiwane kierunki: Niemcy, Włochy, Austria, Szwajcaria, Francja, Węgry Zainteresowane osoby prosimy o kontakt. Gwarantujemy stabilne warunki pracy i dobrą atmosferę w zespole.",812,FULL_TIME,Umowa o pracę,Umowa o pracę,1.0,,,,,NONE,,False,False,,,False,False,,,,False,,1760215406000,1760215406000,pl
pracownik-fizyczny-do-robot-drogowych-CID4-ID15qGJq,https://www.olx.pl/oferta/praca/pracownik-fizyczny-do-robot-drogowych-CID4-ID15qGJq.html,UNKNOWN,Pracownik fizyczny do robót drogowych,Bielsko-Biała,"Firma drogowa zatrudni pracownika do robót drogowych - prace przy malowaniu dróg, oznakowaniu dróg, montaż barier. Praca w dzień jak i w nocy, w zależności od zapotrzebowania głównie na terenie województwa śląskiego. Zdarzają się również tygodniowe delegacje. Warunek konieczny to prawo jazdy kategorii B. Więcej informacji pod numerem telefonu 50*******81, w razie nie odbierania proszę o SMS.",394,FULL_TIME,Umowa o pracę,Umowa o pracę,,,,,,NONE,,False,False,,,False,False,,,,False,,1760215448000,1760215448000,pl
firma-roka-osoba-do-utrzymania-czystosci-praca-weekendowa-CID4-ID17KQ7Q,https://www.olx.pl/oferta/praca/firma-roka-osoba-do-utrzymania-czystosci-praca-weekendowa-CID4-ID17KQ7Q.html,UNKNOWN,FIRMA ROKA- Osoba do utrzymania czystości- praca weekendowa,"Police, Jasienica","Grupa firm ROKA zatrudni osobę do utrzymania czystości miejsce pracy- Police praca w weekendy- sobota w godzinach 8 - 18, niedziela 10 - 16 Poszukujemy osób do: utrzymania czystości szaletów miejskich oferta skierowana do osób z orzeczeniem o niepełnosprawności Co oferujemy: gwarantujemy stabilne zatrudnienie na podstawie umowy o pracę praca na wyznaczonym obiekcie wraz z przeszkoleniem w zakresie sprzątania stały kontakt z brygadzistą lub koordynatorem czytelne i uczciwe zasady zatrudnienia dla osób z niepełnosprawnością oferujemy pomoc z Zakładowego Funduszu Rehabilitacji Osób Niepełnosprawnych Zainteresowane osoby prosimy o kontakt telefoniczny od poniedziałku do piątku w godzinach 8-16.",699,PART_TIME,Umowa o pracę,Umowa o pracę,,,,,,NONE,,False,False,,,False,False,,,,False,,1760215469000,1760215469000,pl
dolacz-do-kuchennego-zespolu-pimiento-shop-and-bistro-CID4-ID15xB5D,https://www.olx.pl/oferta/praca/dolacz-do-kuchennego-zespolu-pimiento-shop-and-bistro-CID4-ID15xB5D.html,UNKNOWN,Dołącz do kuchennego zespołu Pimiento Shop and Bistro,"Kraków, Stare Miasto","Pimiento Shop and Bistro to najmłodszy koncept w rodzinie Pimiento, która od 20 lat z otwartymi rękami wita Gości w swoich restauracjach. W naszym posiadaniu jest też restauracja dostrzeżona przez Michelin- Nami Beef and Reef. Pimiento Shop and Bistro to mięsny świat, w którym łączymy butcher shop i bistro z pięcioma stolikami. Pracę zaczynamy o 8:00, kończymy około 20:00- z wyjątkiem niedziel, w te pracujemy do 15:00. Bierzemy udział w Art & Food Bazar, bo lubimy pobawić się czasami w street food. Szukamy osób, które nie boją pracować się w otwartej przestrzeni. Osoby pracujące na kuchni odpowiadają również za ladę. To jednak nic strasznego! Mamy zgrany zespół, który wspiera się w swoich obowiązkach. W naszym menu Goście znajdują śniadania, lunche i steki z lady- a w Pimiento możemy pochwalić się nie lada stekami: steki z wołowiny Wagyu wliczając w to wołowinę Kobe; steki z Argentyny, steki z Hiszpanii, steki w postaci ciekawych cięć. W Pimiento lubimy zapominać o tym, że czegoś się nie da. Lubimy szukać rozwiązań i indywidualnego podejścia. Wierzymy, że diabeł tkwi w szczegółach. Jeśli powyższy opis zaciekawił Cię, myślimy, że warto do nas napisać. Nie szukamy kolejnego pracownika; szukamy tego szczególnego współpracownika. Na rozmowie rekrutacyjnej opowiemy szczegóły i odpowiemy na Twoje pytania.",1320,FULL_TIME,Umowa o pracę,Umowa o pracę,,,,,,NONE,,False,False,,,False,False,,,,False,,1760215510000,1760215510000,pl
doradczyni-doradca-klientow-indywidualnych-pko-bp-lidzbark-warminski-CID4-ID17KJpb,https://www.olx.pl/oferta/praca/doradczyni-doradca-klientow-indywidualnych-pko-bp-lidzbark-warminski-CID4-ID17KJpb.html,UNKNOWN,Doradczyni/Doradca klientów indywidualnych/PKO BP/Lidzbark Warmiński,Lidzbark Warmiński,"Na co dzień w naszym zespole: · aktywnie sprzedajesz i promujesz produkty PKO Bank Polski oraz usługi Grupy Kapitałowej naszego banku, · realizujesz transakcje bezgotówkowe i/lub gotówkowe, · wspierasz klientów w korzystaniu z nowoczesnych narzędzi oraz bankowości internetowej i mobilnej, · budujesz i utrzymujesz długotrwałe relacje z klientami, · zapewniasz klientom profesjonalną obsługę na każdym etapie swojej pracy. To stanowisko może być Twoje, jeśli: · masz doświadczenie w sprzedaży bezpośredniej, telefonicznej lub obsłudze klienta, · angażujesz się w swoją pracę i dążysz do realizacji celów, · cechuje Cię otwartość na zmiany, samodzielność i komunikatywność, · potrafisz pracować zarówno indywidualnie, jak i w zespole, · masz wykształcenie średnie lub wyższe. Dodatkowo docenimy, jeśli: · masz doświadczenie w sprzedaży w sektorze finansowym. Dołączając do nas otrzymasz: · umowę o pracę, · stałe wynagrodzenie oraz premię, · atrakcyjny pakiet benefitów w tym kartę Multisport, · prywatną opiekę zdrowotną i Pracowniczy Program Emerytalny, · szkolenia przygotowujące do realizacji zadań, · opiekuna, który sprawnie i skutecznie przeprowadzi Cię przez proces adaptacji, · możliwość rozwoju zawodowego i szansę na awans w ramach struktury Banku.",1258,FULL_TIME,Umowa o pracę,Umowa o pracę,,,,,,NONE,,False,False,,,False,False,,,,False,,1760215509000,1760215509000,pl
pracownik-terminalu-operator-wozka-widlowego-CID4-ID17Lz3z,https://www.olx.pl/oferta/praca/pracownik-terminalu-operator-wozka-widlowego-CID4-ID17Lz3z.html,UNKNOWN,Pracownik terminalu (Operator wózka widłowego),Toruń,"W DB Schenker staniesz się częścią wielkiej, logistycznej sieci, która łączy globalne rynki. Wpraw w ruch swoją karierę i odkryj nieskończone możliwości kształtując przyszłość już dziś. Razem z ponad 78 000 pracownikami na całym świecie, cenimy różnorodność i czerpiemy z indywidualnych doświadczeń, pomysłów i umiejętności. Jako zintegrowany zespół możemy realnie wpływać na rzeczywistość. Zakres zadań: Rozładunek aut, Skanowanie przesyłek z użyciem mobilnych urządzeń, Pomiarowanie przesyłek przy użyciu najnowszych technologii, Sortowanie przesyłek, Załadunek aut. Oczekiwania: Uprawnienia UDT, Doświadczenie w pracy z wykorzystaniem wózka widłowego, Gotowość do pracy w systemie zmianowym, Staranność i dbałość o przepisy BHP dla bezpieczeństwa twojego, całego naszego zespołu i towaru, który powierzają nam klienci. Mile widziane: Asertywność, Rzeczowa komunikacja, Umiejętność posługiwania się urządzeniami mobilnymi. Nasza oferta: Umowa o pracę (wynagrodzenie podstawowe + premia miesięczna), Miejsce pracy: ul. Przelot 74, 87-100 Toruń, Możliwość rozwoju poprzez udział w projektach, szkoleniach i wymianę doświadczeń, Możliwość udziału w inicjatywach pracowniczych (wolontariat), Możliwość korzystania z ZFŚS, Dodatkowe środki do wykorzystania na platformie benefitowej raz w miesiącu, Możliwość dofinansowania nauki – kursy doszkalające, językowe czy studia, Dofinansowanie do prywatnej opieki medycznej oraz karty Multisport, Ubezpieczenie na życie na preferencyjnych warunkach, Możliwość dołączenia do pracowniczego programu emerytalnego PPE.",1555,FULL_TIME,Umowa o pracę,Umowa o pracę,,,,,,NONE,,False,False,,,False,False,,,,False,,1760215571000,1760215571000,pl
menadzer-kierownik-zmiany-nowa-restauracja-mcdonalds-w-legnicy-CID4-ID17zL2m,https://www.olx.pl/oferta/praca/menadzer-kierownik-zmiany-nowa-restauracja-mcdonalds-w-legnicy-CID4-ID17zL2m.html,UNKNOWN,Menadżer Kierownik Zmiany – NOWA RESTAURACJA McDonald’s w LEGNICY!,Legnica,"Szukasz pracy, która da Ci możliwości rozwoju i awansu? Zostań członkiem zespołu managerskiego w nowo otwieranej restauracji McDonald’s w Legnicy. Buduj z nami zespół i rozwijaj siebie! Poszukujemy kandydatów na stanowisko: Menadżer – Kierownik Zmiany do nowo otwieranej restauracji McDonald’s w Legnicy Co oferujemy: umowę o pracę atrakcyjną stawkę godzinową oraz premie i nagrody pełne wsparcie na każdym etapie rozwoju i niezbędne szkolenia zapewniamy odzież roboczą zniżki na nasze produkty do wszystkich restauracji w Polsce opiekę medyczna za symboliczną złotówkę możliwość nabycia kart sportowych dla Ciebie i Twoich bliskich możliwość przystąpienia do ubezpieczenia grupowego Za co będziesz odpowiadać? na początkowym etapie będziesz się szkolić na wszystkich stanowiskach pracy (będziesz przygotowywać burgery, desery i inne pyszności, sprzedawać je, kompletować i wydawać zamówienia, dbać o porządek) zarządzanie pracą zespołu na obszarach np. produkcji czy obsługi zarządzanie pracą zespołu podczas kierowania zmianą dbanie o bezpieczeństwo i jakość produktów dbanie o zadowolenie gości i personelu Czego oczekujemy? chęci do pracy i zaangażowania pozytywnego nastawienia do gości i współpracowników umiejętności pracy w zespole doświadczenia w zarządzaniu zespołem pracowników dobrej znajomości języka polskiego komunikatywności i otwartości na nowe wyzwania umiejętności interpersonalnych konieczne jest posiadanie badań sanitarno-epidemiologicznych (jeśli ich nie masz, będziesz mieć czas, żeby je zrobić) Zainteresowała Cię ta oferta? Czekamy właśnie na Ciebie! Aplikuj już dziś! Miejsce pracy nowo otwierana Restauracja McDonald's w Legnicy Ul. Zamiejska, 59 - 220 Legnica Telefon: 795 138 824, 784 508 889 Dane osobowe będą przetwarzane przez WMD1 Sp. z o.o. z siedzibą przy ul. Plac Teatralny 1/23, 50-051 Wrocław w celach rekrutacyjnych. O szczegóły możesz zapytać w restauracji.",1898,FULL_TIME,Umowa o pracę,Umowa o pracę,,,,,,NONE,,False,False,,,False,False,manager,,manager,True,,1760215571000,1760215571000,pl
serwisant-urzadzen-wentylacyjnych-i-klimatyzacyjnych-CID4-ID17MyV8,https://www.olx.pl/oferta/praca/serwisant-urzadzen-wentylacyjnych-i-klimatyzacyjnych-CID4-ID17MyV8.html,UNKNOWN,Serwisant urządzeń wentylacyjnych i klimatyzacyjnych,"Szczecin, Centrum","Miejsce pracy : Szczecin umowa o pracę/B2B pełny etat praca mobilna Twój zakres obowiązków Konserwacja, serwis oraz naprawa systemów klimatyzacji i wentylacji mechanicznych, Diagnozowanie oraz usuwanie awarii urządzeń wentylacyjno-klimatyzacyjnych, Zgłaszanie zapotrzebowania na części i elementy instalacji, Wykonywanie przeglądów okresowych urządzeń wg standardów dostawców urządzeń oraz wewnętrznych procedur, Sprawdzanie szczelności układu chłodniczego i ewentualne uzupełnienie czynnika, Sporządzanie protokołów serwisowych/obsługa programu serwisowego, Kontrola rozchodu czynnika chłodniczego, Dbanie o odpowiednie zaopatrzenie się w narzędzia oraz części zamiennych w celu wykonywania napraw i serwisu. Nasze wymagania · doświadczenia w branży chłodniczej i wentylacyjnej, · uprawnienia elektryczne SEP do 1kV, · prawo jazdy kat. B, · umiejętność obsługi elektronarzędzi, · certyfikat F-gazowy. To oferujemy · atrakcyjne wynagrodzenie · stabilne zatrudnienie w stale rozwijającej się firmie, · umowę o pracę w pełnym wymiarze godzin lub B2B · dodatkowo płatne nadgodziny, · szkolenia i możliwość podwyższenia kwalifikacji. Informacje o firmie Jesteśmy firmą inżynierską, która od pokoleń oferuje kompleksowe usługi w zakresie instalacji mechanicznych HVAC na terenie województwa pomorskiego i zachodnio-pomorskiego. awklima.com.pl",1337,FULL_TIME,"Umowa o pracę, Samozatrudnienie","Umowa o pracę, Samozatrudnienie",,,,,,NONE,,False,False,,,False,False,,,,False,,1760215601000,1760215601000,pl
mechanik-myslowice-CID4-ID17EI19,https://www.olx.pl/oferta/praca/mechanik-myslowice-CID4-ID17EI19.html,UNKNOWN,Mechanik Mysłowice,Mysłowice,"MANULI HYDRAULICS POLSKA S.A. Jesteśmy częścią międzynarodowego koncernu Manuli Rubber Industries, działającego m.in. w sektorze produkcji części hydraulicznych. Dbamy o to, by zapewnić wszystkim naszym pracownikom najlepsze możliwe warunki pracy, stabilne zatrudnienie i możliwości rozwoju. Stawiamy na ciągły rozwój, dlatego uruchamiamy rekrutację na stanowisko: MECHANIK Miejsce pracy: MYSŁOWICE, ul. Brzezińska 50 Nasze oczekiwania: · Wykształcenie zawodowe lub średnie, · Dyspozycja do pracy w systemie 3-zmianowym, · Znajomość mechaniki, hydrauliki i pneumatyki, · Doświadczenie na stanowisku mechanika, · Uprawnienia SEP gr. 1- mile widziane, · Uprawnienia spawalnicze- mile widziane · Podstawowe umiejętności tokarsko- frezarskie- mile widziane. Twoje obowiązki: · Wykonywanie bieżących napraw oraz usuwanie usterek, · Wykonywanie przeglądów maszyn i urządzeń, · Konserwacja maszyn i urządzeń, · Zgłaszanie potrzeb zakupu części zamiennych, · Sporządzanie niezbędnej dokumentacji związanej z wykonywaną pracą. Oferujemy: · Zatrudnienie na podstawie umowy o pracę, · Pracę w organizacji o stabilnej pozycji na rynku, · Premię produkcyjną miesięczną, · Pakiet socjalny (m.in. bony i paczki świąteczne, dopłaty do wypoczynku), · Możliwość przystąpienia do Kasy zapomogowo-pożyczkowej, · Ubezpieczenie grupowe PZU, · Karty Lunch Pass, Karty Multisport · Parking pracowniczy, · Możliwość zdobycia doświadczenia, · Możliwość rozwoju zawodowego.",1446,FULL_TIME,Umowa o pracę,Umowa o pracę,,,,,,NONE,,False,False,,,False,False,,,,False,,1760215642000,1760215642000,pl
szef-kuchni-restauracja-mickiewicza-andrychow-CID4-ID17KS3H,https://www.olx.pl/oferta/praca/szef-kuchni-restauracja-mickiewicza-andrychow-CID4-ID17KS3H.html,UNKNOWN,SZEF KUCHNI- Restauracja Mickiewicza Andrychów,Andrychów,"Restauracja MICKIEWICZA w Andrychowie poszukuje kandydatów na stanowisko SZEF KUCHNI Zakres obowiązków: Opracowanie i wdrożenie menu Przygotowywanie potraw zgodnie z ustalonymi standardami Współpraca z działem zamówień Układanie grafików zespołu Zapewnianie jakości i estetyki serwowanych dań Utrzymanie czystości na stanowisku pracy Praca w zespole Kontrola jakości żywności i zapasów Przestrzeganie zasad bezpieczeństwa i higieny Wymagania: Doświadczenie na stanowisku Szefa Kuchni Znajomość technik kulinarnych i standardów sanitarnych Umiejętność pracy w zespole Dyspozycyjność Aktualne uprawnienia sanitarno-epidemiologiczne Umiejętność pracy pod presją czasu Dobra organizacja pracy Oferujemy: Wynagrodzenie godzinowe lub stałe, wg preferencji kandydata Pracę w zgranym i kreatywnym zespole Umowę o pracę/ Zlecenie/ B2B Możliwość rozwoju i awansu Elastyczny grafik",870,FULL_TIME,"Inny, Umowa o pracę, Samozatrudnienie, Umowa zlecenie","Inny, Umowa o pracę, Samozatrudnienie, Umowa zlecenie",,,,,,NONE,,False,False,,,False,False,,,,False,,1760215642000,1760215642000,pl
pracownik-produkcji-praca-od-zaraz-CID4-ID114QKZ,https://www.olx.pl/oferta/praca/pracownik-produkcji-praca-od-zaraz-CID4-ID114QKZ.html,UNKNOWN,Pracownik produkcji- praca od zaraz!,Piekary Śląskie,"Osoby zainteresowanie prosimy o CV Zakres obowiązków: Obsługa maszyn i urządzeń do rozkroju szkła, linii automatycznej do zespalania szyb termoizolacyjnych oraz inne czynności związane z realizacją procesu produkcyjnego szyb termoizolacyjnych. Nasze wymagania: Niekaralność Komunikatywność Punktualność Umiejętność pracy w zespole Gotowość do pracy w systemie zmianowym Dokładność i sumienność w wykonywaniu powierzonych zadań Zaangażowanie i chęci do nauki Mile widziane doświadczenie na podobnym stanowisku Co oferujemy: Umowę o pracę (poprzedzoną umową na okres próbny) Stabilne warunki zatrudnienia Pracę w systemie zmianowym (3 zmiany) Pracę w dynamicznie rozwijającej się, renomowanej firmie o ugruntowanej pozycji na rynku (50 lat doświadczenia) Pracę w nowo wybudowanej, ogrzewanej hali produkcyjnej Profesjonalne narzędzia pracy i nowoczesny park maszyn Pracę w zgranym zespole i w przyjaznej atmosferze Parking dla pracowników Możliwość uzyskania specjalistycznych uprawnień Nowoczesne zaplecze socjalne Premię świąteczną Premię stażową Kartę Multisport O nas: Firma Stan-Szkło jest na rynku od 1974r. Już od 50 lat, nieprzerwanie rozwijamy naszą działalność, specjalizując się w obróbce szkła płaskiego oraz w produkcji szyb zespolonych. Nowoczesny park maszyn w połączeniu z posiadanym doświadczeniem, wykwalifikowanym zespołem i innowacyjnymi technologiami pozwala nam na dostarczanie naszym klientom produktów najwyższej jakości. Naszą renomę budujemy na zaufaniu, pasji i rzetelności. Zatrudniamy ponad sto osób, nieustannie poszerzając zakres naszych możliwości. Oferujemy naszym pracownikom parking, palarnię oraz nowoczesne zaplecze socjalne w nowo wybudowanej siedzibie firmy. Inwestujemy w komfort pracy, gwarantując ubrania robocze o wysokim standardzie sygnowane naszym logo oraz pracę w ogrzewanym budynku hali produkcyjnej. Dbamy o kwalifikacje naszego zespołu poprzez zapewnienie możliwości uzyskania specjalistycznych uprawnień, adekwatnie do zajmowanego stanowiska. Oferujemy premie świąteczne i stażowe. Zachęcamy także do czynnego korzystania z karty Multisport. Jeśli szukasz pracy w przyjaznej atmosferze i cenisz sobie dobre warunki pracy, zostań częścią naszego zespołu! Wejdź na stronę internetową Stan-Szkło i poznaj nas bliżej:",2263,FULL_TIME,Umowa o pracę,Umowa o pracę,,,,,,NONE,,False,False,,,False,False,,,,False,,1760215642000,1760215642000,pl
fdl-zatrudni-technika-dentystycznego-cad-cam-CID4-ID17Lgpu,https://www.olx.pl/oferta/praca/fdl-zatrudni-technika-dentystycznego-cad-cam-CID4-ID17Lgpu.html,UNKNOWN,FDL zatrudni technika dentystycznego Cad-Cam,"Warszawa, Włochy","FaceDentLab w Warszawie zatrudni na stanowisko Technika Dentystycznego Cad-Cam. Nasze oczekiwania wobec Ciebie: wykształcenie minimum średnie, posiadanie tytułu zawodowego technika dentystycznego, posiadanie doświadczenia w projektowaniu prac w programach EXOCAD lub 3SHAPE​, posiadanie doświadczenia w projektowaniu w cad-cam znajomość współczesnych materiałów stosowanych w protetyce, posiadanie doświadczenia w obsłudze urządzeń w pracowni protetycznej umiejętność samodzielnego wykonywania szablonów chirurgicznych dobra organizacja pracy. punktualność, sumienność i rzetelność Zadania: projektowanie koron, mostów, wax up, inlayów, onleyów, prac opartych na implantach,​ bezpośrednia praca z Pacjentem lub koordynatorem kontrahentów udział przy tworzeniu planu leczenia z zespołem lekarzy i opiekunem pacjenta",814,FULL_TIME,"Umowa o pracę, Samozatrudnienie, Umowa zlecenie","Umowa o pracę, Samozatrudnienie, Umowa zlecenie",,,,,,NONE,,False,False,,,False,False,,,,False,,1760215663000,1760215663000,pl
dodatkowa-praca-wulkanizacja-reczna-automyjnia-CID4-ID17J1cW,https://www.olx.pl/oferta/praca/dodatkowa-praca-wulkanizacja-reczna-automyjnia-CID4-ID17J1cW.html,UNKNOWN,Dodatkowa praca wulkanizacja ręczna automyjnia,Lublin,"Szukasz dodatkowej pracy? Dołącz do nas! Masz już etat, ale chcesz dorobić w wolnym czasie? Zapraszamy do naszego zespołu w Lublinie (CH Leclerc, ul. Zana 19) lub Scuderia Cars ul. ANNY WALENTYNOWICZ 3 – oferujemy możliwość pracy dodatkowej w: ręcznej myjni samochodowej, wulkanizacji, warsztacie samochodowym. Nie wymagamy dużego doświadczenia – liczą się chęci, dokładność i pozytywne nastawienie. Resztę pokażemy Ci na miejscu! Oferujemy: elastyczny grafik – dopasujemy godziny do Twojej głównej pracy, przyjazną, spokojną atmosferę, uczciwe wynagrodzenie wypłacane zawsze na czas , możliwość rozwoju i nauki nowych umiejętności, stabilne miejsce pracy oparte na szacunku i zaufaniu. Nasza idea współpracy: My dbamy o Ciebie – o dobrą atmosferę, uczciwe zasady i wynagrodzenie. Ty dbasz o klienta – o jakość, dokładność i profesjonalną obsługę. Jeśli jesteś osobą odpowiedzialną, która szuka dodatkowego źródła dochodu i chce pracować tam, gdzie liczy się człowiek – zapraszamy do kontaktu! Lokalizacja: Lublin, CH Leclerc, ul. Zana 19 , Scuderia Cars, ul. ANNY WALENTYNOWICZ 3 Zadzwoń lub napisz – wspólnie dopasujemy grafik do Twoich możliwości.",1150,PART_TIME,"Umowa o dzieło, Umowa o pracę, Praktyka / staż, Samozatrudnienie, Umowa zlecenie","Umowa o dzieło, Umowa o pracę, Praktyka / staż, Samozatrudnienie, Umowa zlecenie",0.0,,,,,NONE,,False,False,,,False,False,,,,False,,1760215683000,1760215683000,pl
praca-konsultant-ka-w-sklepie-firmowym-t-mobile-w-kwidzynie-CID4-ID13hJxn,https://www.olx.pl/oferta/praca/praca-konsultant-ka-w-sklepie-firmowym-t-mobile-w-kwidzynie-CID4-ID13hJxn.html,UNKNOWN,Praca - Konsultant/-ka w Sklepie Firmowym T-Mobile w Kwidzynie,Kwidzyn,"Lokalizacja: ​Kwidzyn (CH Liwa) Forma zatrudnienia: umowa o pracę Forma wynagrodzenia: podstawa + prowizja​ Tryb pracy: praca zmianowa, praca poniedziałek - sobota/niedziela (handlowa) W REALIZACJI ZADAŃ POMOŻE CI: Zorientowanie na potrzeby klienta i umiejętność budowania relacji Nieprzeciętny potencjał handlowy poparty doświadczeniem i sukcesami w sprzedaży produktów i/lub usług Umiejętność współpracy w zespole, dużo energii i wychodzenie z inicjatywą Silne zorientowanie na realizację wyniku i pragnienie osiągania sukcesów Pewność siebie i elastyczność w myśleniu Dobra znajomość pakietu MS Office ZADANIA, KTÓRE NA CIEBIE CZEKAJĄ: 70% bieżąca obsługa klienta i obowiązki salonowe, 30% kontakt telefoniczny z klientami Profesjonalna obsługa Klientów T- Mobile Sprzedaż pełnej gamy produktów i usług świadczonych przez T-Mobile z wykorzystaniem dostępnych kanałów sprzedaży Realizacja indywidualnych i zespołowych celów sprzedażowych, jakościowych i ilościowych Budowanie przewagi rynkowej poprzez posprzedażową obsługę abonentów Sieci T-Mobile OFERUJEMY: ​ Wszyscy odpowiadamy za sprzedaż i profesjonalną obsługę naszych klientów. - Szkolenia autoryzacyjne – otrzymasz pełne wdrożenie i wsparcie od zespołu - Brak narzuconych skryptów rozmów – pracujemy z naszymi klientami na relacjach! - Poza tym możesz u nas liczyć na między innymi dostęp do naszych produktów i usług na preferencyjnych warunkach, możliwość udziału w różnych konkursach sprzedażowych! - Znam Talent – szkolenia lub pieniądze za polecenie znajomych do pracy oraz benefity, o których przeczytasz poniżej! JAK WYGLĄDA PROCES REKRUTACJI: - Wyślij CV! Zapoznamy się z doświadczeniem oraz oczekiwaniami wszystkich kandydatów, a następnie skontaktujemy się z osobami, które najlepiej odnajdą się w naszym zespole. - Pierwszym etapem naszej rekrutacji jest udział w zadaniu rekrutacyjnym online. Link otrzymasz od nas w wiadomości e-mail. Po wykonaniu zadań otrzymasz raport dot. Twoich kompetencji. - Na podstawie wyników zaprosimy wybrane osoby na spotkanie - to idealny moment aby zweryfikować wzajemne oczekiwania i poznać się. Spotkanie odbędzie się w formie stacjonarnej. - Udało się? Po procesie rekrutacji otrzymasz od nas telefon z zaproszeniem do współpracy, a także zaproszenie do naszej platformy onboardingowej. - Witaj w T-Mobile!",2314,FULL_TIME,Umowa o pracę,Umowa o pracę,,,,,,NONE,,False,False,,,False,False,,,,False,,1760215703000,1760215703000,pl
diagnosta-samochodowy-w-moto360-partner-dekra-CID4-ID13Hj7y,https://www.olx.pl/oferta/praca/diagnosta-samochodowy-w-moto360-partner-dekra-CID4-ID13Hj7y.html,UNKNOWN,"Diagnosta Samochodowy w MOTO360, Partner DEKRA",Tychy,"Stacja Kontroli Pojazdów MOTO360 - PARTNER DEKRA z ponad 20-letnim doświadczeniem! Miejsce: Tychy Poszukujemy kandydata na stanowisko: Diagnosta Samochodowy Zakres obowiązków: Wykonywanie badań technicznych w Podstawowej Stacji Kontroli Pojazdów do 3,5t, Diagnostyka i kontrola pojazdów, Sprzedaż akcesoriów motoryzacyjnych, Dbanie o ład i porządek stanowiska pracy, Wymagania: uprawnienia na diagnostę samochodowego w zakresie przeprowadzania badań technicznych pojazdów w Stacji Kontroli Pojazdów, dobra znajomość zagadnień związanych z techniką motoryzacyjną, znajomość Prawa o Ruchu Drogowym, umiejętność współpracy w zespole, odpowiedzialność i uczciwość, wysoka kultura osobista i dyscyplina pracy, prawo jazdy kat. B Oferujemy: zatrudnienie na podstawie umowy o pracę, atrakcyjne wynagrodzenie, nowoczesne narzędzia pracy, stabilność zatrudnienia, preferencyjne warunki obsługi samochodu prywatnego, preferencyjny pakiet ubezpieczeń na życie oraz kart sportowych, rozwój zawodowy. Uwagi: Możliwość zatrudnienia na niepełny etat, dopuszczamy inne formy zatrudnienia - umowa zlecenie, samozatrudnienie. SKONTAKTUJEMY SIĘ Z WYBRANYMI KANDYDATAMI.",1150,FULL_TIME,"Umowa o pracę, Samozatrudnienie, Umowa zlecenie","Umowa o pracę, Samozatrudnienie, Umowa zlecenie",,,,,,NONE,,False,False,,,False,False,,,,False,,1760215724000,1760215724000,pl
zatrudnie-kierowce-z-prawem-jazdy-kat-c-e-kraj-z-okolic-lowicza-CID4-ID17L1OG,https://www.olx.pl/oferta/praca/zatrudnie-kierowce-z-prawem-jazdy-kat-c-e-kraj-z-okolic-lowicza-CID4-ID17L1OG.html,UNKNOWN,Zatrudnię kierowcę z prawem jazdy kat. C+E kraj z okolic Łowicza,Łowicz,Witam -zatrudnię kierowcę ciągnika siodłowego Scania z naczepą typu firanka -auto przypisane kierowcy Więcej informacji pod nr. telefonu 72*******99,148,FULL_TIME,Umowa o pracę,Umowa o pracę,,,,,,NONE,,False,False,,,False,False,,,,False,,1760215723000,1760215723000,pl
zatrudnie-na-stanowisko-inzynier-mechanik-konstruktor-CID4-IDKBoYz,https://www.olx.pl/oferta/praca/zatrudnie-na-stanowisko-inzynier-mechanik-konstruktor-CID4-IDKBoYz.html,UNKNOWN,Zatrudnię na stanowisko Inżynier Mechanik / Konstruktor,Toruń,"Firma produkcyjna poszukuje osoby na stanowisko: Inżynier Mechanik / Konstruktor Miejsce pracy: kujawsko-pomorskie / Toruń Opis stanowiska • Projektowanie maszyn i urządzeń dla branży spożywczej • Przygotowywanie dokumentacji produkcyjnej (wykonywanie rysunków CAD, kalkulacja zapotrzebowania materiałowego) • Wykonywanie obliczeń wytrzymałościowych. • Optymalizacja i modernizacja istniejących rozwiązań konstrukcyjnych Wymagania • Gruntowna wiedza techniczna, • Doświadczenie w wykonywaniu prac projektowych, • Wykształcenie wyższe techniczne, • Znajomość systemów projektowania: CAD 2D i 3D, • Bardzo dobra organizacja pracy oraz poczucie odpowiedzialności za wykonywaną pracę, • Umiejętność pracy zespołowej, • Prawo jazdy Oferujemy • rozwój zawodowy- możliwość szybkiego awansu, • wynagrodzenie uzależnione od wyników i zaangażowania, • partnerska atmosfera w zespole",872,FULL_TIME,Umowa o pracę,Umowa o pracę,,,,,,NONE,,False,False,,,False,False,,,,False,,1760215724000,1760215724000,pl
zatrudnimy-opiekuna-lub-pomoc-do-opieki-nad-dziecmi-do-lat-3-wawer-CID4-ID17wr4r,https://www.olx.pl/oferta/praca/zatrudnimy-opiekuna-lub-pomoc-do-opieki-nad-dziecmi-do-lat-3-wawer-CID4-ID17wr4r.html,UNKNOWN,Zatrudnimy OPIEKUNA lub POMOC do opieki nad dziećmi do lat 3 - WAWER,"Warszawa, Wawer","""Akademia Pod Aniołkami"" do punktu w FALENICY zatrudni osobę do opieki dzieci do lat 3. ZAKRES OBOWIĄZKÓW: Do zadań dziennego opiekuna należy w szczególności: - zapewnienie dzieciom opieki w warunkach bytowych zbliżonych do warunków domowych; - zagwarantowanie właściwej opieki pielęgnacyjnej oraz edukacyjnej, z uwzględnieniem indywidualnych potrzeb dziecka - prowadzenie zajęć opiekuńczo-wychowawczych i edukacyjnych, uwzględniających rozwój psychomotoryczny dziecka, właściwych do wieku dziecka. - współpraca z rodzicami dzieci, w szczególności przez: korzystanie z pomocy rodziców w sprawowaniu opieki nad dziećmi w czasie prowadzenia zajęć; prowadzenie konsultacji i udzielanie porad rodzicom w zakresie pracy z dziećmi. - wykonywanie codziennych czynności higieniczno-opiekuńczych związanych z opieką nad dziećmi z zakresu: karmienia, mycia, układania do snu, przewijania itp. WYMAGANIA I KWALIFIKACJE: - Doświadczenie pracy z dziećmi w wieku do lat 3. W przypadku braku kwalifikacji (certyfikatu Opiekuna dziennego) będzie możliwość nabycia podczas podjęcia współpracy. ATUTEM BĘDZIE ODBYTE: a) 160-godzinne szkolenie na dziennego opiekuna albo b) 40-godzinne szkolenie uzupełniające, w tym z zakresu udzielania dziecku pierwszej pomocy, jeżeli posiada kwalifikacje pielęgniarki, położnej, opiekunki dziecięcej, nauczyciela wychowania przedszkolnego, nauczyciela edukacji wczesnoszkolnej lub pedagoga opiekuńczo wychowawczego OFERUJEMY: Umowę po odbyciu okresu próbnego , godne wynagrodzenie oraz bardzo dobrą atmosferę w miejscu pracy. Zainteresowane osoby proszę o wysyłanie CV",1586,FULL_TIME,"Umowa o pracę, Umowa zlecenie","Umowa o pracę, Umowa zlecenie",,,,,,NONE,,False,False,,,False,False,,,,False,,1760215744000,1760215744000,pl
zatrudnie-hydraulika-i-pracownika-ogolnobudowlanego-CID4-ID14xqny,https://www.olx.pl/oferta/praca/zatrudnie-hydraulika-i-pracownika-ogolnobudowlanego-CID4-ID14xqny.html,UNKNOWN,Zatrudnię hydraulika i pracownika ogólnobudowlanego,Toruń,Zatrudnimy samodzielnego hydraulika-konserwatora oraz pracownika ogólnobudowlanego Tel. 5+0+3+1+3+6+9+0+5,105,FULL_TIME,Umowa o pracę,Umowa o pracę,,,,,,NONE,,False,False,,,False,False,,,,False,,1760215794000,1760215794000,pl
spawacz-metodami-mig-mag-CID4-ID17KVeD,https://www.olx.pl/oferta/praca/spawacz-metodami-mig-mag-CID4-ID17KVeD.html,UNKNOWN,Spawacz metodami MIG MAG,Ciasna,"W związku z dynamicznym rozwojem firmy ASKLA poszukujemy pracowników na stanowisko: Spawacz Wymagania: Wykształcenie min. zawodowe, Umiejętność spawania metodami MIG/MAG, Umiejętność czytania rysunku technicznego, Umiejętność pracy w zespole, Zaangażowanie, sumienność, dyspozycyjność. Zakres obowiązków: Prace spawalnicze zgodnie z dokumentacją Kontrola jakości wykonanych elementów Oferujemy: Rozwój zawodowy w firmie produkcyjnej z wysokimi standardami jakości współpracującej z najlepszymi światowymi klientami, Pracę zarówno przy krajowych jak i międzynarodowych projektach, Stabilne zatrudnienie w oparciu o umowę o pracę, Atrakcyjne warunki zatrudnienia oraz wynagrodzenie adekwatne do osiąganych wyników, Współpracę z wysokiej klasy specjalistami, Pracę zarządzaną zgodnie z nowoczesnymi metodami projektowymi, Praca w dynamicznie rozwijającej się firmie, Ubezpieczenie grupowe. Zastrzegamy sobie prawo kontaktu tylko z wybranymi Kandydatami.",950,FULL_TIME,Umowa o pracę,Umowa o pracę,,,,,,NONE,,False,False,,,False,False,,,,False,,1760215794000,1760215794000,pl
pracownik-centrum-samochodowego-kleszczow-CID4-IDM0CwG,https://www.olx.pl/oferta/praca/pracownik-centrum-samochodowego-kleszczow-CID4-IDM0CwG.html,UNKNOWN,Pracownik Centrum Samochodowego Kleszczów,Kleszczów,"Firma CAT Mosolf Polska Spółka z o. o. specjalizująca się w rozwiązaniach logistycznych dla branży motoryzacyjnej w związku z dalszym rozwojem zatrudni PRACOWNIKÓW CENTRUM SAMOCHODOWEGO KLESZCZÓW miejsce pracy Rogowiec, gmina Kleszczów, powiat bełchatowski, województwo łódzkie Praca związana z obsługą pojazdów Przemieszczanie i parkowanie Wystawianie do załadunku Mycie i dekonserwacja Przeglądy przedsprzedażowe Montaż dodatkowego wyposażenia i akcesoriów Diagnostyka samochodowa Wymiana opon Odbiór jakościowy Rejestracja zdarzeń w systemie informatycznym Od kandydatów i kandydatek oczekujemy Aktywne prawo jazdy kat. B Umiejętności manualne Gotowość do podjęcia pracy zmianowej Zaangażowanie w wykonywanie powierzonych zadań Mile widziane Wykształcenie zawodowe o profilu samochodowym: mechanika pojazdowa, elektromechanika lub podobne Znajomość budowy samochodów W zamian za pracę oferujemy Zatrudnienie na podstawie umowy o pracę Miesięczny system wynagrodzeń Premie uzależnione od wyników pracy Możliwość rozwoju zawodowego Program rekomendacji pracowników Pakiet świadczeń socjalnych, w tym ubezpieczenie na życie, prywatna opieka medyczna, karta sportowa, zakładowy fundusz świadczeń socjalnych, dostęp do platformy benefitowej Uprzejmie informujemy, że skontaktujemy się z wybranymi kandydatami.",1307,FULL_TIME,Umowa o pracę,Umowa o pracę,,,,,,NONE,,False,False,,,False,False,,,,False,,1760215795000,1760215795000,pl
zatrudnie-na-stanowisko-slusarz-montazysta-CID4-IDJ0Bok,https://www.olx.pl/oferta/praca/zatrudnie-na-stanowisko-slusarz-montazysta-CID4-IDJ0Bok.html,UNKNOWN,Zatrudnię na stanowisko Ślusarz-montażysta,Toruń,"Producent maszyn do branży spożywczej poszukuje kandydata na stanowisko: Ślusarz-montażysta Miejsce pracy: Toruń, cała Polska Zakres obowiązków: Montaż i demontaż elementów konstrukcyjnych oraz maszyn produkcyjnych. Prace ślusarskie związane z obróbką metali (cięcie, gięcie, spawanie). Utrzymanie sprzętu w dobrym stanie technicznym. Naprawa oraz konserwacja maszyn i urządzeń produkcyjnych. Wykonywanie prac zgodnie z dokumentacją techniczną. Współpraca z innymi działami w firmie w zakresie realizacji zadań produkcyjnych. Wymagania: Doświadczenie na podobnym stanowisku. Znajomość technik ślusarskich i montażowych. Umiejętność czytania rysunków technicznych. Mile widziane uprawnienia spawalnicze. Zdolności manualne oraz dokładność w wykonywaniu powierzonych zadań. Zaangażowanie, odpowiedzialność oraz chęć do nauki. Dyspozycyjność do pracy w delegacji. Oferujemy: Atrakcyjne wynagrodzenie. Stabilne zatrudnienie na podstawie umowy o pracę. Pracę w dynamicznie rozwijającej się firmie. Przyjazną atmosferę w zgranym zespole.",1031,FULL_TIME,Umowa o pracę,Umowa o pracę,,,,,,NONE,,False,False,,,False,False,,,,False,,1760215815000,1760215815000,pl
pracownik-do-pielegnacji-zieleni-i-utrzymania-czystosci-miejskiej-CID4-ID17zTlr,https://www.olx.pl/oferta/praca/pracownik-do-pielegnacji-zieleni-i-utrzymania-czystosci-miejskiej-CID4-ID17zTlr.html,UNKNOWN,Pracownik do pielęgnacji zieleni i utrzymania czystości miejskiej!,"Warszawa, Mokotów","Obowiązki: Sprzątanie na terenie zewnętrznym Koszenie trawy Prace ogrodowe (pielenie rabat, przycinanie krzewów, zamiatanie liści) Odśnieżanie (ręczne i mechaniczne) Zbieranie śmieci Pielęgnacja zieleni (podlewanie, cięcie roślin, opryski ochronne) Segregacja odpadów Wymagania: Dyspozycyjność (często od poniedziałku do piątku) Prawo jazdy kat. B mile widziane Mile widziane doświadczenie Orzeczenie o niepełnosprawności (w niektórych ofertach) Rzetelność i zaangażowanie w wykonywanie powierzonych zadań Umiejętność pracy w zespole Kultura osobista Oferujemy: Umowa zlecenie lub pracę Wynagrodzenie na czas Praca w godzinach 6:00-14:00",637,FULL_TIME,"Umowa o pracę, Umowa zlecenie","Umowa o pracę, Umowa zlecenie",,,,,,NONE,,False,False,,,False,False,,,,False,,1760215835000,1760215835000,pl
kierowca-c-e-transport-miedzynarodowy-wyjazdy-tygodniowe-CID4-ID12cPFE,https://www.olx.pl/oferta/praca/kierowca-c-e-transport-miedzynarodowy-wyjazdy-tygodniowe-CID4-ID12cPFE.html,UNKNOWN,"Kierowca C+E, transport międzynarodowy - wyjazdy tygodniowe","Kraków, Prądnik Biały","Firma z doświadczeniem w transporcie międzynarodowym, zatrudni kierowcę z doświadczeniem w transporcie międzynarodowym, wyjazdy tygodniowe. Oferujemy: zatrudnienie w ramach umowy o pracę auto przypisane do kierowcy praca od zaraz Wymagania: ważne prawo jazdy C+E, karta kierowcy i świadectwo kwalifikacji zawodowej dbanie o powierzony sprzęt komunikatywność przestrzeganie zasad i przepisów dotyczących prowadzenia pojazdów ciężarowych Zainteresowane Osoby prosimy o kontakt telefoniczny 53*******05",499,FULL_TIME,Umowa o pracę,Umowa o pracę,,,,,,NONE,,False,False,,,False,False,,,,False,,1760215835000,1760215835000,pl
pracownik-elewatora-lutry-agrolok-sp-z-o-o-CID4-ID17xeGL,https://www.olx.pl/oferta/praca/pracownik-elewatora-lutry-agrolok-sp-z-o-o-CID4-ID17xeGL.html,UNKNOWN,Pracownik Elewatora Lutry Agrolok SP. z o .o,Bisztynek,"Agrolok Sp z o.o. zatrudni: PRACOWNIKA ELEWATORA Miejsce pracy: LUTRY Zadania: - obsługa elewatora zbożowego - rozładunki i załadunki - pobieranie prób - przygotowanie i obróbka materiału do badań - prowadzenie rejestru pojazdów - ważenie aut - sporządzanie dokumentacji Oczekiwania: - gotowość do pracy w systemie zmianowym (w zmożonym sezonie- w wybranych miesiącach) - znajomość zagadnień mechanicznych, elektrycznych będzie dodatkowym atutem - mile widziane uprawnienia na ładowarki teleskopowe, wózki widłowe Zapewniamy: - umowę o pracę w stabilnej firmie - możliwość podnoszenia kwalifikacji Kontakt tel. z o.o."" Jednocześnie oświadczam, że zostałam poinformowana/poinformowany o przysługującym mi prawie dostępu do treści moich danych oraz ich poprawiania, wycofania zgody na ich przetwarzanie w każdym czasie, jak również, że podanie tych danych było dobrowolne. SKONTAKTUJEMY SIĘ Z WYBRANYMI KANDYDATAMI.",913,FULL_TIME,Umowa o pracę,Umowa o pracę,,,,,,NONE,,False,False,,,False,False,,,,False,,1760215856000,1760215856000,pl
doswiadczona-stylistka-rzes-i-brwi-lublin-CID4-ID12MVPm,https://www.olx.pl/oferta/praca/doswiadczona-stylistka-rzes-i-brwi-lublin-CID4-ID12MVPm.html,UNKNOWN,Doświadczona stylistka rzęs i brwi Lublin,Lublin,"Zakres obowiązków: Wykonywanie Zabiegów przedłużania rzęs wszystkimi metodami Wykonywanie zabiegów stylizacji brwi farbką i henna pudrową Miłe widziała umiejętność wykonywania laminacji rzęsy oraz brwi Przeprowadzanie konsultacji z klientami i doradztwo w zakresie pielęgnacji oprawy oczu Umiejętność sprzedaży Dbanie o czystość i porządek na stanowisku pracy Obsługa klienta i dbałość o pozytywne relacje Utrzymywanie czystości i porządku na stanowisku pracy Wymagania: Doświadczenie minimum 2 - letnie Znajomość aktualnych trendów w stylizacji rzęs i brwi Umiejętność pracy w zespole i komunikatywność Wysoka kultura osobista i profesjonalne podejście do klienta Dyspozycyjność i elastyczność Zdolności manualne i estetyczne wykonywania zabiegów Chęć do nauki i podnoszenia swoich kwalifikacji Punktualność, odpowiedzialność i dokładność w wykonywanych obowiązkach Informacje dodatkowe: Zatrudnienie na podstawie umowy zlecenie lub b2b. Oferujemy elastyczny grafik i atrakcyjne warunki zatrudnienia. Praca w zgranym zespole. Prosimy o przesłanie CV wraz z kilkoma zdjęciami swoich prac.",1088,FULL_TIME,"Inny, Samozatrudnienie, Umowa zlecenie","Inny, Samozatrudnienie, Umowa zlecenie",,,,,,NONE,,False,False,,,False,False,senior,,senior,True,,1760215878000,1760215878000,pl
poszukujemy-lektora-jezyka-angielskiego-dla-dzieci-CID4-ID17urjY,https://www.olx.pl/oferta/praca/poszukujemy-lektora-jezyka-angielskiego-dla-dzieci-CID4-ID17urjY.html,UNKNOWN,Poszukujemy Lektora Języka Angielskiego dla dzieci,Żelechów,"Do naszego zespołu poszukujemy osoby, która z pasją, energią i uśmiechem na twarzy poprowadzi zajęcia z języka angielskiego dla dzieci. Kogo szukamy? Osoby, która: - bardzo dobrze zna język angielski - potrafi nawiązać świetny kontakt z dziećmi, - ma pozytywne nastawienie i kreatywne podejście do nauczania - posiada doświadczenie w pracy z dziećmi Co oferujemy ? - pracę w przyjaznej atmosferze - gotowe materiały i wsparcie metodyczne - elastyczny grafik - możliwość dopasowania godzin - małe grupy dzieci i nauka poprzez zabawe - atrakcyjne wynagrodzenie Miejsce pracy: Żelechów",582,PART_TIME,"Umowa o pracę, Umowa zlecenie","Umowa o pracę, Umowa zlecenie",,,,,,NONE,,False,False,,,False,False,,,,False,,1760215899000,1760215899000,pl
pracownik-fizyczny-rozbiorki-CID4-ID16r8Kt,https://www.olx.pl/oferta/praca/pracownik-fizyczny-rozbiorki-CID4-ID16r8Kt.html,UNKNOWN,Pracownik fizyczny rozbiórki,"Warszawa, Śródmieście","Atrakcyjne wynagrodzenie.od30zl/h Ciągłość robót. Stabilne zatrudnienie na umowę o pracę. Możliwość rozwoju. Przyjazna atmosfera w zespole. Wymagania: Sumienność. odpowiedzialność i dokładność. Dobra organizacja pracy. Mile widziane prawo jazdy kat.B . ale nie koniecznie . Dodatkowe info Miejsce pracy ogólnie Warszawa i okolice, czasami delegacje na terenie kraju. Możliwość zakwaterowania Odzież robocza, narzędzia transport na budowę zapewniony przez firmę. Tylko nasze zakwaterowanie",488,FULL_TIME,Umowa o pracę,Umowa o pracę,,,,,,NONE,,False,False,,,False,False,,,,False,,1760215919000,1760215919000,pl
pracownik-utrzymania-czystosci-pol-etatu-CID4-ID14gbiX,https://www.olx.pl/oferta/praca/pracownik-utrzymania-czystosci-pol-etatu-CID4-ID14gbiX.html,UNKNOWN,Pracownik utrzymania czystości / pół etatu,Koszalin,"RGB TECHNOLOGY sp. z o.o. - zajmuje się projektowaniem i produkcją zaawansowanych technologicznie urządzeń elektronicznych. Marka RGB TECHNOLOGY należy do wiodących marek europejskich w branży elektronicznych wyświetlaczy w technologii LED. Obecnie poszukujemy osoby na stanowisko: Pracownik utrzymania czystości Miejsce pracy: Koszalin Twoje zadania: · Kontrola czystości, sprzątanie i dezynfekcja pomieszczeń socjalnych, · Kontrola i uzupełnianie brakujących środków czystości, · Przestrzeganie zasad właściwej gospodarki odpadami i segregacji śmieci, · Odkurzanie, zamiatanie, wycieranie kurzu, mycie na mokro, dezynfekowanie, mycie okien. Czego oczekujemy: · Samodzielności, rzetelności, · Doświadczenia na podobnym stanowisku. Co oferujemy: · Pracę od poniedziałku do piątku w godzinach 14:00 – 18:00 · Dofinansowanie do prywatnej opieki medycznej. Miejsce pracy – Koszalin, ul. Karola Mytnika 28 Strefa Ekonomiczna koło nowego McDonald's Prosimy o dopisanie następującej klauzuli: ""Wyrażam zgodę RGB Technology Sp. z o.o. Ustaw z 2019, poz.",1046,PART_TIME,"Umowa o pracę, Umowa zlecenie","Umowa o pracę, Umowa zlecenie",,,,,,NONE,,False,False,,,False,False,,,,False,,1760215940000,1760215940000,pl
pracownik-centrum-samochodowego-bytom-CID4-ID12Yr5x,https://www.olx.pl/oferta/praca/pracownik-centrum-samochodowego-bytom-CID4-ID12Yr5x.html,UNKNOWN,Pracownik Centrum Samochodowego Bytom,Bytom,"Firma CAT Mosolf Polska Spółka z o. o. specjalizująca się w rozwiązaniach logistycznych dla branży motoryzacyjnej w związku z dalszym rozwojem zatrudni PRACOWNIKÓW CENTRUM SAMOCHODOWEGO BYTOM miejsce pracy Bytom, województwo śląskie Praca związana z obsługą pojazdów Przemieszczanie i parkowanie Wystawianie do załadunku Mycie i dekonserwacja Przeglądy przedsprzedażowe Montaż dodatkowego wyposażenia i akcesoriów Diagnostyka samochodowa Wymiana opon Odbiór jakościowy Rejestracja zdarzeń w systemie informatycznym Od kandydatów i kandydatek oczekujemy Aktywne prawo jazdy kat. B Umiejętności manualne Gotowość do podjęcia pracy zmianowej Zaangażowanie w wykonywanie powierzonych zadań Mile widziane Wykształcenie zawodowe o profilu samochodowym: mechanika pojazdowa, elektromechanika lub podobne Znajomość budowy samochodów W zamian za pracę oferujemy Zatrudnienie na podstawie umowy o pracę Miesięczny system wynagrodzeń Premie uzależnione od wyników pracy Możliwość rozwoju zawodowego Program rekomendacji pracowników Pakiet świadczeń socjalnych, w tym ubezpieczenie na życie, prywatna opieka medyczna, karta sportowa, zakładowy fundusz świadczeń socjalnych, dostęp do platformy benefitowej Uprzejmie informujemy, że skontaktujemy się z wybranymi kandydatami.",1262,FULL_TIME,Umowa o pracę,Umowa o pracę,,,,,,NONE,,False,False,,,False,False,,,,False,,1760215961000,1760215961000,pl
pracownik-magazynu-1-zmiana-CID4-ID17zGoM,https://www.olx.pl/oferta/praca/pracownik-magazynu-1-zmiana-CID4-ID17zGoM.html,UNKNOWN,Pracownik magazynu- 1 zmiana!!!,Mysłowice,"MANULI HYDRAULICS POLSKA S.A. Jesteśmy częścią międzynarodowego koncernu Manuli Rubber Industries, działającego m.in. w sektorze produkcji części hydraulicznych. Dbamy o to, by zapewnić wszystkim naszym pracownikom najlepsze możliwe warunki pracy, stabilne zatrudnienie i możliwości rozwoju. Stawiamy na ciągły rozwój, dlatego uruchamiamy rekrutację na stanowisko: PRACOWNIK MAGAZYNU Miejsce pracy: MYSŁOWICE, ul. Brzezińska 50 Twój zakres obowiązków: Obsługa magazynu, Prace związane z wydawaniem surowców na produkcję, Pozostałe prace magazynowe, Sporządzanie niezbędnej dokumentacji związanej z wykonywaną pracą. Nasze wymagania: Wykształcenie zawodowe lub średnie, Uprawnienia na wózki widłowe z UDT- wysoki skład, Doświadczenie w obsłudze magazynu wysokiego składowania min. 1 rok. Oferujemy: Zatrudnienie na podstawie umowy o pracę, Pracę w organizacji o stabilnej pozycji na rynku, Premię miesięczną, premię frekwencyjną, Pakiet socjalny (m.in. bony i premie świąteczne, dopłaty do wypoczynku), Parking pracowniczy, Możliwość przystąpienia do Kasy zapomogowo-pożyczkowej, Ubezpieczenie grupowe PZU, Kartę Lunch Pass, Możliwość rozwoju zawodowego, Możliwość zdobycia doświadczenia.",1187,FULL_TIME,Umowa o pracę,Umowa o pracę,,,,,,NONE,,False,False,,,False,False,,1.0,junior,True,,1760215961000,1760215961000,pl
zatrudnie-ekspedientke-na-stolowke-CID4-ID173iuV,https://www.olx.pl/oferta/praca/zatrudnie-ekspedientke-na-stolowke-CID4-ID173iuV.html,UNKNOWN,Zatrudnię Ekspedientkę na stołówkę,Tomaszów Mazowiecki,Zatrudnię Ekspedientkę na stołówkę do wydawania obiadów Bardzo dobre warunki pracy Praca zmianowa Deko Smaku Tomaszów Mazowiecki ul. Wschodnia 14,145,FULL_TIME,Umowa o pracę,Umowa o pracę,,,,,,NONE,,False,False,,,False,False,,,,False,,1760216012000,1760216012000,pl
operator-maszyny-drukujacej-CID4-ID13qIlZ,https://www.olx.pl/oferta/praca/operator-maszyny-drukujacej-CID4-ID13qIlZ.html,UNKNOWN,Operator Maszyny Drukującej,"Kraków, Nowa Huta","Miejsce pracy: ul. Igołomska 25, Kraków. Twój zakres obowiązków Na tym stanowisku dołączysz do zespołu obsługującego maszynę drukującą i będziesz: obsługiwał wybrany moduł maszyny (po przeszkoleniu), nadzorował proces produkcyjny, kontrolował jakość półproduktów lub wyrobów gotowych, ściśle współpracował z Operatorem prowadzącym maszynę oraz całą załogą. Nasze wymagania dyspozycyjność do pracy w systemie zmianowym 12 godzinnym (7:00-19:00 ; 19:00-7:00) sprawność manualna. Mile widziane doświadczenie w obsłudze maszyn przemysłowych. To oferujemy wyższy dodatek za pracę w godzinach nocnych, system nagród, możliwość rozwoju zawodowego (szkolenia, ścieżka awansu dostępna na rekrutacja.walstead-ce.com), darmową, prywatną opiekę medyczną w TU Zdrowie, ubezpieczenie na życie i NNW w Generali, świadczenie świąteczne, wczasy pod gruszą do 1400 pln, stołówkę pracowniczą i dofinansowanie do posiłków, dofinansowanie do karty sportowej Medicover Sport, wycieczki rekreacyjne, darmowe kursy językowe - eTutor, kasę zapomogowo-pożyczkową, przyjazną atmosferę w pracy - mówimy sobie na “Ty” :) współpracowników, na których można liczyć, parking dla pracowników, odzież roboczą oraz usługę prania.",1194,FULL_TIME,Umowa o pracę,Umowa o pracę,,,,,,NONE,,False,False,,,False,False,,,,False,,1760216011000,1760216011000,pl
praca-przy-montazu-domow-modulowych-w-niemczech-CID4-ID17zCff,https://www.olx.pl/oferta/praca/praca-przy-montazu-domow-modulowych-w-niemczech-CID4-ID17zCff.html,UNKNOWN,praca przy montażu domów modułowych w Niemczech,Tarnowskie Góry,"Obowiązki: Nadzorowanie i koordynacja robót budowlanych Zarządzanie personelem budowy Kontrola przebiegu prac zgodnie z założeniami projektowymi i terminami Rozwiązywanie bieżących problemów technicznych Współpraca z podwykonawcami, inwestorem i projektantami Kontrola przestrzegania przepisów BHP i ppoż Czytanie projektów technicznych Organizacja pracy na budowie Zamawianie materiałów i koordynacja dostaw Bezpośrednie nadzorowanie jakości realizowanych robót Wymagania: Doświadczenie w branży budowlanej Umiejętność samodzielnego rozwiązywania problemów i podejmowania decyzji Umiejętność pracy z ludźmi i komunikatywność Znajomość dokumentacji projektowej i umiejętność kierowania pracami na jej podstawie Prawo jazdy kat. B Umiejętność czytania projektów technicznych Gotowość do pracy na wysokościach i przy zmiennych warunkach atmosferycznych Zaangażowanie i odpowiedzialność Umiejętność pracy w zespole Mile widziane doświadczenie na podobnym stanowisku",962,FULL_TIME,Umowa o pracę,Umowa o pracę,,,,,,NONE,,False,False,,,False,False,,,,False,,1760216033000,1760216033000,pl
zatrudnimy-budowlancow-z-zakwaterowaniem-CID4-IDX5f7Z,https://www.olx.pl/oferta/praca/zatrudnimy-budowlancow-z-zakwaterowaniem-CID4-IDX5f7Z.html,UNKNOWN,Zatrudnimy budowlańców z zakwaterowaniem,"Gdańsk, Śródmieście","Zatrudnimy murarzy, zbrojarzy, cieśli, budowlańców Zapewniamy zakwaterowanie Więcej informacji pod numerem telefonu: 50*****00",126,FULL_TIME,Umowa o pracę,Umowa o pracę,,,,,,NONE,,False,False,,,False,False,,,,False,,1760216032000,1760216032000,pl
pracownia-reklamy-szuka-pracownika-produkcji-CID4-ID16Z5Qi,https://www.olx.pl/oferta/praca/pracownia-reklamy-szuka-pracownika-produkcji-CID4-ID16Z5Qi.html,UNKNOWN,Pracownia Reklamy szuka Pracownika Produkcji,"Białystok, Dojlidy Górne","Pracownia Reklamy, lider w produkcji reklam świetlnych, poszukuje Pracownika Produkcji. Jeśli masz smykałkę do majsterkowania i znasz się na elektronarzędziach, to praca dla Ciebie! Czego oczekujemy? - Doświadczenia w pracy na warsztacie lub podobnego doświadczenia - Praktycznej umiejętności obsługi elektronarzędzi -umiejętności lutowania i zarabiania kabli -mile widziane zainteresowanie elektryką - Doświadczenia związane z elektryką - Chęci do pracy i zaangażowania Co oferujemy w zamian? - Stabilne zatrudnienie –umowę o pracę - Stałe godziny pracy od 8:00 do 16:00 - Ciekawą pracę w zgranym i wspierającym zespole - Możliwość nauki i rozwoju w dynamicznej branży Dołącz do nas i twórz z nami niepowtarzalne projekty! Osoby zainteresowane prosimy o przesłanie CV na adres",777,FULL_TIME,Umowa o pracę,Umowa o pracę,,,,,,NONE,,False,False,,,False,False,,,,False,,1760216053000,1760216053000,pl
sprzedawca-dobrzykowice-grupa-familijna-CID4-ID17z6oa,https://www.olx.pl/oferta/praca/sprzedawca-dobrzykowice-grupa-familijna-CID4-ID17z6oa.html,UNKNOWN,Sprzedawca - Dobrzykowice - Grupa Familijna,Dobrzykowice,"Grupa Familijna od ponad 34 lat łączy tradycję z nowoczesnością. W swojej pracy stosujemy podejście skoncentrowane na klienta oraz jego potrzeby, a bogate doświadczenie pozwala nam precyzyjnie na te potrzeby odpowiadać. Dostarczamy wysokiej jakości produkty ze świadomością, że lokalizacja w samym centrum Doliny Baryczy zobowiązuje. Naszą dumą są zdrowe, naturalne i smaczne wyroby, a podziękowaniem zadowolenie konsumenta i lojalność pracownika. Naszą pasją jest podnoszenie jakości produktów oraz rozwój, czego efektem jest rosnąca satysfakcja naszych klientów i pracowników. Na tym stanowisku będziesz odpowiadać za: profesjonalną i kompleksową obsługę naszych klientów indywidualne podejście do potrzeb każdego klienta prawidłową ekspozycję wyrobów wg obowiązujących standardów zapewnienie standardów czystości i estetyki w sklepie Jeśli należysz do tych osób, które: lubią pracę w handlu są komunikatywne chcą zdobywać doświadczenie w solidnej firmie To nasz zespół czeka właśnie na Ciebie! Korzyści dla Ciebie: stałe zatrudnienie - wiążemy z Tobą długą przyszłość dzięki ugruntowanej pozycji naszej Firmy na rynku system nagród profesjonalne wdrożenie do pracy prywatna opieka medyczna w całości finansowana przez Pracodawcę grupowe ubezpieczenie na życie wsparcie zespołu oraz kierownika punktu na każdym etapie zatrudnienia rodzinna atmosfera i przyjazne środowisko pracy",1380,FULL_TIME,"Umowa o pracę, Umowa zlecenie","Umowa o pracę, Umowa zlecenie",,,,,,NONE,,False,False,,,False,False,,,,False,,1760216053000,1760216053000,pl
kierownik-zmiany-na-produkcji-CID4-ID17I7sv,https://www.olx.pl/oferta/praca/kierownik-zmiany-na-produkcji-CID4-ID17I7sv.html,UNKNOWN,Kierownik Zmiany na produkcji,Kalisz,"Dla naszego Klienta- cenionej firmy produkcyjnej z Kalisza, której pasją jest tworzenie wysokiej jakości produktów, obecnie poszukujemy osoby na stanowisko Kierownika Zmiany. Zakres obowiązków Znajomość i przestrzeganie przepisów bezpieczeństwa/środowiskowych Realizacja planu produkcyjnego Przestrzeganie planu kontroli procesu zgodnie z Control Plan Gromadzenie danych jakościowych (złom/odpady/niezgodności) Przygotowanie działań zapobiegawczych i naprawczych w związku z problemami jakościowymi (reklamacje/odpady/odpracowania/niezgodności) Weryfikacja zgodności sprzętu/ narzędzi i parametrów procesu Rejestrowanie danych produkcyjnych i raportowanie do przełożonego Zarządzanie dostawami w systemie zmianowym Przestrzeganie i doskonalenie standardów produkcji Współpraca z personelem technicznym przy wprowadzaniu nowych produktów/procesów Rozwój zespołu w zakresie nowych produktów/ procesów Poszukiwane kompetencje Umiejętność organizowania pracy własnej i zespołu Umiejętność planowania działań w perspektywie średnio- i długoterminowej Znajomość narzędzi rozwiązywania problemów (Ishikawa/5W+1H/5W 0 Znajomość organizacji stanowiska pracy (Takt Time/Cycle Time/Ergonomia) Chęć rozwijania umiejętności swoich i swojego zespołu Umiejętność budowania relacji ze współpracownikami Zorientowanie na wyniki i ciągłe doskonalenie Dyspozycyjność do pracy w systemie III zmian Oferujemy Atrakcyjne wynagrodzenie dostosowane do Twojego doświadczenia i kwalifikacji Możliwość rozwijania się zawodowo i awansu na ścieżce kariery Pracę w zespole pełnym profesjonalistów, gdzie każdy przyczynia się do osiągnięcia wspólnych celów Przyjazną atmosferę pracy i korzystne warunki zatrudnienia, abyś czuł się u nas komfortowo Dostęp do nowoczesnych narzędzi i technologii, co umożliwi Ci rozwijanie umiejętności i zdobywanie nowych doświadczeń Umowę o pracę, gwarantującą Ci stabilność zatrudnienia Agencja numer 30867",1909,FULL_TIME,Umowa o pracę,Umowa o pracę,,,,,,NONE,,False,False,,,False,False,manager,,manager,True,,1760216053000,1760216053000,pl
specjalista-ds-ofertowania-styrobud-CID4-ID17MAqC,https://www.olx.pl/oferta/praca/specjalista-ds-ofertowania-styrobud-CID4-ID17MAqC.html,UNKNOWN,Specjalista ds ofertowania - STYROBUD,Rzeszów,"Firma STYROBUD B.T.K. Radomscy Sp.j. odpowiada na potrzeby swoich Klientów od 20 lat. Specjalizujemy się w produkcji materiałów budowlanych wykorzystywanych w budownictwie inżynieryjnym jak i małej architekturze. Duże doświadczenie w dziedzinie prefabrykatów, budowa coraz większego zaplecza maszyn do prefabrykacji oraz współpraca z renomowanymi dostawcami w zakresie dostaw surowców do produkcji pozwoliło nam tworzyć produkty, które zdobywają coraz większe uznanie u liczących się na rynku polskim firm działających w branży budowlanej, energetycznej, teletechnicznej. Do naszego zespołu poszukujemy kandydata/ki na stanowisko: Specjalista ds. Ofertowania Miejsce pracy: Sokołów Małopolski ul. Lubelska 88 Co do Ciebie będzie należało: przygotowywanie ofert handlowych dotyczących betonu oraz prefabrykatów betonowych/żelbetowych w szczególności studni kanalizacyjnych i elementów WOD - KAN, przyjmowanie zamówień, współpraca z klientem – uzgodnienie techniczne złożonego zamówienia, współpraca z przedstawicielami handlowymi, przekazywanie kompletnego zamówienia do Biura Obsługi Klienta celem realizacji na produkcji, kontakt oraz utrzymywanie dobrych relacji z klientami, monitoring przetargów publicznych, aktywny wkład w tworzeniu dobrego wizerunku firmy. Co od Ciebie oczekujemy: wykształcenie min. średnie, techniczne, umiejętność czytania rysunków technicznych, komunikatywność oraz umiejętność pracy w zespole, systematyczność i skrupulatność w pracy, dobrej znajomości MS Office - Excel. Mile widziane: doświadczenie w pracy na podobnym stanowisku. To oferujemy: stabilną pracę w firmie o ugruntowanej pozycji na rynku, atrakcyjne wynagrodzenie część stała + premia, praca w kreatywnym, wspierającym się wzajemnie i młodym zespole, benefity np.: paczki na święta, dofinansowanie do posiłków w przyzakładowej stołówce, miejsce parkingowe. Radomscy Sp. J. moich danych osobowych w celu realizacji procesu rekrutacji zgodnie z art. 6 ust. 1 lit. Radomscy Sp. J. moich danych osobowych na potrzeby przyszłych rekrutacji”.",2030,FULL_TIME,Umowa o pracę,Umowa o pracę,,,,,,NONE,,False,False,,,False,False,mid,,mid,True,,1760216074000,1760216074000,pl
rekruter-z-jez-angielskim-w-sochaczewie-CID4-ID17zH36,https://www.olx.pl/oferta/praca/rekruter-z-jez-angielskim-w-sochaczewie-CID4-ID17zH36.html,UNKNOWN,Rekruter z jęz. angielskim w Sochaczewie,Sochaczew,"SARENS to międzynarodowy koncern prowadzący projekty na całym świecie, lider w zakresie usług wynajmu żurawi oraz transportu ponadgabarytowego. Do naszego biura w Sochaczewie zatrudnimy: Rekrutera ze znajomością jęz. angielskiego Zakres obowiązków: Koordynowanie procesu rekrutacji na stanowiska różnego szczebla (rekrutacja kandydatów polskich oraz obcokrajowców): publikacja ogłoszeń, selekcja CV, prowadzenie rozmów, udzielanie feedbacku. Odpowiedzialność za aktywność w systemie CSOD, na portalach i mediach społecznościowych. Tworzenie raportów, wsparcie działu HR w codziennych obowiązkach działowych. Opieka administracyjna nad nowo przyjętymi pracownikami z innych krajów, pomoc w załatwianiu formalności w urzędach etc. Monitorowanie efektywności działań i raportowanie wyników. Współpraca z kadrą zarządzająca, HQ Grupy Sarens w Belgii, instytucjami zewnętrznymi. Wsparcie w budowaniu pozytywnego wizerunku firmy na rynku pracy. Wymagania: Doświadczenie na podobnym stanowisku. Znajomość języka angielskiego w mowie i piśmie na poziomie min B2, warunek konieczny. Biegła obsługa komputera: programy Word, Excel. Znajomość narzędzi rekrutacyjnych, portali pracy. Umiejętność prowadzenia rozmów kwalifikacyjnych oraz oceny kompetencji kandydatów. Dobra organizacja pracy i samodzielność. Zdolności interpersonalne i łatwość w nawiązywaniu relacji. Wysoki pozom kultury osobistej. Wykształcenie wyższe. Prawo jazdy kat. B. Oferujemy: Możliwość pracy w międzynarodowym środowisku renomowanej firmy o ogromnym doświadczeniu na rynku. Pracę stacjonarną w biurze w Sochaczewie. Zatrudnienie na umowie o pracę. Abonament medyczny według zasad obowiązujących w spółce. Dofinansowanie do karty sportowej. Dodatkowe ubezpieczenie grupowe. Udział w szkoleniach jęz. angielskiego. Przeczytaj o nas: Proszę aplikować po kliknięciu w link formularza. Aplikuj TYLKO przez formularz Pracodawcy (żółty przycisk ""Apply now"").",1916,FULL_TIME,Umowa o pracę,Umowa o pracę,,,,,,NONE,,False,False,,,False,False,,,,False,,1760216073000,1760216073000,pl
mechanik-na-produkcji-CID4-ID17I7rk,https://www.olx.pl/oferta/praca/mechanik-na-produkcji-CID4-ID17I7rk.html,UNKNOWN,Mechanik na produkcji,Kalisz,"Dla jednego z naszych Klientów, firmy działającej na terenie Kalisza, poszukujemy Mechaników maszyn z różnym doświadczeniem, którzy dołączą do zespołu technicznego. Zakres obowiązków Bieżąca konserwacja i serwis maszyn oraz urządzeń produkcyjnych Diagnozowanie i usuwanie usterek mechanicznych Montaż i demontaż podzespołów maszyn Współpraca z zespołem technicznym i działem produkcji Wykonywanie przeglądów zgodnie z harmonogramem Poszukiwane kompetencje Doświadczenie na podobnym stanowisku (mile widziane) Znajomość budowy i zasad działania maszyn przemysłowych Umiejętność posługiwania się narzędziami diagnostycznymi i pomiarowymi Znajomość rysunku technicznego Gotowość do pracy w systemie zmianowym Dokładność, odpowiedzialność i samodzielność Oferujemy Stabilne zatrudnienie w rozwijającej się firmie na podstawie umowy o pracę Wynagrodzenie adekwatne do doświadczenia zawodowego Nowoczesne zaplecze techniczne Możliwość rozwoju zawodowego Przyjazne środowisko pracy i wsparcie zespołu Agencja numer 30867",1013,FULL_TIME,Umowa o pracę,Umowa o pracę,,,,,,NONE,,False,False,,,False,False,,,,False,,1760216135000,1760216135000,pl
agencja-pko-bp-s-a-wegierska-gorka-doradca-klienta-CID4-ID13QePT,https://www.olx.pl/oferta/praca/agencja-pko-bp-s-a-wegierska-gorka-doradca-klienta-CID4-ID13QePT.html,UNKNOWN,`AGENCJA PKO BP S.A. Węgierska Górka Doradca Klienta,Węgierska Górka,"Główne zadania: kompleksowa obsługa klientów realizacja planów sprzedażowych pozyskiwanie klientów oraz zapewnienie efektywnej sprzedaży oferowanych produktów realizacja transakcji zlecanych przez klientów zapewnienie wysokiego poziomu obsługi klientów zapewnienie wysokiego poziomu obsługi klientów prowadzenie ewidencji realizowanych operacji w odpowiednich systemach informatycznych Oczekujemy: minimum średniego wykształcenia komunikatywności, otwartości, dążenia do wyznaczonych celów umiejętności sprzedaży i budowania trwałych relacji z klientami realizacji celów sprzedażowych chęci poszerzenia wiedzy",609,FULL_TIME,Umowa o pracę,Umowa o pracę,,,,,,NONE,,False,False,,,False,False,,,,False,,1760216155000,1760216155000,pl
stolarz-pomocnik-stolarza-CID4-ID17MHIl,https://www.olx.pl/oferta/praca/stolarz-pomocnik-stolarza-CID4-ID17MHIl.html,UNKNOWN,STOLARZ / pomocnik stolarza,Łuków,"VIVENGE to renomowany polski producent wyposażenia meblowego i identyfikacji wizualnej sieci sklepów. Firma świadczy usługi w takich krajach jak: Polska, Słowacja, Czechy, Niemcy, Węgry, Francja i Skandynawia. VIVENGE to uznana i ceniona firma z 26 letnim doświadczeniem specjalizująca się w produkcji mebli i oznakowania reklamowego klientów sieciowych z branży paliwowej, bankowej, spożywczej, odzieżowej. Firma posiada 15 000 m2 powierzchni produkcyjno-magazynowej i zatrudnia ponad 200 pracowników. DO PRACY W ZAKŁADZIE PRODUKCYJNYM W GRĘZÓWCE Aktualnie zatrudnimy na stanowiska: STOLARZ / POMOCNIK STOLARZA Zatrudnimy również osoby bez przygotowania zawodowego DO PRZYUCZENIA Stolarz: Produkcja mebli z płyt MDF, HDF, wiórowych i laminowanych Obsługa maszyn stolarskich (piły, okleiniarki, wiertarki) Montaż elementów meblowych zgodnie z dokumentacją techniczną Kontrola jakości wykonanych produktów Pomocnik stolarza: Wsparcie przy produkcji i montażu mebli Przygotowywanie materiałów do obróbki Utrzymanie porządku na stanowisku pracy Pomoc w pakowaniu i załadunku gotowych produktów Wymagania: Doświadczenie w pracy na podobnym stanowisku (mile widziane) Umiejętność pracy w zespole Sumienność, dokładność i zaangażowanie Gotowość do nauki i rozwoju zawodowego Oferujemy: Interesującą pracę w uznanej i znanej na rynku europejskim firmie produkcyjnej Stabilne zatrudnienie i wynagrodzenie, w oparciu o umowę o pracę Dobre stawki płatnicze adekwatne do posiadanych umiejętności Wsparcie zespołu w realizacji wyznaczonych celów Zespołowa atmosfera wśród kolegów z wieloletnim doświadczeniem w branży Zainteresowane osoby prosimy o przesłanie CV za pośrednictwem serwisu olx.pl, bądź kontakt telefoniczny pod numerem telefonu +48*******42",1743,FULL_TIME,Umowa o pracę,Umowa o pracę,,,,,,NONE,,False,False,,,False,False,,,,False,,1760216206000,1760216206000,pl
doradca-klienta-grajewo-i-okolice-CID4-ID17FWDJ,https://www.olx.pl/oferta/praca/doradca-klienta-grajewo-i-okolice-CID4-ID17FWDJ.html,UNKNOWN,Doradca Klienta- Grajewo i okolice,Grajewo,"Jeśli: Chcesz zarabiać w sprzedaży i obsłudze klienta A do tego: ü Szukasz zajęcia, które pogodzisz z innymi aktywnościami ü Chcesz pomagać klientom w realizacji ich planów rola Doradcy/ Doradczyni Klienta jest właśnie dla Ciebie Mamy dla Ciebie : · Wynagrodzenie: Zależne od Twoich osiągnięć, z prowizją, premiami oraz bonusem zespołowym za realizację celów. · Programy wspierające Twoje zarobki w okresie wdrożenia · Najlepsze narzędzia: Tablet, telefon z bezpłatnym abonamentem oraz aplikacje ze wspierającą Cię zawsze aktualną wiedzą. · Elastyczne godziny współpracy: Elastyczne godziny współpracy: Możliwość dostosowania harmonogramu do Twoich potrzeb. · Sponsorowane Ubezpieczenie NNW: Zapewniamy dodatkowe zabezpieczenie. · Umowa cywilnoprawna: Z naszym wkładem w Twoją przyszłą emeryturę poprzez odprowadzanie składek do ZUS. Dodatkowo gwarantujemy: · Grupę klientów na start: Od razu po rozpoczęciu współpracy. · Kompleksowe wdrożenie pod opieką mentora · Szkolenia wdrożeniowe i rozwojowe: m.in. ze sprzedaży, komunikacji i kompetencji miękkich. · Bezpłatną Certyfikację OFWCA przy KNF: Umożliwi Ci to także sprzedaż ubezpieczeń indywidualnych Z nami zyskujesz przejrzystą ŚCIEŻKĘ ROZWOJU w tym możliwości awansu na rolę Doradcy Klienta Eksperta, a także na stanowisko Kierownika Rejonu. Zadania, które chcemy Ci powierzyć: · Sprzedaż produktów (m.in. pożyczki, karty kredytowe, ubezpieczenia). · Obsługa posprzedażowa i odbiór rat u klientów. · Budowanie i utrzymywanie relacji z klientami. · Pozyskiwanie klientów. Zainteresowała Cię ta propozycja? Wystarczy, że masz: · wykształcenie minimum średnie, · otwartość na współpracę z klientami w terenie, · gotowość do nabywania nowej wiedzy i umiejętności. · łatwość w nawiązywaniu kontaktów, a współpraca z ludźmi sprawia Ci przyjemność. Osoby zainteresowane ofertą prosimy o wypełnienie formularza zgłoszeniowego. APLIKUJ LINK Jeżeli jesteś zainteresowany/a pracą w innej lokalizacji, odwiedź naszą stronę lub zadzwoń na numer 600 400 380 Zainteresowała Cię ta propozycja? APLIKUJ",2041,PART_TIME,Umowa zlecenie,Umowa zlecenie,,,,,,NONE,,False,False,,,False,False,,,,False,,1760216267000,1760216267000,pl
spawacz-matalurgiczny-CID4-ID13vMxc,https://www.olx.pl/oferta/praca/spawacz-matalurgiczny-CID4-ID13vMxc.html,UNKNOWN,Spawacz matalurgiczny,Ostróda,"W związku z rozwojem firmy KOTNIZ MAZURY sp. z o.o. poszukujemy nowych kandydatów z doświadczeniem na stanowisko: SPAWACZ Praca na umowę o pracę, umowę zlecenie lub B2B. Zakres obowiązków: Spawanie wyrobów ze stali nierdzewnej na podstawie instrukcji stanowiskowej i rysunku technicznej Mechaniczne wykańczanie powierzchni Przestrzeganie przepisów BHP na stanowisku pracy Wymagania: Aktualne uprawnienia spawalnicze Doświadczenie w spawaniu Mile widziane doświadczenie przy spawaniu aluminium Znajomość rysunku technicznego Sprawność manualna Oferujemy: Pracę w firmie o ugruntowanej pozycji na rynku Możliwość osobistego rozwoju oraz zdobywania doświadczenia w nowych obszarach zawodowych Benefity: prywatna opieka zdrowotna, ubezpieczenia grupowe.",749,FULL_TIME,"Umowa o pracę, Samozatrudnienie, Umowa zlecenie","Umowa o pracę, Samozatrudnienie, Umowa zlecenie",,,,,,NONE,,False,False,,,False,False,,,,False,,1760216287000,1760216287000,pl
sprzedawca-umowa-zlecenie-zgorzelec-galeria-slowianska-CID4-ID17NhDi,https://www.olx.pl/oferta/praca/sprzedawca-umowa-zlecenie-zgorzelec-galeria-slowianska-CID4-ID17NhDi.html,UNKNOWN,Sprzedawca (umowa zlecenie) Zgorzelec Galeria Słowiańska,Zgorzelec,"JAKIE BĘDĄ TWOJE ZADANIA? Wsparcie w bieżących procesach związanych z funkcjonowaniem sklepu (przygotowanie towaru do wyłożenia oraz jego ekspozycja, obsługa kasy fiskalnej) CZEGO MOŻESZ SIĘ SPODZIEWAĆ? Zatrudnienia w ramach umowy zlecenie Zespołu, który służy pomocą i dba o wspólne relacje Wsparcia bardziej doświadczonych kolegów we wdrożeniu w obowiązki Możliwości dopasowania godzin pracy do Twoich potrzeb CO UŁATWI CI REALIZACJĘ ZADAŃ? Umiejętność szybkiego uczenia się Otwartość na dynamikę i zmiany w codziennej pracy Odpowiedzialność za powierzone zadania i obowiązki Umiejętność pracy w zespole Łatwość w nawiązywaniu kontaktu z Klientem Gotowość do pracy w trybie zmianowym oraz w weekendy DO PEŁNEJ UKŁADANKI BRAKUJE NAM TYLKO CIEBIE :) Obowiązek informacyjny OBOWIĄZEK INFORMACYJNY DO ZAMIESZCZENIA W OGŁOSZENIU O PRACĘ – Dane osobowe, podanie których jest obowiązkowe zgodnie z obowiązującymi przepisami prawa, oznaczone są symbolem (*). Pozostałe dane osobowe podawane są przez kandydata dobrowolnie. Administratorem Twoich danych osobowych zawartych w zgłoszeniu jest SMYK S.A. z siedzibą w Warszawie (02-672), ul. Domaniewska 48. Będziemy przetwarzać Twoje dane osobowe w celu przeprowadzenia procesu rekrutacji na stanowisko, na które aplikujesz, w celu prowadzenia przyszłych rekrutacji (o ile wyrazisz na to zgodę) i w celu ewentualnego ustalenia, dochodzenia lub obrony przed roszczeniami. Zakres danych osobowych wymaganych przez Smyk S.A. w procesie rekrutacji wskazany jest każdorazowo w formularzu stosowanym w ramach procesu rekrutacji. Podanie danych osobowych przekraczających zakres danych osobowych, wymaganych przez Smyk S.A. Jeśli chcesz, aby Twoje dane osobowe były przetwarzane przez SMYK S.A. z siedzibą w Warszawie (02-672), ul. Domaniewska 48, moich danych osobowych zawartych w dokumentach aplikacyjnych na potrzeby przyszłych rekrutacji.” Możesz z łatwością cofnąć każdą ze zgód z punktu 2 i 3 w dowolnym momencie. Aby to zrobić prześlij email na adres mojedane(małpa)smyk.com lub zadzwoń pod numer +48 22 448 00 00. Wycofanie zgody nie wpływa na zgodność z prawem przetwarzania dokonanego przed jej wycofaniem. Pełną informację odnośnie przetwarzania Twoich danych osobowych znajdziesz tutaj:",2233,PART_TIME,Umowa zlecenie,Umowa zlecenie,,,,,,NONE,,False,False,,,False,False,,,,False,,1760216287000,1760216287000,pl
pracownik-produkcji-dabrowa-chelminska-CID4-ID17jue4,https://www.olx.pl/oferta/praca/pracownik-produkcji-dabrowa-chelminska-CID4-ID17jue4.html,UNKNOWN,Pracownik produkcji Dąbrowa Chełmińska,Dąbrowa Chełmińska,"Greenyard Frozen Poland Sp. z o.o. jest producentem najwyższej jakości mrożonek owocowych i warzywnych, mrożonych ziół oraz dań gotowych dla rynku detalicznego, gastronomicznego i przemysłowego. PRACOWNIK PRODUKCJI Miejsce pracy: Dąbrowa Chełmińska Czym się będziesz zajmował/a: prace pomocnicze na liniach pakowania i mrożenia paletyzacja opakowań przygotowywanie opakowań zbiorczych Co zyskasz: Stabilne zatrudnienie (umowa o pracę) Możliwość rozwoju i zdobywania nowych obszarów wiedzy zawodowej, uczestniczenia w szkoleniach Premię motywacyjną Bogaty pakiet świadczeń socjalnych, m.in.: prywatna opieka medyczna, premie i paczki świąteczne, gorące posiłki w miejscu pracy, dofinansowanie do pakietów sportowych, dofinansowanie do wypoczynku pracowników oraz do kolonii dla dzieci pracowników",795,FULL_TIME,Umowa o pracę,Umowa o pracę,,,,,,NONE,,False,False,,,False,False,,,,False,,1760216308000,1760216308000,pl
specjalista-ds-sprzedazy-w-salonie-play-ilawa-CID4-ID14Uxbn,https://www.olx.pl/oferta/praca/specjalista-ds-sprzedazy-w-salonie-play-ilawa-CID4-ID14Uxbn.html,UNKNOWN,Specjalista ds. Sprzedaży w salonie PLAY Iława,Iława,"Salon PLAY w Iławie poszukuje uczciwej i odpowiedzialnej osoby do naszego zespołu! Jeżeli lubisz pracę z ludźmi, chcesz zdobywać doświadczenie i rozwijać swoje zainteresowania zapraszamy do aplikacji! Oczekujemy: nastawienia na realizację celu, wysokiej kultury osobistej, poczucia odpowiedzialności, odporności na stres, umiejętności szybkiego uczenia się, dyspozycyjności - gotowość do pracy zmianowej oraz w weekendy. Pracujemy w godzinach 9 - 20 łącznie z sobotami. Tworzymy elastyczny grafik dostosowany do potrzeb każdego, dzięki temu masz dodatkowo wolny dzień w tygodniu więcej na swoje plany. Oferujemy: długoterminową współpracę w oparciu o umowę o pracę po okresie próbnym, atrakcyjne wynagrodzenie (podstawa + prowizja + dodatkowe benefity), pełne wsparcie w okresie wdrożenia, miłą atmosferę. Podejmij wyzwanie! Czekamy na Ciebie! Informujemy, że skontaktujemy się wyłącznie z wybranymi kandydatami.",912,FULL_TIME,Umowa zlecenie,Umowa zlecenie,,,,,,NONE,,False,False,,,False,False,mid,,mid,True,,1760216328000,1760216328000,pl
specjalista-ds-zaopatrzenia-ul-partyzantow-wronki-CID4-ID17MofP,https://www.olx.pl/oferta/praca/specjalista-ds-zaopatrzenia-ul-partyzantow-wronki-CID4-ID17MofP.html,UNKNOWN,"Specjalista ds. zaopatrzenia - ul. Partyzantów, Wronki",Wronki,"POLSKA GRUPA SW PRZEDSIĘBIORSTWO PAŃSTWOWE POSZUKUJE PRACOWNIKA NA STANOWISKO: Specjalista ds. zaopatrzenia - ul. Partyzantów, Wronki Opis stanowiska: Poszukujemy osoby na stanowisko Specjalisty ds. Zaopatrzenia, która będzie odpowiedzialna za zapewnienie ciągłości dostaw materiałów, surowców i usług niezbędnych do prawidłowego funkcjonowania firmy. Zadania na stanowisku pracy: realizacja zamówień zakupowych zgodnie z zapotrzebowaniem poszczególnych działów, poszukiwanie i ocena nowych dostawców oraz utrzymywanie relacji z obecnymi partnerami handlowymi, negocjowanie warunków handlowych i umów, monitorowanie stanów magazynowych i optymalizacja zapasów, kontrola jakościowa i ilościowa dostaw surowców oraz materiałów, prowadzenie dokumentacji związanej z zakupami i dostawami, sporządzanie sprawozdań i zestawień statystycznych (m.in. GUS), nadzór nad terminowością dostaw i rozliczaniem faktur, współpraca z działem produkcji, logistyki i finansów, wykonywanie innych poleceń przełożonych związanych z bieżącą działalnością działu zaopatrzenia. Wymagania: wykształcenie średnie lub wyższe, mile widziane 1–2 lata doświadczenia w dziale zakupów lub zaopatrzenia, mile widziane doświadczenie w branży metalowej, znajomość procesów zakupowych i zasad gospodarki magazynowej, dobra znajomość pakietu MS Office (w szczególności Excel), umiejętność analitycznego myślenia i organizacji pracy własnej, komunikatywność, samodzielność i odpowiedzialność, znajomość języka angielskiego będzie dodatkowym atutem. Oferujemy: umowa zlecenie ( z możliwością przejścia na umowę o pracę), praca od poniedziałku do piątku, Zakładowy Fundusz Świadczeń Socjalnych, dofinansowanie do prywatnej opieki medycznej oraz pakietu sportowego. Zgłoszenia zawierające CV prosimy przesyłać poprzez opcję: APLIKUJ Za wszystkie zgłoszenia serdecznie dziękujemy. Informujemy, że skontaktujemy się z wybranymi kandydatami. Za wszystkie zgłoszenia serdecznie dziękujemy. W związku z art. Kocjana 3, 01-473 Warszawa (dalej: Administrator). realizacji procesu pozyskania odpowiednich usługodawców do realizacji świadczeń na rzecz administratora w celu zawarcia z nimi odpowiedniej umowy na realizację tych świadczeń – podstawą przetwarzania danych jest art. 6 ust. 1 lit. przetwarzanie jest niezbędne do podjęcia działań na żądanie osoby, której dane dotyczą przed zawarciem umowy, b.w celu kontaktu telefonicznego lub mailowego z wybranym zleceniobiorcą – podstawą przetwarzania danych jest art. 6 ust. 1 lit. prawnie uzasadniony interes administratora, przejawiający się koniecznością nawiązania kontaktu z właściwym oferentem zainteresowanym współpracą na podstawie umowy cywilnoprawnej, • Dostęp do danych osobowych mają następujący odbiorcy danych: usługodawcy z których korzysta administrator w zakresie usług informatycznych, doradczych, prawnych, audytowych w oparciu o zawarte umowy na realizację tych usług i którym powierzył dane osobowe do przetwarzania na podstawie odpowiednich umów powierzenia przetwarzania danych zawartych w związku z korzystaniem z tych usług. • Dane osobowe przetwarzane w celach wskazanych w ust. 3 będą przetwarzane przez okres 3 miesięcy od pozyskania danych. • Podanie danych jest dobrowolne jednak niezbędne do udziału w procesie pozyskania usługodawcy. W przypadku niepodania wymaganych danych zgłoszenie nie będzie brane pod uwagę. • Osoba, której dane dotyczą może żądać od Administratora realizacji następujących praw: a. prawa dostępu do swoich danych osobowych (art. prawa sprostowania swoich danych (art. prawa do ograniczenia przetwarzania jej danych w sytuacjach i na zasadach wskazanych w art. prawa do wniesienia w dowolnym momencie sprzeciwu wobec przetwarzania jej danych osobowych z przyczyn związanych z jej szczególną sytuacją, o którym mowa w art. 21 ust. • Dane osobowe nie będą podlegały profilowaniu, w tym przetwarzane w celu podejmowania decyzji w sposób zautomatyzowany. • Dane osobowe nie będą przekazywane do państw trzecich ani organizacji międzynarodowych.",3996,FULL_TIME,Umowa zlecenie,Umowa zlecenie,,,,,,NONE,,False,False,,,False,False,mid,2.0,mid,True,,1760216328000,1760216328000,pl
pracownik-budowlany-szpachlarz-malarz-CID4-ID17IaxM,https://www.olx.pl/oferta/praca/pracownik-budowlany-szpachlarz-malarz-CID4-ID17IaxM.html,UNKNOWN,Pracownik budowlany/szpachlarz/malarz,Śmieszkowo,Zatrudnie pracownika szpachlarz/malarz. praca na miejscu lub w delegacji. Wiecej informacji pod nr telefonu Umowa o pracę,121,FULL_TIME,Umowa o pracę,Umowa o pracę,0.0,,,,,NONE,,False,False,,,False,False,,,,False,,1760216328000,1760216328000,pl
operator-maszyn-mokate-s-a-CID4-IDQAlHC,https://www.olx.pl/oferta/praca/operator-maszyn-mokate-s-a-CID4-IDQAlHC.html,UNKNOWN,Operator maszyn- Mokate S.A.,Ustroń,"Mokate S.A. z siedzibą w Ustroniu ul. Katowicka 265a zatrudni pracownika na stanowisko: Operator maszyn Wybrana osoba będzie odpowiedzialna m.in. za: · Dbanie o utrzymanie ciągłości produkcji na obsługiwanych liniach- wymiana zużytych materiałów, dosypywanie surowców, · Prowadzenie kontroli prawidłowości procesu produkcyjnego · Rozliczenie materiałów opakowaniowych i prowadzenie kart pracy obsługiwanej maszyny · Przestrzeganie zasad BHP, Ppoż oraz procedur i instrukcji HACCP i ISO Wymagania: · Książeczka sanitarno- epidemiologiczna · samodzielność, zaangażowanie, dokładność · odpowiedzialność za wykonywanie zadań · gotowość do podjęcia pracy w systemie 3 zmianowym Oferujemy: · Dojazd do pracy z Cieszyna, Skoczowa, Koniakowa, Jaworzynki, Istebnej, Wisły i Ustronia · zatrudnienie na podstawie umowy o pracę pełny etat · dofinansowanie do karty MultiSport · pakiety medyczne · ubezpieczenie grupowe · rabaty w sklepie firmowym Mokate · bardzo dobre warunki pracy Uprzejmie informujemy, że skontaktujemy się wyłącznie z wybranymi osobami.",1045,FULL_TIME,Umowa o pracę,Umowa o pracę,,,,,,NONE,,False,False,,,False,False,,,,False,,1760216328000,1760216328000,pl
praca-operator-koparki-kolowej-z-doswiadczeniem-zimar-slupsk-CID4-IDV0ASb,https://www.olx.pl/oferta/praca/praca-operator-koparki-kolowej-z-doswiadczeniem-zimar-slupsk-CID4-IDV0ASb.html,UNKNOWN,Praca operator koparki kołowej z doświadczeniem ZIMAR Słupsk,Słupsk,"Firma ZIMAR Ryszard Ziegert zatrudni operatora koparki kołowej z doświadczeniem. Miejsce pracy: Słupsk NASZE WYMAGANIA: dyspozycyjność, rzetelność, punktualność, doświadczenie przy robotach budowlanych (budowie dróg), uprawnienia do obsługi maszyn, dbanie o stan techniczny sprzętu. MILE WIDZIANE: znajomość systemu 3D LEICA, GPS, mile widziane prawo jazdy kat. B. TO OFERUJEMY: stabilne warunki zatrudnienia w oparciu o umowę o pracę na pełen etat, praca w godzinach 07:00-17:00, zatrudnienie od zaraz, atrakcyjne wynagrodzenie adekwatne do doświadczenia i zaangażowania, pracę w zgranym zespole, możliwość podnoszenia kwalifikacji zawodowych i rozwoju zawodowego, korzystne warunki dodatkowego ubezpieczenia na życie, możliwość podniesienia kwalifikacji zawodowych, szkolenia, spotkania integracyjne.",802,FULL_TIME,Umowa o pracę,Umowa o pracę,,,,,,NONE,,False,False,,,False,False,,,,False,,1760216349000,1760216349000,pl
mlodszy-operator-linii-produkcyjnej-wm-isover-gliwice-CID4-ID16U8Q5,https://www.olx.pl/oferta/praca/mlodszy-operator-linii-produkcyjnej-wm-isover-gliwice-CID4-ID16U8Q5.html,UNKNOWN,Młodszy Operator Linii Produkcyjnej WM Isover Gliwice,"Gliwice, Bojków","Zakres obowiązków Obsługa urządzeń linii produkcyjnej. Zgłaszanie awarii i problemów technicznych. Kontrola jakości produktu. Wymagania Zaangażowanie, chęć do nauki, nastawienie na pracę zespołową. Gotowość do pracy w systemie zmianowym, a także w weekendy i święta - warunek konieczny. Benefity Zatrudnienie w firmie, będącej jednym z liderów rynku materiałów budowlanych w Polsce i na świecie. Atrakcyjne wynagrodzenie wraz z motywującym systemem premiowym; Bogaty pakiet szkoleń i stały rozwój w wymagającym środowisku. Opieka medyczna Medicover dla całej rodziny, ubezpieczenie grupowe. Praca w profesjonalnym i przyjaznym zespole ludzi pełnych pasji i zaangażowania, ciekawe wyzwania i świetna atmosfera. Możliwość korzystania z poradni internetowej oferującej bezpłatne konsultacje ze specjalistami. Dostęp do nauki języka angielskiego, niemieckiego oraz hiszpańskiego dla Ciebie oraz Twojej rodziny. Programy polecające dzięki którym za polecenie Nam pracownika otrzymasz 2000 zł. Liczne akcje dla pracowników, wyjazdy integracyjne, konkursy. Atrakcyjne świadczenia socjalne. O nas ISOVER Marka ISOVER wchodzi w skład oferty produktów budowlanych firmy Saint- Gobain Construction Products Polska Sp. z o.o. Jesteśmy renomowaną marką najwyższej jakości materiałów izolacyjnych - liderem wśród producentów wełny mineralnej. W Polsce jesteśmy laureatem wielu prestiżowych nagród oraz wyróżnień, jak Budowlana Marka Roku, Konsumencki Lider Jakości, Premium Brand, Herkules, Top Builder, a od 2006 roku nieprzerwanie szczycimy się godłem Teraz Polska. Dołącz do naszego zespołu!",1580,FULL_TIME,Umowa o pracę,Umowa o pracę,,,,,,NONE,,False,False,,,False,False,junior,,junior,True,,1760216349000,1760216349000,pl
pracownik-uboju-indyka-CID4-IDQBAg3,https://www.olx.pl/oferta/praca/pracownik-uboju-indyka-CID4-IDQBAg3.html,UNKNOWN,Pracownik uboju indyka,Mosina,"Firma Wielkopolski Indyk będąca liderem na rynku w swojej branży, obecnie poszukuje kandydatów na stanowisko: Pracownik uboju. Miejsce pracy: Bolesławiec 12 A (8km od Mosiny). Zakres obowiązków: Przygotowanie tuszek do dalszej obróbki poprzez usuwanie podrobów i ich odpowiednie sortowanie, Dokładne mycie oraz oczyszczanie elementów drobiu zgodnie z obowiązującymi standardami, Wstępne przygotowanie mięsa do dalszego rozbioru i przetwarzania, Dbałość o zachowanie norm jakości i higieny na stanowisku pracy, Przestrzeganie zasad bezpieczeństwa i higieny pracy. Oczekiwania: Odpowiedzialność i sumienność w wykonywaniu obowiązków, Gotowość do pracy w systemie zmianowym oraz w wybrane weekendy, Umiejętności pracy w zespole, Książeczka do celów sanitarno-epidemiologicznych (lub chęć do jej wyrobienia). Oferujemy: Stabilne zatrudnienie na umowę o pracę, Atrakcyjne wynagrodzenie, w tym system premiowy, Pracę 2 - zmianową, Dodatkowe ubezpieczenie zdrowotne oraz kartę Medicover Sport na preferencyjnych warunkach, System poleceń pracowniczych, Zniżki na produkty firmowe oraz paczki świąteczne, Odzież roboczą dostosowaną do warunków pracy oraz codziennie ciepły, darmowy posiłek. o ochronie danych osobowych.” Administratorem danych jest Wielkopolski Indyk Sp. z o.o. z siedzibą w Bolesławcu 12a, 62-050 Mosina. Dane osobowe przetwarzane są w celu rekrutacyjnym (tj. w związku z obecną i przyszłymi). Każdemu kandydatowi przysługuje prawo wglądu do jego danych osobowych i możliwość ich poprawiania, a podanie danych jest dobrowolne, jednak niezbędne do tego by można je było przetwarzać w ww. celu.",1602,FULL_TIME,Umowa o pracę,Umowa o pracę,,,,,,NONE,,False,False,,,False,False,,,,False,,1760216406000,1760216406000,pl
spawacz-mag-od-zaraz-CID4-ID17Irnb,https://www.olx.pl/oferta/praca/spawacz-mag-od-zaraz-CID4-ID17Irnb.html,UNKNOWN,Spawacz MAG - od zaraz,Bydgoszcz,"Metalkas SA to intensywnie rozwijająca się spółka z kapitałem polskim, z 60 – letnią tradycją, o uznanej i ugruntowanej pozycji na rynku. Obecnie poszukujemy osoby na stanowisko: SPAWACZ MAG Miejsce pracy: Bydgoszcz, ul. Deszczowa 63 ZAKRES ZADAŃ: · przygotowanie produktów do spawania; · spawanie konstrukcji stalowych; · przestrzeganie norm technicznych, technologicznych i jakościowych. OCZEKUJEMY: · uprawnień MAG; · umiejętności czytania rysunku technicznego; · bardzo dobrej organizacji pracy; · zdolności manualnych, skrupulatności, precyzji; · dyspozycyjności (praca w systemie trzyzmianowym). KONTAKT: adres: Bydgoszcz, ul. Nowotoruńska 40",648,FULL_TIME,Umowa o pracę,Umowa o pracę,,,,,,NONE,,False,False,,,False,False,,,,False,,1760216433000,1760216433000,pl
zatrudnimy-menadzera-budowy-CID4-ID17Ib09,https://www.olx.pl/oferta/praca/zatrudnimy-menadzera-budowy-CID4-ID17Ib09.html,UNKNOWN,Zatrudnimy - Menadżera Budowy,"Łódź, Śródmieście","Poszukiwany: Menadżer Budowy Poszukujemy doświadczonego i ambitnego Menadżera Budowy, który obejmie nadzór nad realizacją inwestycji budowlanych. Zakres obowiązków: Koordynacja i nadzór nad przebiegiem prac budowlanych na wszystkich etapach projektu Zarządzanie pracownikami budowlanymi i podwykonawcami Kontrola harmonogramu, budżetu oraz jakości wykonywanych robót Współpraca z inwestorem, projektantami, inspektorami i dostawcami Raportowanie postępów prac Wymagania: Wykształcenie budowlane (mile widziane kierunki pokrewne) Doświadczenie w prowadzeniu inwestycji budowlanych Uprawnienia budowlane do kierowania robotami – będą dużym atutem Umiejętność zarządzania zespołem i pracy pod presją czasu Dobra znajomość prawa budowlanego oraz procedur formalno-prawnych Komunikatywność i samodzielność w podejmowaniu decyzji Osoby zdecydowane i poważnie zainteresowane zapraszamy do kontaktu!",891,FULL_TIME,"Inny, Umowa o pracę, Samozatrudnienie","Inny, Umowa o pracę, Samozatrudnienie",,,,,,NONE,,False,False,,,False,False,,,,False,,1760216426000,1760216426000,pl
pokojowa-pracownik-sluzby-pieter-CID4-ID10RLHm,https://www.olx.pl/oferta/praca/pokojowa-pracownik-sluzby-pieter-CID4-ID10RLHm.html,UNKNOWN,Pokojowa / pracownik służby pięter,Bielsko-Biała,"Hotel & Apartments Ventus Rosa poszukuje pracowników do hotelu w Bielsku-Białej. Zakres obowiązków: Utrzymanie porządku w pokojach hotelowych, korytarzach oraz pomieszczeniach wspólnych znajdujących się na terenie hotelu, zgodnie z wymogami i standardami obiektu. Praca w godzinach: 8:00 - 16:00 9:00 - 17:00 Wymagania: Dokładności i dobrej organizacji pracy; Umiejętności pracy w zespole; Gotowości i braku przeciwwskazań do pracy fizycznej; Minimum podstawowej znajomości języka angielskiego; Dyspozycyjność; Firma oferuje: Pracę w młodym, dynamicznym zespole. Umowę zlecenie / umowę o pracę",593,FULL_TIME,"Umowa o pracę, Umowa zlecenie","Umowa o pracę, Umowa zlecenie",,,,,,NONE,,False,False,,,False,False,,,,False,,1760216426000,1760216426000,pl
specjalista-dtp-drukarnia-comgraph-sp-z-o-o-CID4-ID16BVv8,https://www.olx.pl/oferta/praca/specjalista-dtp-drukarnia-comgraph-sp-z-o-o-CID4-ID16BVv8.html,UNKNOWN,Specjalista DTP - drukarnia COMgraph sp. z o.o.,"Szczecin, Dąbie","COMgraph Sp. z o.o. jest uniwersalną drukarnią specjalizującą się w produkcji wysokiej jakości materiałów reklamowych, opakowań dla klientów farmaceutycznych, druków transakcyjnych dla klientów instytucjonalnych, opakowań oraz materiałów użytkowych dla klienta indywidualnego. Szukamy kompetentnej osoby na stanowisko Specjalista DTP, który zajmie się przygotowywaniem materiałów graficznych do druku zgodnych z zamówieniem i specyfikacją technologiczną. Nasze zakłady produkcyjne znajdują się w trzech lokalizacjach. Każdy z nich odgrywa ważną rolę w kształtowaniu i rozwoju naszej firmy. Podstawą działania naszych zakładów produkcyjnych jest przestrzeganie zasad i procedur w celu zapewnienia najwyższej jakości produktów i obsługi. W związku z tym poszukujemy właściwego pracownika, który zadba o to, aby nasze zespoły działały niezawodnie oraz osiągały wysokie wyniki. Rola i obowiązki: przygotowywanie materiałów elektronicznych do druku, wykonywanie montaży elektronicznych, weryfikacja materiałów pod względem przydatności do druku, przygotowywanie plików do naświetlania, kontrola parametrów przeprowadzanego procesu przygotowania plików do druku, archiwizowanie plików zgodnie z przyjętą procedurą. Podstawowe wymagania: wykształcenie minimum średnie, znajomość programów - pakiet Adobe zdolność rozróżniania barw, zdolność do prawidłowej oceny estetycznej, spostrzegawczość, dokładność, opanowanie, kultura osobista i umiejętność współpracy z ludźmi. Mile widziane: znajomość oprogramowania KODAK PRINERGY, znajomość programów do przygotowywania impozycji KODAK PREPS/ PANDORA, umiejętność pracy w środowisku CAD, doświadczenie zawodowe na podobnym stanowisku. Oferujemy: stabilne zatrudnienie w oparciu o umowę o pracę w pełnym wymiarze czasu pracy, możliwości rozwoju zawodowego w firmie, która inwestuje we wdrażanie optymalnych rozwiązań i nowoczesnych technologii, przyjazną atmosferę pracy, pakiet opieki medycznej, bony świąteczne, spotkania i imprezy integracyjne.",1983,FULL_TIME,Umowa o pracę,Umowa o pracę,,,,,,NONE,,False,False,,,False,False,mid,,mid,True,,1760216435000,1760216435000,pl
praca-elektryk-elektromonter-niemcy-hock-gmbh-CID4-ID14tFel,https://www.olx.pl/oferta/praca/praca-elektryk-elektromonter-niemcy-hock-gmbh-CID4-ID14tFel.html,UNKNOWN,Praca Elektryk Elektromonter Niemcy Hock GmbH,"Warszawa, Ochota","OFERTA PRACY Firma Hock jest jednym z największych dostawców usług w branży ochrony środowiska. Specjalizujemy się w mechanicznej obróbce osadów ściekowych, przemysłowych i komunalnych. Nasza firma poszukuje Elektryka - Elektromontera do pracy na terenie Niemiec- /63762-Grossostheim/ Wymagania Pracodawcy: - wykształcenie i doświadczenie w zawodzie Elektryka - znajomość języka niemieckiego mile widziane (ale niekoniecznie) - prawo jazdy Kat. B - komunikatywność - odpowiedzialność - rzetelność Twoje Zadania: - konserwacja instalacji elektrycznych - wykonywanie prób i pomiarów elektrycznych - czytanie schematów elektrycznych - naprawa usterek maszyn elektrycznych - podłączanie czujników i falowników - montaż elementów instalacji elektrycznych Proponujemy: - stałe zatrudnienie - atrakcyjne wynagrodzenie według kwalifikacji - płatne delegacje - 24 dni urlopu płatnego - elastyczny czas pracy, rytm 3 tygodnie praca, 1 tydzień wolny (lub na stale) - dotacje na dojazdy do Polski - niemieckie ubezpieczenie na zdrowie - zakwaterowanie w pobliżu firmy Kontakt: Rafał Piechota Hock Mobile Entwässerung und Verwertung Niedernberger Straße 50 63762 Großostheim",1161,FULL_TIME,Umowa o pracę,Umowa o pracę,,,,,,NONE,,False,False,,,False,False,,,,False,,1760216455000,1760216455000,pl
centrum-medyczne-dp-med-internista-CID4-ID17AcJu,https://www.olx.pl/oferta/praca/centrum-medyczne-dp-med-internista-CID4-ID17AcJu.html,UNKNOWN,Centrum Medyczne DP MED - internista,Jabłonna,"Poszukujemy do współpracy internisty oczekiwania: 3x w tyg po 5-6 h pełne prawo wykonywania zawodu co oferujemy: współpraca na UZ, kontrakt w pełni wyposażone gabinety klimatyzowane i wentylowane gabinety pomoc biura w dowolnym temacie wsparcie informatyczne na miejscu autorskie oprogramowanie dostępne przez przeglądarkę samo-fakturowanie w przypadku kontraktu",362,UNKNOWN,"Samozatrudnienie, Umowa zlecenie","Samozatrudnienie, Umowa zlecenie",0.0,,,,,NONE,,False,False,,,False,False,,,,False,,1760216476000,1760216476000,pl
zatrudnie-krawca-krawcowa-od-zaraz-CID4-ID17JmkQ,https://www.olx.pl/oferta/praca/zatrudnie-krawca-krawcowa-od-zaraz-CID4-ID17JmkQ.html,UNKNOWN,zatrudnię krawca/krawcową od ZARAZ,"Warszawa, Włochy",Zatrudnię do pracowni poprawek krawieckich doświadczonego krawca lub krawcową. Praca od poniedziałku do piątku. Weekendy wolne. Umowa o pracę. Miejsce pracy Warszawa Włochy. Praca również dla osób z orzeczeniem o niepełnosprawności. Szczegóły pod numerem telefonu 50*****48.,274,FULL_TIME,Umowa o pracę,Umowa o pracę,,,,,,NONE,,False,False,,,False,False,,,,False,,1760216475000,1760216475000,pl
kierowca-dostawca-produktow-spozywczych-krakow-CID4-ID178Fx8,https://www.olx.pl/oferta/praca/kierowca-dostawca-produktow-spozywczych-krakow-CID4-ID178Fx8.html,UNKNOWN,Kierowca / dostawca produktów spożywczych - Kraków,"Kraków, Stare Miasto","Twój zakres obowiązków Dostarczenie zamówień internetowych bezpośrednio do klientów Zapewnienie profesjonalnej obsługi klienta Dbanie o powierzone mienie – skaner, wózek transportowy, auto typu bus-kontener Nasze wymagania Prawo jazdy kat. B Wysokiej kultury osobistej i komunikatywności Książeczka sanepidu – jeśli nie masz wyrobimy ją na nasz koszt Pozytywnego nastawienia i chęci do pracy Odpowiedzialności za przedstawioną dyspozycję i realizowane zadania Praca w weekendy: sobota 7:00-14:00 / 14:00-22:00 , niedziela 9:00-19:00 Mile widziane Status studenta Doświadczenie na podobny stanowisku Doświadczenie w prowadzeniu aut typu bus-kontener To oferujemy Umowę zlecenie lub współpraca w formie b2b Elastyczny grafik dopasowany do Twoich potrzeb i możliwości Stabilizację finansową oraz premie za dobre wyniki Pakiet szkoleń i pełne wsparcie przełożonych Możliwość pracy dorywczej / dodatkowej",899,FULL_TIME,Umowa zlecenie,Umowa zlecenie,,,,,,NONE,,False,False,,,False,False,,,,False,,1760216475000,1760216475000,pl
praca-dla-murarzy-platnosc-dniowki-lub-tygodniowo-CID4-ID16wCu9,https://www.olx.pl/oferta/praca/praca-dla-murarzy-platnosc-dniowki-lub-tygodniowo-CID4-ID16wCu9.html,UNKNOWN,Praca dla Murarzy platnosc dniówki lub tygodniowo,"Poznań, Ogrody",Przyjmę do pracy Murarzy. Płatność dniówki lub Tygodniowo Więcej info 51*****22,79,FULL_TIME,Umowa o pracę,Umowa o pracę,,,,,,NONE,,False,False,,,False,False,,,,False,,1760216495000,1760216495000,pl
zatrudnie-kierowce-kat-b-CID4-IDMOzNn,https://www.olx.pl/oferta/praca/zatrudnie-kierowce-kat-b-CID4-IDMOzNn.html,UNKNOWN,Zatrudnię kierowcę kat. B,Wyszków,"Zatrudnię kierowcę kat B na busy kontenerowy - chłodnie. Praca od wczesnych godzin porannych, od poniedziałku do soboty. Stała trasa, codziennie rano załadunek i powrót na firmę w Wyszkowie. Kontakt w godzinach 7-15.",216,FULL_TIME,Umowa o pracę,Umowa o pracę,,,,,,NONE,,False,False,,,False,False,,,,False,,1760216516000,1760216516000,pl
pracownik-centrum-aktywnej-rozrywki-baza-CID4-ID16xxl3,https://www.olx.pl/oferta/praca/pracownik-centrum-aktywnej-rozrywki-baza-CID4-ID16xxl3.html,UNKNOWN,Pracownik Centrum Aktywnej Rozrywki BAZA,Nowy Sącz,"BAZA to nowe, innowacyjne centrum rozrywki dla dzieci, młodzieży i dorosłych, które już niebawem pojawi się na mapie Nowego Sącza! Co to jest strefa VR? To miejsce, gdzie dzięki goglom wirtualnej rzeczywistości można przenieść się do świata gier, symulatorów i przygód 3D — dla dzieci i dorosłych. Co to jest strefa RC? To przestrzeń, gdzie można sterować realistycznymi modelami pojazdów budowlanych po specjalnie przygotowanej makiecie. Kogo szukamy? Szukamy osoby, na stanowisko Obsługa Klienta/Instruktor RC i VR, która: jest komunikatywna i potrafi cierpliwie tłumaczyć zasady działania, dobrze czuje się w pracy z dziećmi, młodzieżą i dorosłymi, cechuje się kreatywnością i pozytywną energią, jest odpowiedzialna, punktualna i zorganizowana, potrafi działać w dynamicznym środowisku i zachować spokój w każdej sytuacji, jest dyspozycyjna (również w weekendy i popołudniami), uczy się szybko i potrafi elastycznie reagować na zmieniające się sytuacje, dodatkowym atutem będzie znajomość modeli RC i elektroniki, a także gier VR. Zakres obowiązków: uśmiech i profesjonalna obsługa każdego gościa, obsługa stanowisk VR/RC, pomoc klientom i udzielanie instruktażu, dbanie o bezpieczeństwo i komfort uczestników w trakcie korzystania z urządzeń, udzielanie informacji o zasadach korzystania z atrakcji, monitorowanie czasu korzystania z atrakcji, dbanie o porządek i estetykę. Co cenimy u kandydatów? komunikatywność i otwartość, empatię i cierpliwość w kontakcie z klientem, pozytywną energia i chęć do pracy zespołowej, odporność na stres i gotowość do działania w dynamicznym środowisku. Co oferujemy? stabilne zatrudnienie (umowa zlecenie lub umowa o pracę), dostęp do nowoczesnych technologii i możliwość rozwoju w branży VR/RC, możliwość pracy na cały etat lub w elastycznym wymiarze godzin, możliwość łączenia pracy z nauką (oferta skierowana także do studentów), pracę w nowoczesnym, przyjaznym miejscu z energicznym zespołem, szkolenia wdrożeniowe – nie wymagamy wcześniejszego doświadczenia, możliwość rozwoju w ramach zespołu, uniform pracowniczy i zniżki pracownicze. Jeśli chcesz współtworzyć przestrzeń, w której radość, technologia i edukacja idą w parze — zgłoś swoją kandydaturę!",2197,FULL_TIME,"Umowa o pracę, Umowa zlecenie","Umowa o pracę, Umowa zlecenie",,,,,,NONE,,False,False,,,False,False,,,,False,,1760216537000,1760216537000,pl
zatrudnie-pracownika-na-stanowisko-obslugi-klienta-pracy-biurowej-CID4-ID17Ncry,https://www.olx.pl/oferta/praca/zatrudnie-pracownika-na-stanowisko-obslugi-klienta-pracy-biurowej-CID4-ID17Ncry.html,UNKNOWN,Zatrudnię pracownika na stanowisko obsługi klienta/pracy biurowej,Żory,"Firma z branży meblowej zlokalizowana w Żorach, będąca na rynku od 1998r. wraz z rozwojem firmy poszukuje pracownika na stanowisku obsługi klienta/pracy biurowej. Zadania: Wsparcie obsługi klienta Wystawianie dokumentów sprzedaży – przygotowywanie i wystawianie faktur, korekt, paragonów oraz kontrola poprawności danych w systemie. Obsługa systemu zamówień Prace administracyjno-biurowe Współpraca z zespołem handlowym i księgowością Wymagania: umiejętność obsługi Word i Excel zaangażowanie i dobra organizacja pracy doświadczenie w pracy biurowej mile widziane doświadczenie w obsłudze programu Symfonia ERP Oferujemy: praca od zaraz (praca zdalna w domu) atrakcyjne wynagrodzenie umowę o pracę po 3 miesięcznym okresie próbnym stabilne zatrudnienie możliwość rozwoju osobistego Osoby zainteresowane prosimy o przesyłanie CV wraz z aktualnym zdjęciem za pośrednictwem OLX. Informujemy, że skontaktujemy się tylko z wybranymi kandydatami. W CV proszę zawrzeć klauzulę: „Wyrażam zgodę na przetworzenie moich danych osobowych dla potrzeb procesu rekrutacji zgodnie z ustawą z dnia 29 sierpnia 1997 r. o ochronie danych osobowych (tekst jednolity: Dz. U. z 2002 r . Nr. 101., poz. 926. ze zmianami)”.",1199,FULL_TIME,Umowa zlecenie,Umowa zlecenie,1.0,,,,,NONE,,False,False,,,False,False,,,,False,,1760216578000,1760216578000,pl
pracownik-produkcji-zarobki-do-6000-zl-brutto-CID4-ID17zTJG,https://www.olx.pl/oferta/praca/pracownik-produkcji-zarobki-do-6000-zl-brutto-CID4-ID17zTJG.html,UNKNOWN,Pracownik produkcji- zarobki do 6000 zł brutto,Łęczna,"Poszukujemy dla naszego Klienta osób, które posiadają umiejętność montażu. Pracownik produkcji- zarobki do 6000 zł brutto Zakres obowiązków: • Montaż podzespołów, • Dbałość o detale, • Kontrola jakości. Wymagania: • Rysunek techniczny, • Umiejętność posługiwania się narzędziami pomiarowymi , • Umiejętność organizowania pracy, • Gotowość do pracy w systemie zmianowym. Oferujemy: Atrakcyjne wynagrodzenie: 5000-6000 zł brutto, • Pracę od poniedziałku do piątku- wolne weekendy, • Umowę o pracę n czas określony z Adecco, • Długofalową współpracę, • Wdrożenie do pracy, • Pracę na terenie LUBLINA. Oferta dotyczy pracy tymczasowej. Szczegółowe informacje są dostępne w biurach Adecco.",684,FULL_TIME,Umowa o pracę,Umowa o pracę,,,,,,NONE,,False,False,,,False,False,,,,False,,1760216577000,1760216577000,pl
rtv-euro-agd-zastepca-kierownika-sklepu-wroclaw-CID4-ID13s4Aa,https://www.olx.pl/oferta/praca/rtv-euro-agd-zastepca-kierownika-sklepu-wroclaw-CID4-ID13s4Aa.html,UNKNOWN,"RTV EURO AGD- Zastępca Kierownika Sklepu, Wrocław","Wrocław, Stare Miasto","JEŚLI POTRAFISZ ZARZĄDZAĆ ZESPOŁEM I ŚWIETNIE ODNAJDUJESZ SIĘ W HANDLU, pokieruj zespołem najlepszych doradców i weź odpowiedzialność za: · wyniki sprzedażowe sklepu, · zarządzanie asortymentem, · zapewnienie jak najwyższych standardów obsługi klienta, · kreowanie profesjonalnego wizerunku naszej marki, · zarządzanie podległym zespołem najlepszych Doradców. Możesz zyskać: · stabilną i pewną pracę na etat, w miejscu, w którym dobra atmosfera to codzienność, · dwuskładnikowe wynagrodzenie: pensja + premia (bez limitu!) za osiągane wyniki, · profesjonalny system szkoleń, który pozwoli Ci nabyć niezbędną wiedzę, · atrakcyjny pakiet benefitów, który pozwoli Ci zadbać o zdrowie, ubezpieczyć się na życie, uprawiać sport (karta MultiSport, firmowy Klub Biegacza, Klub Rowerzysty), zyskać bonus finansowy za polecenia do pracy, · zespół, na który możesz liczyć. W pracy przydatne będą: · samodzielność w działaniu i organizacji codziennej pracy, · autentyczna pasja do pracy z innymi ludźmi – budowanie relacji to podstawa w tej pracy, · zaangażowanie i dobra energia do działania, · doświadczenie w handlu detalicznym, · determinacja w osiąganiu wyznaczonych celów, · minimum średnie wykształcenie oraz dobra znajomość pakietu MS Office.",1239,FULL_TIME,Umowa o pracę,Umowa o pracę,,,,,,NONE,,False,False,,,False,False,,,,False,,1760216608000,1760216608000,pl
praca-w-karpaczu-doradca-klienta-w-sklepie-obuwniczym-CID4-ID17n6a6,https://www.olx.pl/oferta/praca/praca-w-karpaczu-doradca-klienta-w-sklepie-obuwniczym-CID4-ID17n6a6.html,UNKNOWN,Praca w Karpaczu – Doradca Klienta w sklepie obuwniczym,Karpacz,"Praca w Karpaczu – Doradca Klienta w sklepie obuwniczym Masz energię, lubisz ludzi i szukasz pracy w przyjaznym środowisku? Dołącz do zespołu LA BOTINA, lidera w sprzedaży obuwia trekkingowego i modnego! Dlaczego warto? Pewne zatrudnienie na umowę o pracę Godziny pracy dopasowane do Ciebie Profesjonalne szkolenia – nauczymy Cię wszystkiego! Atrakcyjne zniżki na nasze produkty Wyjazdy i imprezy integracyjne, które budują zespół Przyjazną atmosferę, opartą na szacunku i współpracy Kogo szukamy? Osób otwartych i komunikatywnych Lubiących pracę z ludźmi Z doświadczeniem w obsłudze klienta (niekonieczne, ale mile widziane) Twoje zadania: Pomoc klientom w wyborze idealnego obuwia Doradztwo w zakresie pielęgnacji i akcesoriów Dbałość o estetykę i porządek w sklepie Miejsce pracy: Karpacz, deptak Nie zastanawiaj się – wyślij swoje CV lub zadzwoń Nie masz CV? Przyjdź do sklepu i porozmawiaj z nami! Twój krok ku nowej pracy zaczyna się tutaj.",946,FULL_TIME,Umowa o pracę,Umowa o pracę,,,,,,NONE,,False,False,,,False,False,,,,False,,1760216628000,1760216628000,pl
kierownik-sklepu-carrefour-express-CID4-ID17uzCE,https://www.olx.pl/oferta/praca/kierownik-sklepu-carrefour-express-CID4-ID17uzCE.html,UNKNOWN,Kierownik Sklepu Carrefour Express,"Warszawa, Ochota","Obowiązki: Zarządzanie zespołem oraz motywowanie pracowników do osiągania celów sprzedażowych. Organizowanie pracy sklepu oraz planowanie zmian. Zapewnienie wysokiej jakości obsługi klienta i dbanie o profesjonalny wizerunek sklepu. Analiza wyników sprzedażowych i raportowanie. Dbanie o odpowiednią ekspozycję towarów i utrzymanie porządku w sklepie. Aktywny udział w procesie sprzedaży. Wymagania: Doświadczenie w zarządzaniu zespołem. Umiejętności organizacyjne i planowania pracy. Doświadczenie w sklepie Carrefour, lub Carrefour Express. Umiejętność pracy w grupie. Entuzjazm i pozytywne nastawienie do pracy. Znajomość obsługi komputera i programów biurowych. Samodzielność i odpowiedzialność. Gotowość do pracy w systemie zmianowym.",739,FULL_TIME,Umowa o pracę,Umowa o pracę,,,,,,NONE,,False,False,,,False,False,manager,,manager,True,,1760216649000,1760216649000,pl
mcdonalds-mop-rokietnica-praca-do-schrupania-praca-na-weekendy-CID4-ID17I7GI,https://www.olx.pl/oferta/praca/mcdonalds-mop-rokietnica-praca-do-schrupania-praca-na-weekendy-CID4-ID17I7GI.html,UNKNOWN,McDonald’s MOP ROKIETNICA – praca do schrupania! Praca na weekendy,Kiekrz,"PRACUJ Z NAMI! Chcesz pracować w miejscu uwielbianym przez ludzi? Dołącz do zgranej ekipy McDonald's! Dlaczego warto? McDonald's to jedna z najczęściej odwiedzanych restauracji na świecie, szerokie możliwości rozwoju, pewność zatrudnienia i niezwykła atmosfera. Aplikuj do McDonald's i przyrządzaj ludziom to, co lubią najbardziej! McDonald’s MOP ROKIETNICA – praca do schrupania! Praca na weekendy Co otrzymasz od nas? • Umowa o pracę • Dodatki do wynagrodzenia: - 20% stawki za pracę w godzinach nocnych 23:00-7:00 - • Bonus finansowy za polecenie znajomego do pracy • Elastyczny grafik i możliwość pracy w niepełnym wymiarze godzin • Zniżki na nasze produkty do wszystkich restauracji w Polsce • Atrakcyjna oferta rabatowa na posiłki w czasie pracy • Prywatna opieka medyczna i ubezpieczenia na życie • Możliwość nabycia kart sportowych np. Multisport dla Ciebie i Twoich bliskich Czego szukamy? • chęci do pracy • otwartości i komunikatywności • umiejętności pracy w zespole Pssst: Nie musisz mieć doświadczenia w gastronomii - wszystkiego Cię nauczymy! Co będziesz robić? • przygotowywać burgery, desery i inne pyszności • sprzedawać je • kompletować i wydawać zamówienia • dbać o porządek Masz smaka na tę ofertę? Aplikuj na lub wypełnij ulotkę rekrutacyjną w restauracji McDonald's MOP ROKIETNICA . Pracuj z nami! Czekamy właśnie na Ciebie!",1347,PART_TIME,Umowa o pracę,Umowa o pracę,,,,,,NONE,,False,False,,,False,False,,,,False,,1760216669000,1760216669000,pl
fizjoterapeuta-tka-praca-w-nowo-otwartej-strefie-medical-w-dziwnowku-CID4-ID17CU5g,https://www.olx.pl/oferta/praca/fizjoterapeuta-tka-praca-w-nowo-otwartej-strefie-medical-w-dziwnowku-CID4-ID17CU5g.html,UNKNOWN,Fizjoterapeuta/tka - praca w nowo otwartej strefie Medical w Dziwnówku,Dziwnówek,"Fizjoterapeuta/tka – technik / licencjat / magister Miejsce pracy: Porta Mare Active & Spa Resort ul. 1 maja 24, Dziwnówek Forma zatrudnienia: [umowa o pracę / kontrakt / zlecenie – do wyboru] Opis stanowiska: Do naszego zespołu poszukujemy fizjoterapeutów na różnych poziomach kwalifikacji – techników, licencjatów oraz magistrów fizjoterapii – do pracy w placówce medycznej specjalizującej się w rehabilitacji i poprawie jakości życia. Zakres obowiązków: wykonywanie zabiegów fizykoterapeutycznych (elektroterapia, laseroterapia, ultradźwięki, magnetoterapia, krioterapia, lampa Sollux,) przygotowanie stanowiska i sprzętu do zabiegów, prowadzenie podstawowej dokumentacji medycznej, współpraca z zespołem i dbanie o bezpieczeństwo pacjenta. prowadzenie indywidualnych i grupowych ćwiczeń usprawniających, planowanie terapii w oparciu o zalecenia lekarza i ocenę stanu pacjenta, kompleksowa diagnoza funkcjonalna i planowanie procesu rehabilitacji, prowadzenie terapii pacjentów z różnymi schorzeniami (ortopedia, neurologia, reumatologia, rehabilitacja pooperacyjna), stosowanie zaawansowanych metod (terapia manualna, PNF, TECAR, fala uderzeniowa, kinesiotaping, terapia tkanek miękkich), konsultacje i współpraca interdyscyplinarna z lekarzami i terapeutami. Wymagania: wykształcenie kierunkowe (technik / licencjat / magister fizjoterapii), aktualne prawo wykonywania zawodu fizjoterapeuty (dla licencjata i magistra), znajomość obsługi sprzętu fizykoterapeutycznego, empatia, komunikatywność i umiejętność pracy w zespole, chęć rozwoju zawodowego i podnoszenia kwalifikacji. Oferujemy: stabilne zatrudnienie w nowoczesnej placówce medycznej, dostęp do innowacyjnych metod i sprzętu rehabilitacyjnego, możliwość rozwoju zawodowego (szkolenia, kursy), atrakcyjne wynagrodzenie adekwatne do kwalifikacji i doświadczenia, przyjazną atmosferę pracy w zespole specjalistów.",1874,FULL_TIME,"Umowa o pracę, Praktyka / staż, Samozatrudnienie, Umowa zlecenie","Umowa o pracę, Praktyka / staż, Samozatrudnienie, Umowa zlecenie",,,,,,NONE,,False,False,,,False,False,,,,False,,1760216690000,1760216690000,pl
przewoznik-b2b-kat-b-bydgoszcz-CID4-ID1775U1,https://www.olx.pl/oferta/praca/przewoznik-b2b-kat-b-bydgoszcz-CID4-ID1775U1.html,UNKNOWN,"Przewoźnik B2B, kat. B - Bydgoszcz",Bydgoszcz,"Rozwiń swój biznes razem z RTV EURO AGD – postaw na partnerstwo, które naprawdę się opłaca! Zapraszamy przewoźników do długofalowej współpracy w modelu B2B. Szukamy partnerów, którzy prowadzą lub chcą rozwinąć własną działalność usług transportowych w zakresie realizacji dostaw oraz usług dodatkowych dla naszych Klientów. Oferujemy: Opcja 1: Własny pojazd dostawczy Jeśli posiadasz własne pojazdy dostawcze do 3,5 tony (zabudowa typu kontener), oferujemy: atrakcyjne wynagrodzenie za każde zrealizowane zlecenie, stabilną i długoterminową współpracę opartą o umowę, z firmą z ponad 35-letnią historią, możliwość rozwoju współpracy. Opcja 2: Wynajem pojazdu od RTV EURO AGD Nie masz własnego pojazdu? Nie ma problemu! Zapewniamy: nowoczesne pojazdy dostawcze również z windą załadowczą, pakiet serwisowy - przeglądy, naprawy i ubezpieczenie po naszej stronie, kartę paliwową na preferencyjnych warunkach. Wymagania: Szukamy Partnerów, którzy: Mają przedsiębiorczego ducha: pragną finansowej niezależności, nie boją się wyzwań i nowych możliwości. Cenią sobie jakość: dbają o szczegóły w każdym aspekcie pracy, reprezentują najwyższe standardy obsługi. Są gotowi na rozwój: chcą stale poszerzać swoje kompetencje, widzą w pracy możliwość samorealizacji. Zakres pracy: Jako Partner B2B będziesz odpowiedzialny za: realizację harmonogramu dostaw sprzętu AGD i RTV do klientów indywidualnych, profesjonalny załadunek i rozładunek towaru, montaż i instalację podstawową sprzętu w domach klientów, obsługę klienta na najwyższym poziomie zgodnie ze standardami RTV EURO AGD, prowadzenie dokumentacji przewozowej i rozliczeniowej. Kolejne kroki: wyślij zgłoszenie. spotkaj się z nami. podpisz umowę B2B. rozpocznij współpracę.",1719,UNKNOWN,Samozatrudnienie,Samozatrudnienie,,,,,,NONE,,False,False,,,False,False,,,,False,,1760216690000,1760216690000,pl
spawacza-tig-zatrudnie-CID4-IDIbRoZ,https://www.olx.pl/oferta/praca/spawacza-tig-zatrudnie-CID4-IDIbRoZ.html,UNKNOWN,spawacza TIG zatrudnię,Toruń,"Opis stanowiska: -Prace spawalnicze metodą TIG przy produkcji maszyn i konstrukcji metalowych, Wymagania: -Wykształcenie techniczne, -Umiejętność czytania rysunku technicznego, -Doświadczenie w pracy na stanowisku spawacza TIG- min. 2 lata, -Samodzielność, odpowiedzialność i pracowitość, Oferujemy: -Dobre wynagrodzenie, -Przyjazne warunki pracy, -Możliwość rozwoju zawodowego, -Partnerska atmosfera w zespole.",411,FULL_TIME,Umowa o pracę,Umowa o pracę,,,,,,NONE,,False,False,,,False,False,,2.0,mid,True,,1760216710000,1760216710000,pl
opiekun-finansowy-od-zaraz-bez-doswiadczenia-CID4-ID15jzhU,https://www.olx.pl/oferta/praca/opiekun-finansowy-od-zaraz-bez-doswiadczenia-CID4-ID15jzhU.html,UNKNOWN,Opiekun Finansowy/od zaraz/bez doświadczenia,"Police, Anny Jagiellonki","Co nas wyróżnia? W ramach naszej działalności współpracujemy z firmą ubezpieczeniową Saltus. Dzięki temu Nasi Pracownicy mogą otrzymywać dodatkowe, atrakcyjne gratyfikacje finansowe i rzeczowe oraz biorą udział w licznych konkursach z obszaru sprzedaży ubezpieczeń. 30% naszych pracowników jest z nami już ponad 10 lat. W naszej firmie zatrudniamy przedstawicieli wielu pokoleń, wiek nie jest dla nas barierą - około 20% naszych pracowników to osoby po 45 roku życia. Szanujemy Twoją indywidualność, bo dla nas liczy się zaangażowanie. Jesteśmy dużą instytucją finansową, ale nie nazywamy siebie korporacją. Pielęgnowanie tradycji firmy. Twój zakres obowiązków Obsługa Klientów – gotówkowa i bezgotówkowa. Sprzedaż produktów finansowych i ubezpieczeń – również telefonicznie. Budowanie pozytywnych relacji z Klientami – również telefonicznie. Wspieranie zespołu i dbanie o jakość obsługi. Nasze wymagania Swobodna obsługa komputera – jest to Twoje podstawowe narzędzie pracy. Minimum średnie wykształcenie. Nie wymagamy doświadczenia – wszystkiego Cię nauczymy: Dopiero ukończyłeś szkołę i chcesz rozpocząć swoją ścieżkę zawodową? Zapraszamy. A może masz już swój wieloletni bagaż doświadczeń i chcesz się przebranżowić? Świetnie, chętnie powitamy Cię w naszym zespole. Mile widziane Doświadczenie w sprzedaży stacjonarnej lub telefonicznej, szczególnie w sektorze bankowym. To oferujemy Umowę o pracę bez okresu próbnego - traktujemy Cię jak pełnoprawnego członka zespołu od pierwszego dnia - wierzymy w Twój potencjał i kompetencje! System kafeteryjny - karta MultiSport, bilety do kina, a może bon do Allegro? Teraz sam zdecydujesz na co przeznaczysz dodatkowe punkty otrzymane od pracodawcy. Prywatna opieka medyczna - do której możesz dołączyć współmałżonka/partnera oraz dzieci. Atrakcyjną ofertę pracowniczą na produkty bankowe - pożyczka na preferencyjnych warunkach pomoże Ci sfinansować budowę domu lub zakup mieszkania. Już od pierwszego dnia masz pełne prawa pracownicze oraz dostęp do wszystkich benefitów i świadczeń wynikających z umowy - bez czekania. Podczas okresu wdrożenia otrzymasz gwarantowaną premię. Jeśli jesteś zaangażowany, dzięki naszemu systemowi premiowemu możesz podwoić to co masz w podstawie, a nawet osiągnąć więcej. Możliwość udziału w konkursach sprzedażowych - Lubisz rywalizację? To będzie coś dla Ciebie. Szczegółowe wdrożenie i opiekę trenera oraz mentora - o którym opowiemy Ci więcej w dalszej części ogłoszenia. Ścieżkę awansu, która pozwoli Ci na rozwój - większość naszych menadżerów rozpoczynała swoją drogę zawodową od podstawowych stanowisk w naszej organizacji. Pracę w miejscu, gdzie możesz być sobą bez względu na wiek, płeć czy jakąkolwiek inną cechę. Benefity dofinansowanie zajęć sportowych prywatna opieka medyczna ubezpieczenie na życie preferencyjne pożyczki dodatkowe świadczenia socjalne dofinansowanie wypoczynku program rekomendacji pracowników inicjatywy dobroczynne Szkolimy tak, żebyś czuł się pewnie Krótkie kilkudniowe moduły prowadzone przez Trenerów online z tygodniowymi przerwami na ugruntowanie poznanych umiejętności w praktyce - dzięki temu nie musisz jeździć na szkolenia kilkaset kilometrów. Wszystko dzieje się na miejscu! Jednodniowe warsztaty prowadzone w placówce przez Trenera Wdrożeniowego. Dwa pakiety szkoleń e-learningowych do samodzielnej realizacji na platformie szkoleniowej. Możliwość przydzielenia Opiekuna Adaptacyjnego w placówce. Stefczyk Finanse Obszarem naszej działalności jest branża usług finansowych. Nasi eksperci służą Klientom swoją wiedzą i doświadczeniem w ponad 250 placówkach Stefczyk Finanse w całej Polsce. Skupiamy się nie tylko na świadczeniu usług finansowych, lecz także na zwiększaniu świadomości naszych Klientów w tym zakresie. Dbamy o to, aby uzyskiwali oni rzetelną i profesjonalną pomoc, a obsługa Klienta była na jak najwyższym poziomie. Dlatego pracownicy Stefczyk Finanse regularnie biorą udział w kompleksowych szkoleniach. Dynamiczny rozwój – to właśnie na to stawiamy od samego początku naszego istnienia.",4028,FULL_TIME,Umowa o pracę,Umowa o pracę,0.0,,,,,NONE,,False,False,,,False,False,,,,False,,1760216731000,1760216731000,pl
sortowanie-palet-pracownik-fizyczny-CID4-ID170gxC,https://www.olx.pl/oferta/praca/sortowanie-palet-pracownik-fizyczny-CID4-ID170gxC.html,UNKNOWN,Sortowanie palet-pracownik fizyczny,Świebodzin,"Poszukujemy do naszego zespołu osoby na stanowisko: sortowanie palet-pracownik fizyczny w oddziale w Świebodzinie (ul.Sobieskiego 31A). Obowiązki: sortowanie palet drewnianych prace zlecone przez przełożonego Wymagania: sprawność fizyczna skrupulatność, zaangażowanie i dobra organizacja czasu pracy Oferujemy: atrakcyjne wynagrodzenie stabilne zatrudnienie praca na jedną zmianę pakiet benefitów atrakcyjne wynagrodzenie Osoby zainteresowane ofertą pracy, prosimy o wiadomość poprzez OLX lub wysłanie CV. Kontakt telefoniczny możliwy od poniedziałku do piątku w godzinach 7.00-15.00.",584,FULL_TIME,"Umowa o pracę, Umowa zlecenie","Umowa o pracę, Umowa zlecenie",,,,,,NONE,,False,False,,,False,False,,,,False,,1760216751000,1760216751000,pl
pracownik-produkcyjny-operator-maszyn-CID4-ID177gms,https://www.olx.pl/oferta/praca/pracownik-produkcyjny-operator-maszyn-CID4-ID177gms.html,UNKNOWN,Pracownik Produkcyjny / Operator Maszyn,Turza,"Zakres obowiązków Obsługa maszyn i urządzeń produkcyjnych, Wypełnianie dokumentacji produkcyjnej, Kontrola jakości wytwarzanych produktów zgodnie z obowiązującymi procedurami, Przestrzeganie zasad BHP i dbałość o bezpieczeństwo swoje oraz współpracowników, Utrzymanie czystości i porządku na stanowisku pracy. Wymagania Odpowiedzialne podejście do pracy i bezpieczeństwa, Zaangażowanie i chęć współpracy w zespole, Mile widziane doświadczenie w obsłudze maszyn produkcyjnych, Gotowość do pracy w systemie trzyzmianowym. Co oferujemy bezpieczne i stabilne zatrudnienie w oparciu o umowę o pracę, zapewniającą pewność zatrudnienia i rozwój kariery, atrakcyjne i adekwatne do doświadczenia i umiejętności kandydata wynagrodzenie, darmowy transport na trasie Turza – Zawiercie – Turza, aby ułatwić codzienny dojazd do pracy, Kartę MULTISPORT, kartę lunchową, owocowe środy, program poleceń pracowniczych, możliwość przystąpienia do ubezpieczenia na życie na preferencyjnych warunkach oraz Pracowniczego Programu Emerytalnego (PPE), możliwość rozwoju zawodowego poprzez pakiet szkoleń specjalistycznych.",1098,FULL_TIME,Umowa o pracę,Umowa o pracę,,,,,,NONE,,False,False,,,False,False,,,,False,,1760216771000,1760216771000,pl
nauczyciel-wychowania-przedszkolnego-CID4-ID14H3Zg,https://www.olx.pl/oferta/praca/nauczyciel-wychowania-przedszkolnego-CID4-ID14H3Zg.html,UNKNOWN,Nauczyciel wychowania przedszkolnego,"Kraków, Bieżanów-Prokocim","Publiczne Przedszkole Happy Feet w Krakowie poszukuje nauczyciela wychowania przedszkolnego, który z pasją i zaangażowaniem będzie wspierać rozwój naszych przedszkolaków. Co oferujemy? Stabilne zatrudnienie na podstawie umowy o pracę Atrakcyjne wynagrodzenie Premie okolicznościowe i uznaniowe Pracę w grupie z drugim nauczycielem – wzajemne wsparcie i współpracę Pomoc specjalistów (pedagoga, logopedy, psychologa, specjalista si) Przyjazną atmosferę oraz wsparcie ze strony dyrekcji Możliwość rozwoju zawodowego i udziału w szkoleniach Praca z drugim nauczycielem w grupie, Czas pracy 32,5 h/ tygodniowo. Twoje zadania: Organizowanie zajęć dydaktycznych zgodnie z podstawą programową Dbanie o rozwój, bezpieczeństwo i dobre samopoczucie dzieci Współpraca z drugim nauczycielem oraz specjalistami Współpraca z rodzicami i informowanie ich o postępach dzieci Czego oczekujemy? Wykształcenia kierunkowego – pedagogika przedszkolna/wczesnoszkolna Kreatywności, zaangażowania i ciepłego podejścia do dzieci Umiejętności pracy w zespole Pasji do pracy z dziećmi Jak aplikować? Wyślij swoje CV. W temacie wiadomości wpisz: ""Aplikacja – nauczyciel przedszkola"" Dołącz do naszego zespołu i twórz z nami przyjazne miejsce dla dzieci! Możliwość rozpoczęcia pracy od połowy sierpnia lub od 1 września 2025. Zapraszamy. 6 ust. 1 lit.",1322,FULL_TIME,Umowa o pracę,Umowa o pracę,,,,,,NONE,,False,False,,,False,False,,,,False,,1760216801000,1760216801000,pl
praca-pracownik-ds-utrzymania-czystosci-na-ubojni-CID4-ID17zCSq,https://www.olx.pl/oferta/praca/praca-pracownik-ds-utrzymania-czystosci-na-ubojni-CID4-ID17zCSq.html,UNKNOWN,PRACA –pracownik ds.utrzymania czystości na ubojni,Kawice,"PRACA – PRACOWNIK DS. UTRZYMANIA CZYSTOŚCI W UBOJNI Miejsce pracy: [tu wpisz miejscowość] Opis stanowiska: Poszukujemy sumiennej i odpowiedzialnej osoby do pracy przy bieżącym myciu i sprzątaniu zakładu ubojowego w ciągu dnia. Praca odbywa się w systemie dziennym, w zespole doświadczonych pracowników.Czas pracy 8h. Zakres obowiązków: utrzymanie czystości w hali produkcyjnej i pomieszczeniach socjalnych, mycie urządzeń, powierzchni i sprzętów, dbanie o porządek zgodnie z procedurami sanitarnymi, zgłaszanie ewentualnych usterek. Oczekujemy: dokładności i sumienności, dyspozycyjności w ciągu dnia, chęci do pracy fizycznej, doświadczenie w pracy na podobnym stanowisku będzie dodatkowym atutem. Oferujemy: stabilne zatrudnienie w oparciu o umowę przyuczenie do pracy i wsparcie doświadczonej kadry, pracę w zgranym zespole.",827,FULL_TIME,Umowa o pracę,Umowa o pracę,,,,,,NONE,,False,False,,,False,False,,,,False,,1760216822000,1760216822000,pl
specjalista-ds-rozliczen-i-obslugi-prawnej-kielce-CID4-ID17LVvV,https://www.olx.pl/oferta/praca/specjalista-ds-rozliczen-i-obslugi-prawnej-kielce-CID4-ID17LVvV.html,UNKNOWN,Specjalista ds. Rozliczeń i Obsługi Prawnej (Kielce),Kielce,"BusPremium – Specjalista ds. Rozliczeń i Obsługi Prawnej (Kielce) Firma transportowa BusPremium poszukuje osoby łączącej umiejętności administracyjne i prawne na stanowisko: Specjalista ds. Rozliczeń i Obsługi Prawnej Zakres obowiązków: Prowadzenie kasy firmy i ewidencjonowanie operacji gotówkowych Wprowadzanie faktur gotówkowych do systemu kasowego (np. Zubix) Rozliczanie dokumentów KP / KW, opłacanie faktur gotówkowych Współpraca z biurem księgowym Wsparcie prawne firmy w bieżących sprawach Znajomość przepisów prawa transportowego Przygotowywanie pism i dokumentów prawnych Reprezentowanie firmy przed KIO lub przygotowywanie dokumentacji w postępowaniach przetargowych Wymagania: Wykształcenie wyższe (prawo, administracja, ekonomia lub pokrewne) Doświadczenie w pracy z dokumentami finansowymi (kasa, faktury, KP/KW) Znajomość prawa transportowego lub zamówień publicznych Umiejętność samodzielnego sporządzania pism i interpretacji przepisów Dokładność, odpowiedzialność, sumienność Oferujemy: Umowę o pracę i stabilne zatrudnienie Pełny etat w siedzibie firmy (Kielce) Atrakcyjne wynagrodzenie uzależnione od doświadczenia Możliwość rozwoju zawodowego w obszarze finansowym i prawnym Pracę w firmie o ugruntowanej pozycji na rynku transportowym",1256,FULL_TIME,Umowa o pracę,Umowa o pracę,,,,,,NONE,,False,False,,,False,False,mid,,mid,True,,1760216821000,1760216821000,pl
doradca-klienta-sklep-dajar-CID4-ID17Kmi2,https://www.olx.pl/oferta/praca/doradca-klienta-sklep-dajar-CID4-ID17Kmi2.html,UNKNOWN,Doradca Klienta sklep Dajar,Kowale,"Opis stanowiska: § profesjonalna obsługa klienta zgodnie ze standardami firmy, § obsługa kasy fiskalnej, § ustawianie towarów na regałach, § dbanie o estetyczny i właściwy sposób ekspozycji towarów, § realizacja założonych planów sprzedażowych. Wymagania: Od kandydatów oczekujemy: § zaangażowania i odpowiedzialności, § pozytywnego nastawienia i chęci do pracy, § umiejętności pracy w zespole, § dyspozycyjności – praca w systemie równoważnym, § łatwości w nawiązywania kontaktów, Oferujemy: § pracę w firmie o ustabilizowanej pozycji, § stabilne zatrudnienie w oparciu o umowę o pracę, § miłą atmosferę w pracy, § możliwość rozwoju zawodowego. Zastrzegamy możliwość odpowiedzi tylko na wybrane oferty. nr 133, poz. 883, tekst jednolity: Dz. U. 2014 r. poz. 1182 z późniejszymi zmianami) Informacja:",800,PART_TIME,Umowa zlecenie,Umowa zlecenie,,,,,,NONE,,False,False,,,False,False,,,,False,,1760216842000,1760216842000,pl
pomocnik-operatora-maszyn-CID4-ID17aw2m,https://www.olx.pl/oferta/praca/pomocnik-operatora-maszyn-CID4-ID17aw2m.html,UNKNOWN,Pomocnik operatora maszyn,"Warszawa, Białołęka","Poszukujemy pracowników na stanowisko pomocnika operatora maszyn stolarskich w oddziale firmy Lambud w Warszawie przy ul. Rybackiej 3 Zakres obowiązków: - realizacja zleceń produkcyjnych klientów, - dbanie o stan maszyn, - udział w pracach porządkowych, Wymagania: - mile widziane doświadczenie w pracy na maszynach stolarskich okleiniarka, piła panelowa, - dokładność i sumienność, Oferujemy: - jednozmianowy system pracy, - możliwość nauki umiejętności obsługi nowoczesnych maszyn CNC, - stabilne zatrudnienie, - umowa o pracę Osoby zainteresowane prosimy o przesyłanie CV.",575,FULL_TIME,Umowa o pracę,Umowa o pracę,,,,,,NONE,,False,False,,,False,False,,,,False,,1760216842000,1760216842000,pl
kierowca-c-e-trasy-miedzynarodowe-stabilna-praca-i-uczciwe-warunki-CID4-IDWG4Px,https://www.olx.pl/oferta/praca/kierowca-c-e-trasy-miedzynarodowe-stabilna-praca-i-uczciwe-warunki-CID4-IDWG4Px.html,UNKNOWN,"Kierowca C+E – trasy międzynarodowe, stabilna praca i uczciwe warunki",Swarzędz,"O nas GreenWays Logistyka to nowoczesna firma transportowo-spedycyjna tworzona przez zespół doświadczonych specjalistów – spedytorów, dyspozytorów, handlowców i kierowców z wieloletnim stażem w branży logistycznej. Transport to nasza pasja – każdego dnia z zaangażowaniem wspieramy naszych klientów w organizacji przewozów drogowych na terenie całej Europy. Dostarczamy kompleksowe i elastyczne rozwiązania logistyczne, dopasowane do indywidualnych potrzeb klientów. Gwarantujemy pełną obsługę procesu transportowego – od momentu przyjęcia zlecenia aż po bezpieczne dostarczenie towaru do miejsca docelowego. Doskonała znajomość rynku i realiów branży pozwala nam skutecznie optymalizować trasy i środki transportu, co przekłada się na oszczędność czasu i kosztów. Mimo wyzwań rynkowych związanych z geopolityką, inflacją czy trudną sytuacją gospodarczą – rozwijamy się i inwestujemy w przyszłość, systematycznie powiększając nasz tabor. W związku z rozwojem firmy poszukujemy kierowców międzynarodowych kat. C+E, którzy chcą dołączyć do solidnego zespołu i pracować z profesjonalistami. Dołącz do GreenWays Logistyka i twórz z nami nowoczesny transport! To oferujemy Różne systemy pracy Stałe wynagrodzenie – niezależne od liczby przejechanych kilometrów, zawsze na czas, w całości przelewane na konto Stabilne zatrudnienie – umowa o pracę w renomowanej i solidnej firmie transportowej Pracę zgodną z normami czasu pracy kierowców – bez zbędnego przeciążenia Dodatek stażowy – doceniamy lojalność i doświadczenie Ubezpieczenie grupowe – bezpieczeństwo Twoje i Twojej rodziny Nowoczesny, w pełni wyposażony zestaw przypisany indywidualnie do kierowcy Dostęp do profesjonalnego warsztatu oraz pełne wsparcie techniczne 24/7 Okresowe szkolenia – m.in. z eco-drivingu oraz podnoszące kwalifikacje Benefity – dofinansowanie zajęć sportowych, kursów i szkoleń Służbowy telefon i inne niezbędne narzędzia pracy Bezpłatny, parking dla pracowników Twój zakres obowiązków Prowadzenie pojazdu ciężarowego (zestaw ciągnik + naczepa) w ruchu międzynarodowym – głównie trasy UE Realizacja zleceń transportowych zgodnie z harmonogramem i przepisami czasu pracy kierowców Dbanie o powierzony pojazd oraz jego stan techniczny i estetyczny Właściwe zabezpieczanie ładunku Prowadzenie dokumentacji transportowej (CMR, listy przewozowe, dokumenty załadunkowe itp.) Kontakt i współpraca z działem dyspozycji Przestrzeganie przepisów ruchu drogowego oraz procedur wewnętrznych firmy Nasze wymagania Doświadczenie w transporcie międzynarodowym Aktualne prawo jazdy kat. C+E Aktualna karta kierowcy oraz wpis kod 95 Ukończona kwalifikacja wstępna lub okresowa (kurs na przewóz rzeczy) Aktualne badania lekarskie i psychologiczne (tzw. psychotesty) Znajomość języka polskiego w stopniu komunikatywnym Zaangażowanie, sumienność i odpowiedzialne podejście do powierzonych zadań Umiejętność pracy w zespole oraz dobra komunikatywność",2906,FULL_TIME,Umowa o pracę,Umowa o pracę,,,,,,NONE,,False,False,,,False,False,,,,False,,1760216883000,1760216883000,pl
magazynier-praca-CID4-ID16BGIy,https://www.olx.pl/oferta/praca/magazynier-praca-CID4-ID16BGIy.html,UNKNOWN,Magazynier Praca,Żelechów,"kontakt 69*****66 Zakres obowiązków: Dbanie o porządek na magazynie, Załadunek i rozładunek towaru, Nadzór nad przewożonym towarem oraz towarzyszącą mu dokumentacją, Przestrzeganie przepisów o czasie pracy, Dbanie o stan techniczny powierzonych wózków i mienia firmy, Wymagania: Dyspozycyjność i uczciwość Chęć do pracy Mieszkanie max do 50 km od miejsca Fili Firmy San-Kow sp. j Oferujemy: Prace w stabilnej i renomowanej firmie Stabilne zatrudnienie w oparciu o umowę o pracę Atrakcyjne i terminowe wynagrodzenie. KOWALSKI TADEUSZ SŁAWOMIR KOWALSKA GRAŻYNA HURT-DETAL ARTYKUŁY HYDRAULICZNE z siedzibą w: Staszica 9, 08-430 Żelechów (Pracodawca), jako administratora danych osobowych w celu przeprowadzenia rekrutacji na stanowisko wskazane w ogłoszeniu. Twoje dane osobowe będą przetwarzane w oparciu o następujące podstawy prawne: (a) aby podjąć działania na Twoje żądanie przed zawarciem umowy (np. informacje o oczekiwanym wynagrodzeniu i dostępności do rozpoczęcia pracy); (b) w oparciu o nasz prawnie uzasadniony interes (np. imię, nazwisko, data urodzenia, dane kontaktowe, wykształcenie, kwalifikacje zawodowe, przebieg dotychczasowego zatrudnienia); c) w oparciu o Twoją zgodę, która wyrażona jest poprzez przeslanie dokumentów aplikacyjnych zawierających takie informacje jak np. wizerunek czy zainteresowania. Podanie wszystkich danych osobowych, o których mowa powyżej jest dobrowolne, natomiast dane wymienione w lit. a) i b) są niezbędne do wzięcia udziału w rekrutacji. Niepodanie danych skutkuje brakiem możliwości rozpatrzenia kandydatury. Podanie pozostałych danych jest dobrowolne, ale może pomóc w sprawnym przeprowadzeniu procesu rekrutacji. Twoje dane osobowe mogą zostać przekazane dostawcom usługi publikacji ogłoszeń o pracę, dostawcom systemów do zarządzania rekrutacjami, dostawcom usług IT (hosting), dostawcom systemów informatycznych. Podane przez Ciebie dane osobowe nie będą wykorzystywane w celu profilowania albo podejmowania decyzji w sposób zautomatyzowany. Twoje dane osobowe będą przetwarzane przez okres 1 roku, chyba, że wyraziłeś odrębną zgodę na wykorzystanie Twoich danych osobowych w przyszłych rekrutacjach.",2153,FULL_TIME,"Umowa o pracę, Samozatrudnienie","Umowa o pracę, Samozatrudnienie",,,,,,NONE,,False,False,,,False,False,,,,False,,1760216882000,1760216882000,pl
przedstawiciel-handlowy-nowej-marki-motocykli-off-road-CID4-ID17izwN,https://www.olx.pl/oferta/praca/przedstawiciel-handlowy-nowej-marki-motocykli-off-road-CID4-ID17izwN.html,UNKNOWN,Przedstawiciel handlowy nowej marki motocykli off-road,Rybnik,"Jesteśmy firmą z wieloletnim doświadczeniem w sprzedaży motocykli i quadów na rynku polskim. Nasza pasja do off-roadu napędza nas od lat — dosłownie i w przenośni. Właśnie wprowadzamy na rynek nową markę motocykli off-roadowych, która ma szansę zrewolucjonizować segment pojazdów terenowych w Polsce. W związku z tym poszukujemy energicznej, ambitnej osoby na stanowisko Przedstawiciela Handlowego, która pomoże nam zbudować i obsługiwać sieć dealerską w całym kraju. Kogo szukamy? Osoby z doświadczeniem w sprzedaży (mile widziane w branży motoryzacyjnej lub sportów motorowych) Kogoś, kto zna rynek i potrafi nawiązywać trwałe relacje biznesowe Entuzjasty motocykli, który rozumie potrzeby klientów i dealerów Samodzielnego organizatora pracy, który nie boi się wyzwań i terenu Zakres obowiązków: Tworzenie i rozwijanie sieci dealerskiej na terenie Polski Prezentacja i sprzedaż nowej linii motocykli off-road Budowanie długofalowych relacji z partnerami handlowymi Współpraca z działem marketingu i serwisu technicznego Udział w targach, eventach branżowych i pokazach Oferujemy: Pracę przy ekscytującym projekcie z potencjałem rynkowym Atrakcyjne wynagrodzenie + system premiowy Niezależność i realny wpływ na rozwój marki Możliwość pracy w dynamicznym, pasjonującym środowisku Wsparcie techniczne i marketingowe Jeśli czujesz, że to ogłoszenie jest o Tobie — nie czekaj. Wyślij swoje CV. Ustaw z 2018, poz. Dziękujemy za nadesłanie aplikacji. Informujemy, że skontaktujemy się z wybranymi osobami.",1502,FULL_TIME,Umowa o pracę,Umowa o pracę,,,,,,NONE,,False,False,,,False,False,,,,False,,1760216903000,1760216903000,pl
zatrudnie-kierowce-kat-c-CID4-ID17kT6c,https://www.olx.pl/oferta/praca/zatrudnie-kierowce-kat-c-CID4-ID17kT6c.html,UNKNOWN,Zatrudnię kierowcę kat.C,Radonice,"ZATRUDNIMY KIEROWCĘ KAT. C – Transport paletowy Baza Radonice 05-870 Szukasz stabilnej pracy jako kierowca? Dołącz do naszego zespołu! Co oferujemy? Praca od poniedziałku do piątku Trasy dzienne: 100–450 km Ok. 10 punktów dziennie Samochód z windą + elektryczny paleciak Stałe zlecenia i przyjazna atmosfera Czego oczekujemy? Prawo jazdy kat. C Sumienność i punktualność Doświadczenie w dystrybucji mile widziane ADR – dodatkowy atut, ale nie wymagane",451,FULL_TIME,Umowa o pracę,Umowa o pracę,,,,,,NONE,,False,False,,,False,False,,,,False,,1760216923000,1760216923000,pl
kierowca-kurier-pyrzowice-CID4-ID17NaCl,https://www.olx.pl/oferta/praca/kierowca-kurier-pyrzowice-CID4-ID17NaCl.html,UNKNOWN,Kierowca-Kurier Pyrzowice,Pyrzowice,"Szukamy: Szukamy osób, do pracy w międzynarodowej firmie o wysokich standardach obsługi. Jeżeli lubisz wyzwania , dobrze organizujesz swój czas pracy , lubisz kontakt z Klientem, jesteś elastyczny i chcesz pracować w młodym energicznym zespole to właśnie praca dla Ciebie. Zakres obowiązków: - doręczanie oraz odbieranie przesyłek międzynarodowych na terenie województwa śląskiego w wyznaczonym rejonie. Wymagania: - czynne prawo jazdy kat. B, - uczciwość, sumienność, zaangażowanie, - wysoka kultura osobista, - mile widziane doświadczenie na podobnym stanowisku Oferujemy: - umowę o pracę/ pełny etat - nowy samochód do wykonywania codziennej pracy - pracę w nowoczesnej jednostce z pełnym zapleczem socjalnym. - system szkoleń oraz wdrożenia. - prace tylko w dniach od poniedziałku do piątku - możliwość przystąpienia do programu MultiSport, ubezpieczenia grupowego, Zainteresowane osoby prosimy o przesłanie CV wraz ze zdjęciem. Bielska-Białej Osoby zainteresowane proszę o przesłanie CV.",992,FULL_TIME,Umowa o pracę,Umowa o pracę,,,,,,NONE,,False,False,,,False,False,,,,False,,1760216923000,1760216923000,pl
doradca-klienta-kaes-pulawy-CID4-ID17Noi3,https://www.olx.pl/oferta/praca/doradca-klienta-kaes-pulawy-CID4-ID17Noi3.html,UNKNOWN,Doradca Klienta kaes. Puławy,Puławy,"Jeśli moda to dla Ciebie coś więcej niż ubrania, a kontakt z ludźmi daje Ci energię – szukamy właśnie Ciebie! Co możesz zyskać, dołączając do nas? Umowę o pracę na 1/2 etatu – zależy nam na długofalowej współpracy Przejrzysty system premiowy – wiemy, jak docenić zaangażowanie Rabaty pracownicze od 30% do 40 % na nasze produkty Prywatną opiekę medyczną i dofinansowanie do karty MultiSport Dostęp do platformy Multilife Ubezpieczenie na życie – również dla Twoich bliskich Szukamy Ciebie, jeśli: lubisz pracę z ludźmi i modą, chętnie uczysz się nowych rzeczy – jeśli masz już doświadczenie – świetnie! Jeśli nie – bez obaw, zapewniamy pełne wdrożenie i szkolenie. angażujesz się w to, co robisz, jesteś dostępny/-a do pracy w systemie zmianowym i w weekendy (min. 2 soboty w miesiącu). Czym będziesz się zajmować? Aktywną obsługą klienta zgodnie ze standardami marki Doradztwem w zakresie stylizacji i doboru produktów Dbałością o estetykę sklepu i ekspozycję towaru Obsługą kasy i przyjmowaniem dostaw Codzienną organizacją przestrzeni sklepu Brzmi jak coś dla Ciebie? Wyślij swoje CV i zobacz, jak może wyglądać praca, w której liczy się człowiek, styl i wspólny cel kaes. – rozwijaj się w dobrym stylu.",1206,PART_TIME,Umowa o pracę,Umowa o pracę,,,,,,NONE,,False,False,,,False,False,,,,False,,1760216923000,1760216923000,pl
kierowca-kat-b-hurtownia-miesa-drobiu-wedlin-CID4-ID17tWfT,https://www.olx.pl/oferta/praca/kierowca-kat-b-hurtownia-miesa-drobiu-wedlin-CID4-ID17tWfT.html,UNKNOWN,Kierowca kat B hurtownia miesa drobiu wedlin,Ząbki,Kierowca/dostawca kat B do hurtowni Mięsa Drobiu Wedlin. Mile widziane doswiadczenie na podobnym stanowisku. Praca w godzinach wczesno porannych od 4:00 do 9:00/11:00.. od pon do sob. czas pracy zalezy od ilosci zamówień i dnia... Dystrybucja zamówień po sklepach na danej trasie W ustalonej kolejności. Ilość punktów zależy od dnia i danej trasy.. Praca Ząbki Praska Gielda Spozywcza. Praca na busie kontener chłodnia. Wynagrodzenie 4400 na rękę/netto.. po okresie próbnym możliwość płatności dwutygodniowki.. Proszę o kontakt zdecydowane konkretne osoby chcące zacząć prace od zaraz. Nie opowiadam na meile i formularze przez olx. Tylko kontakt telefoniczny. Wiecej informacji pod nr tel 730x162x884,701,FULL_TIME,"Umowa o dzieło, Umowa o pracę, Samozatrudnienie, Umowa zlecenie","Umowa o dzieło, Umowa o pracę, Samozatrudnienie, Umowa zlecenie",,,,,,NONE,,False,False,,,False,False,,,,False,,1760216944000,1760216944000,pl
pracownik-operator-produkcji-CID4-IDLtg3q,https://www.olx.pl/oferta/praca/pracownik-operator-produkcji-CID4-IDLtg3q.html,UNKNOWN,pracownik/operator produkcji,Pszczyna,"SPYRA to polski lider z blisko 40-letnim doświadczeniem w produkcji grzybni pieczarki białej i brązowej, boczniaka, shiitake, eryngii i pioppino. PRACOWNIK PRODUKCJI, OPERATOR MASZYN PRODUKCYJNYCH Miejsce pracy: Ćwiklice Zakres obowiązków: praca na produkcji, obsługa maszyn produkcyjnych, nadzór nad procesem produkcji, dbanie o prawidłowe funkcjonowanie maszyn, utrzymanie porządków na stanowisku pracy, współpraca z załogą, raportowanie zleconej produkcji Wymagania: wykształcenie zawodowe lub średnie techniczne, dyspozycyjność- praca na zmiany Mile widziane uprawnienia UDT na wózki widłowe (mężczyźni) Oferujemy: pracę w firmie o ugruntowanej pozycji rynkowej, możliwość rozwoju i awansu zawodowego, korzyści pozapłacowe (m.in. grupowe ubezpieczenie na życie)",765,FULL_TIME,Umowa o pracę,Umowa o pracę,,,,,,NONE,,False,False,,,False,False,,,,False,,1760216964000,1760216964000,pl
kierownik-kierowniczka-sklepu-maxi-zoo-poznan-swadzim-caly-etat-CID4-ID16Kl8k,https://www.olx.pl/oferta/praca/kierownik-kierowniczka-sklepu-maxi-zoo-poznan-swadzim-caly-etat-CID4-ID16Kl8k.html,UNKNOWN,Kierownik/Kierowniczka Sklepu - Maxi Zoo Poznań Swadzim (cały etat),Swadzim,"„Wasze szczęście to nasza radość” Jesteśmy największą siecią sklepów zoologicznych w Polsce i Europie. Codziennie dokładamy wszelkich starań, aby życie zwierząt i ich Opiekunów było łatwiejsze, lepsze i szczęśliwsze. W naszych sklepach nie sprzedajemy zwierząt, ponieważ jesteśmy siecią sklepów dla zwierząt. Oferujemy szeroki wybór produktów wysokiej jakości dla każdego Pupila. W codziennej pracy kierujemy się wartościami takimi jak: odwaga, otwartość, szczerość, życzliwość, uczciwość, wzajemne wsparcie oraz pasja i miłość do zwierząt! Aktualnie do naszego zespołu poszukujemy: Kierownika/Kierowniczki sklepu Miejsce pracy: Poznań Swadzim Sklep MAXI ZOO Co możemy Tobie zaproponować? · pracę w zgranym i pomocnym Zespole · premię za wyniki sprzedaży · umowę o pracę bez okresu próbnego – pierwsza umowa o pracę na 6 miesięcy, po tym okresie umowa na czas nieokreślony · zniżki na produkty firmowe · prywatną opiekę medyczną · dofinansowanie do pakietu MultiSport oraz MultiLife · ubezpieczenie na życie · ciekawe szkolenia i możliwości rozwoju · dodatkowy dzień wolny za wolontariat na rzecz zwierząt · możliwość przychodzenia do pracy z Pupilem · bonus finansowy za polecenie osoby do pracy · dodatkowe dni urlopu za staż pracy Dołącz do nas, jeśli wyróżniasz się: · doświadczeniem w zarządzaniu Zespołem oraz prowadzeniem sklepu · znajomością wskaźników sprzedażowych i umiejętnością ich analizy samodzielnością i dynamiką działaniu · umiejętnością pracy z Klientem – jest to Twoja mocna strona · gotowością do pracy na różne zmiany oraz w weekendy · zaangażowaniem i entuzjazmem w wykonywaniu obowiązków · otwartością na zmiany i głową pełną pomysłów – chętnie je poznamy · zamiłowaniem do świata zwierząt i chęcią niesienia im pomocy · gotowością do pracy fizycznej Czym będziesz się u nas zajmować? · kompleksowym zarządzaniem sklepem i Zespołem · budowaniem zaangażowania i motywowaniem Pracowników · dbaniem o odpowiednią ekspozycję towarów oraz stany magazynowe sklepu · analizą wskaźników sprzedażowych KPI oraz ich raportowaniem · utrzymywaniem najwyższego poziomu obsługi Klienta zgodnie ze standardami firmy · organizowaniem sprzedaży w sposób zapewniający realizację planów sprzedaży Chcesz Nas lepiej poznać, zapraszamy do obejrzenia poniższego filmu: Rozwijaj się razem z nami! Nie czekaj - już teraz prześlij swoje CV lub pozostaw je w jednym z naszych sklepów! * Nagroda Top For Dog 2021 w kategorii Najlepszy Sklep Stacjonarny",2449,FULL_TIME,"Umowa o pracę, Umowa zlecenie","Umowa o pracę, Umowa zlecenie",,,,,,NONE,,False,False,,,False,False,manager,,manager,True,,1760216964000,1760216964000,pl
operator-wezla-betoniarskiego-dolacz-do-naszego-nowego-oddzialu-CID4-ID17MC0o,https://www.olx.pl/oferta/praca/operator-wezla-betoniarskiego-dolacz-do-naszego-nowego-oddzialu-CID4-ID17MC0o.html,UNKNOWN,Operator węzła betoniarskiego- Dołącz do naszego nowego oddziału!,Piła,"DOŁĄCZ DO NASZEGO NOWEGO ODDZIAŁU! W związku z otwarciem nowego oddziału firmy Drog-Bruk A.P. Szczerek Sp. j. z siedzibą w Błaszkach specjalizującej się w produkcji wyrobów betonowych, poszukujemy kandydatów na stanowisko: OPERATOR WĘZŁA BETONIARSKIEGO Miejsce pracy: Piła Kim jesteśmy? Jesteśmy rozwijającą się firmą z ponad 25 letnim doświadczeniem w branży budowlanej. Obecnie budujemy nowy zespół pracowników, który razem z nami będzie tworzyć solidne produkty i wspierać rozwój firmy. Poszukujemy osób ambitnych, zaangażowanych i gotowych na nowe wyzwania. Nie czekaj i rozwiń z nami swoją karierę! Twój zakres obowiązków: 1. Obsługa komputerowego systemu sterowania węzłem betoniarskim: Monitorowanie przebiegu procesu produkcji mieszanki betonowej Dozowanie składników według ustalonych receptur Kontrola parametrów produkcji- proporcji surowców, wilgotności Nadzór nad jakością i konsystencją wytwarzanej masy 2. Zapewnienie sprawnego funkcjonowania węzła betoniarskiego, w celu utrzymania płynności produkcji Nasze oczekiwania: Doświadczenie w produkcji betonu lub branży przemysłowej Umiejętność sprawnego dostosowania się do nowych warunków pracy Chęci i zdolności szybkiego uczenia się Otwartość na rozwój zawodowy i poszerzanie kompetencji Gotowość do pracy zmianowej w ruchu ciągłym Mile widziani absolwenci studiów lub osoby w trakcie studiów kierunków technicznych Co czeka na Ciebie u nas: Praca w nowo otwartym, nowoczesnym zakładzie produkcyjnym wyposażonym w zaawansowaną technologię Stabilne zatrudnienie w oparciu o umowę o pracę Wdrożenie na stanowisko pracy- zapewniamy pełne szkolenie stanowiskowe oraz wsparcie ze strony doświadczonych pracowników, którzy pomogą w adaptacji Możliwość rozwoju zawodowego i zdobycia cennego doświadczenia w branży wyrobów betonowych Dodatkowe benefity pozapłacowe- ubezpieczenie grupowe, dofinansowanie posiłków, zniżki na produkty firmowe Osoby zainteresowane prosimy o przesyłanie CV na adres email lub kontakt pod numer tel. Szczerek Spółka Jawna w Błaszkach ul. Polna 29, dla potrzeb niezbędnych w realizacji procesu rekrutacyjnego, zgodnie z przepisami ustawy z dnia 10.05.2018 r. o ochronie danych osobowych (Dz. U. z 2018, poz. 1000). Przyjmuję do wiadomości, że przysługuje mi prawo dostępu do treści moich danych, ich poprawiania oraz wycofania zgody na ich przetwarzanie w każdym czasie, jak również, że podanie tych danych jest dobrowolne.",2408,FULL_TIME,Umowa o pracę,Umowa o pracę,,,,,,NONE,,False,False,,,False,False,,,,False,,1760216994000,1760216994000,pl
specjalista-ds-kadr-kadrowa-kadrowy-CID4-ID175UCb,https://www.olx.pl/oferta/praca/specjalista-ds-kadr-kadrowa-kadrowy-CID4-ID175UCb.html,UNKNOWN,Specjalista ds. Kadr / Kadrowa / Kadrowy,"Wrocław, Krzyki","Spy Shop jest siecią sklepów detektywistycznych działającą na rynku od 2007 roku. Naszym celem jest zapewnienie klientom wysokiej jakości sprzętu i profesjonalnej obsługi technicznej. Przeszkoleni pracownicy gwarantują fachowe i indywidualne podejście do potrzeb odbiorców, dzięki temu cieszymy się zaufaniem wśród coraz większej liczby klientów firmy. Zakres obowiązków: przygotowywanie umów i dokumentów związanych z nawiązywaniem i rozwiązywaniem stosunku pracy oraz umów cywilnoprawnych prowadzenie pełnej dokumentacji pracowniczej zgodnie z obowiązującymi przepisami naliczanie wynagrodzeń i sporządzanie list płac sporządzanie i rozliczanie umów cywilno-prawnych rozliczanie czasu pracy (urlopy, zwolnienia lekarskie, godziny przepracowane z umów zleceń) sporządzanie deklaracji do ZUS, US, GUS, PFRON przygotowanie raportów i sprawozdań z zakresu kadrowo-płacowego kontakt z ZUS-em, Urzędem Skarbowym, biurami komorniczymi obsługa PPK nadzorowanie i kierowanie pracowników na badania lekarskie obsługa benefitów pracowniczych rozliczanie delegacji krajowych i zagranicznych zgłaszanie pracowników do zagranicznych urzędów i sporządzanie dokumentacji w tym zakresie występowanie o A1 dla delegowanych pracowników monitorowanie zmian w przepisach prawa pracy oraz regulacjach dotyczących ubezpieczeń społecznych bieżąca obsługa pracowników i zleceniobiorców Wymagania: przynajmniej 2 letnie doświadczenie zawodowe na podobnym stanowisku w samodzielnym prowadzeniu kadr i płac (najlepiej w spółce) bardzo dobra znajomość przepisów z zakresu prawa pracy, podatku dochodowego od osób fizycznych i ubezpieczeń społecznych oraz umiejętność stosowania ich w praktyce znajomość zasad rozliczania umów cywilnoprawnych praktyczna znajomość przepisów związanych z delegowaniem pracowników do krajów UE i poza znajomość programu Enova oraz pakietu MS Office bardzo dobra organizacja pracy własnej, dokładność systematyczność, rzetelność umiejętność zarządzania czasem i ustalania priorytetów samodzielność i chęć do wychodzenia z inicjatywą Oferujemy: Stabilne zatrudnienie w rozwijającej się firmie Niezbędne narzędzia pracy Możliwość rozwoju zawodowego i podnoszenia kwalifikacji Pracę w przyjaznym i profesjonalnym zespole Skontaktujemy się z wybranymi kandydatami.",2262,FULL_TIME,"Umowa o pracę, Samozatrudnienie","Umowa o pracę, Samozatrudnienie",,,,,,NONE,,False,False,,,False,False,mid,,mid,True,,1760216995000,1760216995000,pl
doradca-klienta-lodz-retkinia-CID4-IDLYr1V,https://www.olx.pl/oferta/praca/doradca-klienta-lodz-retkinia-CID4-IDLYr1V.html,UNKNOWN,Doradca Klienta - Łódź Retkinia,"Łódź, Polesie","Jeśli: Chcesz zarabiać w sprzedaży i obsłudze klienta A do tego: - Szukasz zajęcia, które pogodzisz z innymi aktywnościami - Chcesz pomagać klientom w realizacji ich planów rola Doradcy/ Doradczyni Klienta jest właśnie dla Ciebie Mamy dla Ciebie : · Wynagrodzenie: Zależne od Twoich osiągnięć, z prowizją, premiami oraz bonusem zespołowym za realizację celów. · Programy wspierające Twoje zarobki w okresie wdrożenia · Najlepsze narzędzia: Tablet, telefon z bezpłatnym abonamentem oraz aplikacje ze wspierającą Cię zawsze aktualną wiedzą. · Elastyczne godziny współpracy: Elastyczne godziny współpracy: Możliwość dostosowania harmonogramu do Twoich potrzeb. · Sponsorowane Ubezpieczenie NNW: Zapewniamy dodatkowe zabezpieczenie. · Umowa cywilnoprawna: Z naszym wkładem w Twoją przyszłą emeryturę poprzez odprowadzanie składek do ZUS. Dodatkowo gwarantujemy: · Grupę klientów na start: Od razu po rozpoczęciu współpracy. · Kompleksowe wdrożenie pod opieką mentora · Szkolenia wdrożeniowe i rozwojowe: m.in. ze sprzedaży, komunikacji i kompetencji miękkich. · Bezpłatną Certyfikację OFWCA przy KNF: Umożliwi Ci to także sprzedaż ubezpieczeń indywidualnych Z nami zyskujesz przejrzystą ŚCIEŻKĘ ROZWOJU w tym możliwości awansu na rolę Doradcy Klienta Eksperta, a także na stanowisko Kierownika Rejonu. Zadania, które chcemy Ci powierzyć: · Sprzedaż produktów (m.in. pożyczki, karty kredytowe, ubezpieczenia). · Obsługa posprzedażowa i odbiór rat u klientów. · Budowanie i utrzymywanie relacji z klientami. · Pozyskiwanie klientów. Zainteresowała Cię ta propozycja? Wystarczy, że masz: · wykształcenie minimum średnie, · otwartość na współpracę z klientami w terenie, · gotowość do nabywania nowej wiedzy i umiejętności. · łatwość w nawiązywaniu kontaktów, a współpraca z ludźmi sprawia Ci przyjemność. Osoby zainteresowane ofertą prosimy o wypełnienie formularza zgłoszeniowego. APLIKUJ LINK Jeżeli jesteś zainteresowany/a pracą w innej lokalizacji, odwiedź naszą stronę lub zadzwoń na numer 600 400 380.",2000,PART_TIME,Umowa zlecenie,Umowa zlecenie,,,,,,NONE,,False,False,,,False,False,,,,False,,1760216995000,1760216995000,pl
ekipa-zbrojarzy-do-pracy-przy-budowie-budynku-wielorodzinnego-CID4-ID17MqPq,https://www.olx.pl/oferta/praca/ekipa-zbrojarzy-do-pracy-przy-budowie-budynku-wielorodzinnego-CID4-ID17MqPq.html,UNKNOWN,Ekipa zbrojarzy do pracy przy budowie budynku wielorodzinnego,Piotrków Trybunalski,Poszukujemy ekipy zbrojarzy do prac przy budowie budynku wielorodzinnego w Piotrkowie Trybunalskim. Okres budowy 11/2025 - 05/2026 preferowana ekipa 4-6 osób.,158,PART_TIME,Samozatrudnienie,Samozatrudnienie,,,,,,NONE,,False,False,,,False,False,,,,False,,1760217015000,1760217015000,pl
praca-dla-pielegniarki-szkolnej-CID4-ID17GuGx,https://www.olx.pl/oferta/praca/praca-dla-pielegniarki-szkolnej-CID4-ID17GuGx.html,UNKNOWN,Praca dla pielegniarki szkolnej,Radom,"NZOZ Kamed Emilia Kuta zatrudni pielęgniarkę do pracy w medycynie szkolnej. Wymagania: - prawo wykonywania zawodu - wykształcenie średnie zawodowe lub licencjat i ukończony kurs/specjalizacja dający uprawnienia do pracy w szkole lub tytuł magistra pielęgniarstwa, - zaświadczenie o niekaralności. Forma zatrudnienia - umowa zlecenie. Zachęcam do kontaktu telefonicznego lub przesłania CV.",388,FULL_TIME,Umowa zlecenie,Umowa zlecenie,,,,,,NONE,,False,False,,,False,False,,,,False,,1760217036000,1760217036000,pl
sprzedawca-umowa-o-prace-wroclaw-galeria-wroclavia-CID4-ID17NhLG,https://www.olx.pl/oferta/praca/sprzedawca-umowa-o-prace-wroclaw-galeria-wroclavia-CID4-ID17NhLG.html,UNKNOWN,Sprzedawca (umowa o pracę) Wrocław Galeria Wroclavia,"Wrocław, Śródmieście","JAKIE BĘDĄ TWOJE ZADANIA? Obsługa urządzeń sklepowych w tym kasy fiskalnej Przygotowanie towaru do wyłożenia Dbanie o ekspozycję towaru oraz porządek na sklepie Doradztwo w sprzedaży produktów odpowiadające na potrzeby Klienta CZEGO MOŻESZ SIĘ SPODZIEWAĆ? Zatrudnienia w ramach umowy o pracę Systemu premiowego opartego na wynikach sklepu Opieki medycznej w Luxmed oraz dofinansowania do karty sportowej Dodatków świątecznych oraz bonów dla dzieci Rabatów cenowych na nasz asortyment Szkoleń oraz możliwości awansu CO UŁATWI CI REALIZACJĘ ZADAŃ? Umiejętność szybkiego uczenia się Otwartość na dynamikę i zmiany w codziennej pracy Odpowiedzialność za powierzone zadania i obowiązki Umiejętność pracy w zespole Łatwość w nawiązywaniu kontaktu z Klientem Gotowość do pracy w trybie zmianowym oraz w weekendy DO PEŁNEJ UKŁADANKI BRAKUJE NAM TYLKO CIEBIE :) Obowiązek informacyjny OBOWIĄZEK INFORMACYJNY DO ZAMIESZCZENIA W OGŁOSZENIU O PRACĘ – Dane osobowe, podanie których jest obowiązkowe zgodnie z obowiązującymi przepisami prawa, oznaczone są symbolem (*). Pozostałe dane osobowe podawane są przez kandydata dobrowolnie. Administratorem Twoich danych osobowych zawartych w zgłoszeniu jest SMYK S.A. z siedzibą w Warszawie (02-672), ul. Domaniewska 48. Będziemy przetwarzać Twoje dane osobowe w celu przeprowadzenia procesu rekrutacji na stanowisko, na które aplikujesz, w celu prowadzenia przyszłych rekrutacji (o ile wyrazisz na to zgodę) i w celu ewentualnego ustalenia, dochodzenia lub obrony przed roszczeniami. Zakres danych osobowych wymaganych przez Smyk S.A. w procesie rekrutacji wskazany jest każdorazowo w formularzu stosowanym w ramach procesu rekrutacji. Podanie danych osobowych przekraczających zakres danych osobowych, wymaganych przez Smyk S.A. Jeśli chcesz, aby Twoje dane osobowe były przetwarzane przez SMYK S.A. z siedzibą w Warszawie (02-672), ul. Domaniewska 48, moich danych osobowych zawartych w dokumentach aplikacyjnych na potrzeby przyszłych rekrutacji.” Możesz z łatwością cofnąć każdą ze zgód z punktu 2 i 3 w dowolnym momencie. Aby to zrobić prześlij email na adres mojedane(małpa)smyk.com lub zadzwoń pod numer +48 22 448 00 00. Wycofanie zgody nie wpływa na zgodność z prawem przetwarzania dokonanego przed jej wycofaniem. Pełną informację odnośnie przetwarzania Twoich danych osobowych znajdziesz tutaj:",2336,FULL_TIME,Umowa o pracę,Umowa o pracę,,,,,,NONE,,False,False,,,False,False,,,,False,,1760217057000,1760217057000,pl
zatrudnimy-kasjera-sprzedawce-do-sklepu-spozywczego-CID4-IDI23vk,https://www.olx.pl/oferta/praca/zatrudnimy-kasjera-sprzedawce-do-sklepu-spozywczego-CID4-IDI23vk.html,UNKNOWN,Zatrudnimy kasjera/sprzedawcę do sklepu spożywczego,Tychy,"Poszukujemy pracowników do sieci sklepów Lewiatan i Groszek w Tychach. Praca w systemie 2 zmianowym. Zakres obowiązków: - Miła i profesjonalna obsługa Klientów sklepu. - Dbanie o odpowiednią ekspozycję oraz czystość. U. z 2002r. Nr 101, poz. 926 ze zm.).”",255,FULL_TIME,Umowa o pracę,Umowa o pracę,,,,,,NONE,,False,False,,,False,False,,,,False,,1760217056000,1760217056000,pl
asystent-klienta-drogerii-mlawa-wojciecha-13-CID4-ID17NeOm,https://www.olx.pl/oferta/praca/asystent-klienta-drogerii-mlawa-wojciecha-13-CID4-ID17NeOm.html,UNKNOWN,Asystent Klienta Drogerii Mława Wojciecha 13,Mława,"Twój zakres obowiązków aktywna praca z Klientem na sali sprzedaży i podczas obsługi kasowej, bieżąca praca z towarem - zdarza się, że także w porze nocnej (np. podczas dostaw), prowadzenie zmiany, podczas której zorganizujesz pracę sobie i współpracownikom, bieżące dbanie o wizerunek drogerii, praca od poniedziałku do soboty (także w niedziele handlowe). Nasze wymagania jeśli łatwo nawiązujesz relacje, porozmawiasz z Klientami o pogodzie, a przy tym polecisz produkty i dołożysz towar na półkę… jeśli lubisz ludzi i potrafisz zarazić Klientów uśmiechem, bo w Rossmannie uśmiech robi Dzień Dobry! ... jeśli lubisz gdy dużo się dzieje, aktywność to Twój żywioł, a dodatkowo jesteś otwarta/y na zmiany… jeśli jesteś nastawiona/y na współpracę i ważne jest dla Ciebie uczucie, że masz na kim polegać… jeśli szukasz pracy z elastycznym grafikiem, niekoniecznie na cały etat… to oznacza, że jesteś w dobrym miejscu! To oferujemy umowę o pracę bez okresu próbnego na 1/2 etat, dobrze przygotowane wdrożenie do pracy - abyś czuła/ł się zaopiekowana/y i gotowa/y do wykonywania swoich zadań, darmowy dostęp do platformy językowej e-tutor dla Ciebie i Twoich bliskich (języki angielski, niemiecki, francuski, hiszpański, włoski), największy w Polsce, firmowy program rozwoju pasji – windsurfing, snowboard, nurkowanie, skutery wodne, latanie dronem, wyprawy górskie i wiele innych, wyjątkowe benefity: rodzinne wyjazdy, wsparcie psychologiczne w trudnych sytuacjach życiowych, Klub Zwierzaka – Pet Help, Pakiet Kultura z dostępem do topowych platform jak NETFLIX, Empik Go, becikowe, kolonie, wyprawka szkolna – sprawdź co jeszcze czeka na Ciebie w Rossmannie:",1654,PART_TIME,Umowa o pracę,Umowa o pracę,,,,,,NONE,,False,False,,,False,False,junior,,junior,True,,1760217077000,1760217077000,pl
pracownika-kuchni-sniadaniowej-pabianicka-75-teo-retkinia-CID4-ID112jZo,https://www.olx.pl/oferta/praca/pracownika-kuchni-sniadaniowej-pabianicka-75-teo-retkinia-CID4-ID112jZo.html,UNKNOWN,"pracownika kuchni śniadaniowej - PABIANICKA 75, TEO , Retkinia","Łódź, Bałuty","Uwaga to nie jest oferta pracy na wakacje CAFFE PRZY ULICY szuka osób do pracy na kuchni śniadaniowej, : Wici 32 Kostki Napierskiego 1 Pabianicka 75 mile widziane z doświadczeniem w pracy gastro oraz książeczka sanep. do obowiązków pracownika kuchni : MINIMUM DO PRZEPRACOWANIA 4 ZMIANY TYGODNIOWO przyrządzanie dań z oferty śniadaniowej dbanie o jakość wydawanych posiłków, dbanie o czystość stanowiska pracy i sali, oferujemy: • elastyczny grafik • praca na 2 zmiany w godzinach 7-14, 14-20 • systematyczne miesięczne wynagrodzenia, • dodatek w postaci posiłku pracowniczego, • możliwość pakietu medycznego i ubezpieczenia ZAPRASZAMY",635,FULL_TIME,"Samozatrudnienie, Umowa zlecenie","Samozatrudnienie, Umowa zlecenie",,,,,,NONE,,False,False,,,False,False,,,,False,,1760217097000,1760217097000,pl
handlowiec-specjalista-ds-sprzedazy-CID4-IDU9RtI,https://www.olx.pl/oferta/praca/handlowiec-specjalista-ds-sprzedazy-CID4-IDU9RtI.html,UNKNOWN,Handlowiec - Specjalista ds. Sprzedaży,Nowy Sącz,"LK-Inox to firma handlowa w branży budowlanej. Poszukujemy do naszego zespołu osobę na stanowisko: Handlowiec Miejsce pracy: Nowy Sącz, ul. Rafała Krajewskiego 27 Opis stanowiska: Pozyskiwanie nowych klientów. Budowanie i utrzymywanie długotrwałych relacji z klientami B2B. Przygotowywanie i negocjowanie ofert handlowych. Wystawianie dokumentów handlowych i magazynowych oraz CMR do załadunku. Monitorowanie wśród swoich klientów terminowości w płatnościach za faktury, ponaglenia. Pomoc przy załadunku i rozładunku Stali i Aluminium Oczekujemy: Umiejętność planowania, ustalania priorytetów, Znajomość języka angielskiego umożliwiająca swobodną komunikację. Wysokie umiejętności komunikacyjne i interpersonalne. Łatwość w prowadzeniu rozmowy. Samodzielność, konsekwencja w działaniu, dobra organizacja pracy oraz nastawienie na realizację celów. Zaradność Oferujemy: Stabilne zatrudnienie w oparciu o umowę o pracę. Wynagrodzenie 5000 zł ""na rękę"" + Przejrzysty system premiowy. Przyjazną atmosferę pracy. Niezbędne narzędzia pracy: Laptop, telefon. Jak aplikować: Osoby zainteresowane prosimy o przesłanie CV na portalu OLX, z dopiskiem ""Handlowiec"". z 2002 r. nr 101, poz. 926, ze zm.)"".",1191,FULL_TIME,Umowa o pracę,Umowa o pracę,,,,,,NONE,,False,False,,,False,False,mid,,mid,True,,1760217122000,1760217122000,pl
kucharz-barista-kelner-CID4-ID14YZJJ,https://www.olx.pl/oferta/praca/kucharz-barista-kelner-CID4-ID14YZJJ.html,UNKNOWN,Kucharz/barista/kelner,"Katowice, Bogucice","Do małego bistro w Klinice poszukujemy osoby, która będzie przygotowywała, oraz podawała gotowe, obiady, przekąski, kanapki, desery, kawę, napoje itd. Oczekujemy osoby: -kreatywnej, -znającej najnowsze trendy w żywieniu, -otwartej na nowości żywieniowe, -potrafiącej łączyć smaki, -potrafiącej przygotowywać niestandardowe posiłki, również wegetariańskie i wegańskie, -która potrafi przygotować kawę w wielu wydaniach, -otwartej na klientów i kontakt z nimi. Oferujemy: -pracę w doskonałej atmosferze, -możliwość kreowania nowych trendów, -współpracę z dietetykiem, -b. dobre warunki pracy. Oczekujemy na CV od największych pasjonatów kuchni.",642,FULL_TIME,"Umowa o pracę, Umowa zlecenie","Umowa o pracę, Umowa zlecenie",,,,,,NONE,,False,False,,,False,False,,,,False,,1760217142000,1760217142000,pl
praca-inspektor-kontroli-jakosci-zdobadz-doswiadczenie-CID4-ID17zDF3,https://www.olx.pl/oferta/praca/praca-inspektor-kontroli-jakosci-zdobadz-doswiadczenie-CID4-ID17zDF3.html,UNKNOWN,Praca Inspektor kontroli jakości - zdobądź doświadczenie,Legnica,"invenio QD jest częścią międzynarodowej firmy inżynierskiej mającej swoje oddziały w Europie, Ameryce i Australii. Nasza firma zajmuje się usługami z zakresu kontroli jakości i napraw części samochodowych, inżynierią mechaniki i procesów wytwórczych oraz szkoleniami. Numer agencji zatrudnienia: 17728 Aktualnie poszukujemy do wsparcia naszego zespołu kandydatów na stanowisko: INSPEKTOR KONTROLI JAKOŚCI Oferujemy: Pracę w międzynarodowej firmie lidera branży motoryzacyjnej Perspektywę długofalowej współpracy Pracę od poniedziałku do piątku w systemie trzyzmianowym Możliwość delegacji do innych oddziałów w lokalizacji Szkolenie wstępne oraz nadzór w procesie wdrażania do nowych obowiązków Ciekawą i stabilną pracę Możliwość pracy także dla osób bez doświadczenia (wszystkiego Cię nauczymy!) Obowiązki: Kontrola jakości i naprawa komponentów z branży motoryzacyjnej Wykonywanie zadań zgodnie ze standardami i instrukcjami (dokumentacja techniczna, instrukcje, karty charakterystyki części) Używanie prostych narzędzi pomiarowych (suwmiarka, itp.) Wsparcie działu produkcji Wymagania: Mile widziane doświadczenie w obszarze produkcji/kontroli jakości Dyspozycyjność do pracy w systemie zmianowym (III zmiany) od poniedziałku do piątku Umiejętność wykonywania pracy zgodnie z instrukcją Spostrzegawczość, dokładność i sumienność Umiejętność pracy w zespole Zapraszamy do aplikowania! Chcesz dowiedzieć się więcej o naszej firmie, wejdź na: invenio.pl/grupa-invenio/ Zastrzegamy sobie prawo do kontaktu z wybranymi kandydatami. Spełniając obowiązek prawny w zakresie danych osobowych informujemy, że administratorem Pani/Pana danych osobowych jest invenio QD sp. z o.o. z siedzibą w Tychach przy ul. Fabrycznej 2, wpisana do rejestru przedsiębiorców Krajowego Rejestru Sądowego pod numerem 0000353362 (dalej zwaną także jako „Administrator”). Pełna treść obowiązku informacyjnego została zamieszczona pod adresem: invenio.pl/wp-content/uploads/2022/10/INFORMACJA-W-PRZEDMIOCIE-OCHRONY-DANYCH-OSOBOWYCH-invenio-QD.pdf",2018,FULL_TIME,Umowa zlecenie,Umowa zlecenie,,,,,,NONE,,False,False,,,False,False,,,,False,,1760217174000,1760217174000,pl
specjalista-ds-bhp-i-ochrony-srodowiska-CID4-ID17I7tv,https://www.olx.pl/oferta/praca/specjalista-ds-bhp-i-ochrony-srodowiska-CID4-ID17I7tv.html,UNKNOWN,Specjalista ds. BHP i Ochrony Środowiska,Kalisz,"Dla naszego Klienta- cenionej firmy produkcyjnej z Kalisza, poszukujemy osoby na stanowisko Specjalisty ds. BHP i Ochrony Środowiska, która będzie odpowiedzialna za zapewnienie zgodności procesów produkcyjnych z obowiązującymi przepisami prawa oraz standardami wewnętrznymi firmy. Zakres obowiązków Nadzór nad przestrzeganiem przepisów i procedur z zakresu BHP, PPOŻ oraz ochrony środowiska. Prowadzenie szkoleń wstępnych i okresowych dla pracowników. Analiza ryzyka zawodowego i opracowywanie instrukcji BHP. Udział w kontrolach wewnętrznych i zewnętrznych oraz reprezentowanie firmy przed instytucjami nadzorującymi. Monitorowanie emisji, odpadów i zużycia mediów zgodnie z przepisami ochrony środowiska. Tworzenie i aktualizacja dokumentacji z obszaru BHP i środowiska. Badanie przyczyn i okoliczności wypadków przy pracy, prowadzenie dokumentacji powypadkowej. Współpraca z kierownikami produkcji w zakresie wdrażania dobrych praktyk środowiskowych i bezpieczeństwa pracy. Poszukiwane kompetencje Wykształcenie wyższe kierunkowe (BHP, inżynieria środowiska lub pokrewne) Znajomość przepisów prawa pracy, BHP, ochrony środowiska oraz PPOŻ. Dobra organizacja pracy, samodzielność i komunikatywność. Język angielski w stopniu komunikatywnym Znajomość pakietu MS Office (Word, Excel, Power Point) Świetna organizacja czasu pracy Umiejętność pracy w środowisku dynamicznym Oferujemy Atrakcyjne wynagrodzenie dostosowane do Twojego doświadczenia i kwalifikacji. Możliwość rozwijania się zawodowo i awansu na ścieżce kariery. Pracę w zespole pełnym profesjonalistów, gdzie każdy przyczynia się do osiągnięcia wspólnych celów. Przyjazną atmosferę pracy i korzystne warunki zatrudnienia. Dostęp do nowoczesnych narzędzi i technologii, co umożliwi Ci rozwijanie umiejętności i zdobywanie nowych doświadczeń. Umowę o pracę, gwarantującą Ci stabilność zatrudnienia Agencja nr 30867",1873,FULL_TIME,Umowa o pracę,Umowa o pracę,,,,,,NONE,,False,False,,,False,False,mid,,mid,True,,1760217174000,1760217174000,pl
operator-ka-prasy-hydraulicznej-pily-oraz-maszyn-cnc-CID4-ID11WBJr,https://www.olx.pl/oferta/praca/operator-ka-prasy-hydraulicznej-pily-oraz-maszyn-cnc-CID4-ID11WBJr.html,UNKNOWN,Operator/-ka prasy hydraulicznej/piły oraz maszyn CNC,Siedlce,"ARTRYS Projekt firma budowlana z zakresu elewacji wentylowanych, która jest również producentem podkonstrukcji aluminiowej, systemów zamocowań oraz wszelkich obróbek blacharskich, aktualnie poszukuje do swojego zakładu pracowników na stanowiska: Operator/-ka prasy hydraulicznej i Operator/-ka piły do cięcia profili aluminiowych i okładzin elewacyjnych oraz maszyn CNC do prefabrykacji okładzin elewacyjnych. Obowiązki: Obsługa maszyn produkcyjnych Kontrola jakości produktu Prace porządkowe i serwisowe Realizacja zleceń produkcyjnych Utrzymanie maszyn w dobrym stanie technicznym Praca zgodnie z wymaganiami jakościowymi i ilościowymi Dbanie o porządek na stanowisku pracy Wymagania: Mile widziana praca w obsłudze maszyn produkcyjnych Umiejętność pracy w zespole Sumienność i zaangażowanie Umiejętność czytania rysunków technicznych Umiejętność posługiwania się elektronarzędziami Dokładność i precyzja w wykonywaniu zleceń Oferujemy: pracę w systemie 1 - zmianowym stabilne zatrudnienie oraz dobrą atmosferę w pracy możliwość przyuczenia ilość etatów: 4",1058,FULL_TIME,"Umowa o pracę, Umowa zlecenie","Umowa o pracę, Umowa zlecenie",,,,,,NONE,,False,False,,,False,False,,,,False,,1760217216000,1760217216000,pl
technik-mechanik-elektromechanik-maszyn-serwisant-CID4-ID17wmKm,https://www.olx.pl/oferta/praca/technik-mechanik-elektromechanik-maszyn-serwisant-CID4-ID17wmKm.html,UNKNOWN,Technik Mechanik - Elektromechanik Maszyn - Serwisant,Kostrzyn,"Firma Stürmer Maszyny zajmująca się sprzedażą i serwisem maszyn, poszukuje kandydata na stanowisko Technik Mechanik / Elektromechanik Maszyn. Osoba zatrudniona będzie odpowiedzialna naprawę, serwis, uruchamianie, diagnostykę maszyn zarówno w siedzibie firmy, jak i u klientów na terenie kraju. Zakres obowiązków: naprawa i uruchamianie maszyn w siedzibie firmy, jak i u klientów. Diagnozowanie i usuwanie usterek mechanicznych, elektrycznych i elektromechanicznych. Prowadzenie prac konserwacyjnych i serwisowych. Wsparcie techniczne klientów oraz szkolenie z obsługi maszyn. Współpraca z działem sprzedaży i wsparcie przy pokazach maszyn. Prowadzenie dokumentacji serwisowej i raportowanie działań. Udział w targach Wymagania: Wykształcenie techniczne (mechaniczne, elektromechaniczne, elektryczne lub pokrewne). Doświadczenie w serwisie maszyn lub urządzeń będzie dodatkowym atutem. Umiejętność czytania dokumentacji technicznej. Znajomość podstaw pneumatyki i elektrotechniki. Gotowość do wyjazdów służbowych Prawo jazdy kat. B. Komunikatywność i samodzielność w działaniu. Oferujemy: Stabilne zatrudnienie w oparciu o umowę o pracę. Atrakcyjne wynagrodzenie oraz premie za wyjazdy serwisowe. Prywatną opiekę medyczną Ubezpieczenie grupowe Karta Multisport Pracę w dynamicznym i doświadczonym zespole.",1304,FULL_TIME,Umowa o pracę,Umowa o pracę,,,,,,NONE,,False,False,,,False,False,,,,False,,1760217215000,1760217215000,pl
kierowca-busa-do-3-5t-w-syst-3na1-na-trasy-miedzynarodowe-CID4-ID17Gadr,https://www.olx.pl/oferta/praca/kierowca-busa-do-3-5t-w-syst-3na1-na-trasy-miedzynarodowe-CID4-ID17Gadr.html,UNKNOWN,"Kierowca busa do 3,5t w syst. 3na1 na trasy międzynarodowe",Górki Wielkie,"Płace: Umowa zlecenie 350 dzień Własna działalność 440 dzień brutto (ZUS,US po stronie kier.) Jeżeli ktoś zainteresowany proszę pisać w odpowiedzi tego ogłoszenia (CV lub coś o sobie ile lat prawo jazdy ile doświadczania) . Jeżeli nie odbieram proszę napisać SMSa oddzwonię . Głównie kierunki IT , GB , DE , NL , BE , SE , NO , sporadycznie ES , FR Korzystamy z kart E100 . Do dyspozycji Renault Master plandeka TwinCab S , 1szt. plandeka ze spaniem u góry, nowy kierowca dostaje samochód używany , sprawny czysty . Nie mamy nowych samochodów na próbne wyjazdy) Kandydaci mile widziani z obywatelstwem PL i aktualnym paszportem (wyjazdy do GB) Nie odbieram proszę napisać SMSa (krotko doświadczanie , ile lat prawo jazdy żonaty , kawaler itp) oddzwonię - odpiszę",762,FULL_TIME,"Umowa o pracę, Samozatrudnienie, Umowa zlecenie","Umowa o pracę, Samozatrudnienie, Umowa zlecenie",,,,,,NONE,,False,False,,,False,False,,,,False,,1760217236000,1760217236000,pl
specjalista-ds-zaopatrzenia-CID4-ID17NwsZ,https://www.olx.pl/oferta/praca/specjalista-ds-zaopatrzenia-CID4-ID17NwsZ.html,UNKNOWN,Specjalista ds. zaopatrzenia,"Warszawa, Bemowo","Szukamy osoby, która będzie odpowiedzialna za sprawy gospodarcze firmy m.in. prowadzenie sprawozdań, organizację pracy wykonawców, zaopatrzenie oraz utrzymanie porządku na terenie firmy. Miejsce pracy (Warszawa, Bemowo) Godziny pracy od 10:00 do 18:00 od poniedziałku do piątku. Zakres obowiązków: Prowadzenie sprawozdań i kontrola terminowych płatności (energia elektryczna, wywóz śmieci, naprawy, serwis sprzętu). Organizacja pracy wykonawców: wyszukiwanie, koordynacja i nadzór nad realizacją. Zamawianie niezbędnych narzędzi i sprzętu (Allegro, OLX itp.). Zaopatrzenie biura w potrzebne materiały. Obsługa floty samochodowej (do 10 pojazdów). Drobne prace naprawcze i gospodarcze na terenie firmy (naprawy, wymiana drobnych elementów, koszenie trawy itp.). Wymagania: Doświadczenie w pracy na podobnym stanowisku. Znajomość języka polskiego na poziomie co najmniej B1. Prawo jazdy kat. B. Oferujemy: Stabilne wynagrodzenie Multisport Prywatna opieka medyczna Płatny urlop Praca w młodym zespole Prosimy o wysyłanie CV poprzez portal OLX lub kontakt telefoniczny",1065,FULL_TIME,"Inny, Umowa o pracę, Umowa zlecenie","Inny, Umowa o pracę, Umowa zlecenie",,,,,,NONE,,False,False,,,False,False,mid,,mid,True,,1760217256000,1760217256000,pl
kierowca-kategoria-d-CID4-IDLmDIE,https://www.olx.pl/oferta/praca/kierowca-kategoria-d-CID4-IDLmDIE.html,UNKNOWN,Kierowca kategoria D,"Łódź, Widzew",Poszukujemy kierowcy Kat D - dowóz pracowników na terenie miasta Łodzi kontakt : 66********35,93,FULL_TIME,Umowa o pracę,Umowa o pracę,,,,,,NONE,,False,False,,,False,False,,,,False,,1760217257000,1760217257000,pl
zatrudnie-asystentke-higienistke-stomatologiczna-z-doswiadczeniem-CID4-ID154svb,https://www.olx.pl/oferta/praca/zatrudnie-asystentke-higienistke-stomatologiczna-z-doswiadczeniem-CID4-ID154svb.html,UNKNOWN,Zatrudnię asystentkę/higienistkę stomatologiczną z doświadczeniem,"Poznań, Ławica","Klinika stomatologiczna Ortodontica Dental Clinic w Poznaniu ul. Złotowska, poszukuje asystentki/higienistki stomatologicznej do pracy w nowoczesnym i przyjaznym otoczeniu. Oferujemy: stabilne zatrudnienie na umowę o pracę atrakcyjne wynagrodzenie pracę w nowoczesnym gabinecie z profesjonalnym sprzętem miłą atmosferę i wsparcie doświadczonego zespołu możliwość rozwoju i szkoleń Wymagania: wykształcenie kierunkowe i doświadczenie w pracy na podobnym stanowisku, umiejętność pracy z pacjentem i zaangażowanie. Dołącz do zespołu i rozwijaj się swoją karierę w przyjaznym otoczeniu!",582,FULL_TIME,Umowa o pracę,Umowa o pracę,,,,,,NONE,,False,False,,,False,False,,,,False,,1760217277000,1760217277000,pl
ksiegowa-ksiegowy-w-sochaczewie-CID4-ID14oHpT,https://www.olx.pl/oferta/praca/ksiegowa-ksiegowy-w-sochaczewie-CID4-ID14oHpT.html,UNKNOWN,Księgowa/Księgowy w Sochaczewie,Sochaczew,"SARENS to międzynarodowy koncern prowadzący projekty na całym świecie, lider w zakresie usług wynajmu żurawi oraz transportu ponadgabarytowego. Do naszego biura w Sochaczewie zatrudnimy: Księgową/Księgowego Zakres obowiązków: Weryfikacja i księgowanie dokumentów księgowych: dokumentów kosztowych, rozliczeń międzyokresowych, amortyzacji. Prowadzenie rejestrów środków trwałych, Rozliczanie miesięcznych deklaracji VAT, transakcje krajowe, import eksport, WDT i WNT, Wprowadzanie dokumentów księgowych do systemu D365 zgodnie z wewnętrznymi regulacjami, kontrola prawidłowości dokumentów księgowych. Wystawianie faktur sprzedaży. Aktywny udział w zadaniach cyklicznych i pozostałych czynnościach związanych z zamknięciem miesiąca. Współpraca z innymi działami Spółki. Praca w siedzibie głównej Spółki - w biurze w Sochaczewie. Wymagania: Minimum 2-letnie doświadczenie w dziale księgowym. Znajomość programu Excel. Umiejętność analitycznego myślenia. Dokładność, systematyczność, komunikatywność. Mile widziana komunikatywna znajomość j. angielskiego. Oferujemy: Pracę w międzynarodowej firmie o dużym doświadczeniu na rynku. Umowę o pracę. Abonament medyczny według zasad obowiązujących w Spółce, Nauka języka angielskiego na terenie firmy opłacana przez Pracodawcę. Dofinansowanie do karty sportowej. Dodatkowe ubezpieczenie grupowe. Spotkania integracyjne. Aplikuj przez link do formularza, żółty przycisk ""Apply now"".",1421,FULL_TIME,Umowa o pracę,Umowa o pracę,,,,,,NONE,,False,False,,,False,False,,,,False,,1760217298000,1760217298000,pl
operator-maszyn-silgan-metal-packaging-tczew-s-a-CID4-IDZEEkr,https://www.olx.pl/oferta/praca/operator-maszyn-silgan-metal-packaging-tczew-s-a-CID4-IDZEEkr.html,UNKNOWN,OPERATOR MASZYN – Silgan Metal Packaging Tczew S.A.,Tczew,"Opis OPERATOR MASZYN – Silgan Metal Packaging Tczew S.A. Opis Silgan Metal Packaging Tczew S.A. należy do amerykańskiego koncernu- światowego lidera w produkcji opakowań Silgan Holding. Naszym klientom z branży spożywczej oferujemy szeroki asortyment opakowań metalowych. Ustaw z 2018, poz. Administratorem Państwa danych osobowych jest Silgan Metal Packaging Tczew S.A. z siedzibą w Tczewie, ul. Rokicka 13. Państwa dane osobowe zbierane są na potrzeby obecnych i przyszłych rekrutacji. Zebrane dane mogą być udostępniane wyłącznie podmiotom wskazanym w przepisach prawa. Przysługuje Państwu prawo dostępu do treści swoich danych oraz ich poprawianie na warunkach określonych prawem. Zastrzegamy sobie prawo do kontaktu drogą telefoniczną lub elektroniczną z wybranymi kandydatami. Możesz stać się częścią naszego zespołu i mieć udział w dalszym rozwoju firmy!",861,FULL_TIME,Umowa o pracę,Umowa o pracę,,,,,,NONE,,False,False,,,False,False,,,,False,,1760217318000,1760217318000,pl
referent-ds-logistyki-CID4-ID17LUrh,https://www.olx.pl/oferta/praca/referent-ds-logistyki-CID4-ID17LUrh.html,UNKNOWN,Referent ds. logistyki,Ciemno-Gnojna,"Firma CAT Mosolf Polska Spółka z o. o. specjalizująca się w rozwiązaniach logistycznych dla branży motoryzacyjnej w związku z dalszym rozwojem zatrudni pracownika na stanowisko Referent ds. logistyki Mszczonów Opis stanowiska: Praca związana z obsługą biura dostaw Wystawianie dokumentów magazynowych Rejestrowanie ruchów magazynowych Kontrola poprawności stanów magazynowych Zapewnienie prawidłowego obiegu informacji i dokumentów Raportowanie dostaw do klienta Rozliczanie dostawy z dokumentami księgowymi i magazynowymi Wymagania: Wykształcenie średnie Prawo jazdy kat. B Znajomość MS Office, w szczególności MS Excel Znajomość języka angielskiego na poziomie komunikatywnym (w mowie i piśmie) Zaangażowanie w wykonywanie powierzonych zadań Dobra organizacja pracy własnej i dokładność Odpowiedzialność oraz samodzielność w działaniu Komunikatywność i operatywność Mile widziane: Znajomość zasad logistyki Oferujemy: Zatrudnienie na podstawie umowy o pracę Miesięczny system wynagrodzeń Możliwość rozwoju zawodowego i szkoleń Możliwość nauki i doskonalenia języka angielskiego Porady prawne Program rekomendacji pracowników Bogaty i ciekawy pakiet świadczeń socjalnych, w tym ubezpieczenie na życie, prywatna opieka medyczna, karta sportowa, zakładowy fundusz świadczeń socjalnych, dostęp do platformy benefitowej",1316,FULL_TIME,Umowa o pracę,Umowa o pracę,,,,,,NONE,,False,False,,,False,False,,,,False,,1760217318000,1760217318000,pl
obsluga-klienta-w-jezyku-rumunskim-mygift-pl-CID4-IDU081S,https://www.olx.pl/oferta/praca/obsluga-klienta-w-jezyku-rumunskim-mygift-pl-CID4-IDU081S.html,UNKNOWN,Obsługa klienta w języku rumuńskim - MyGift.pl,"Warszawa, Targówek","W MyGift stawiamy na innowacyjność, rozwój wewnętrzny całego zespołu i doskonałą atmosferę pracy. Nasze zaangażowanie przekłada się na tworzenie wyjątkowej kolekcji prezentów, która daje radość naszym klientom oraz ich bliskim. Dołącz do zespołu, na który zawsze możesz liczyć, rozwijaj się i osiągaj z nami kolejne sukcesy! Poszukujemy sumiennej i pozytywnej osoby, która będzie telefonicznie oraz mailowo obsługiwać klientów sklepu internetowego (rynek rumuński). Do obowiązków na tym stanowisku należeć będzie również tłumaczenie tekstów oraz pomoc w budowaniu naszej marki za granicą. Co będziesz u nas robić? Pomagać w rozmowach z kontrahentami; Planować rozwój sklepu na rynek rumuński; Utrzymywać kontakt z klientem: mailowy, telefoniczny, live chat; Tłumaczyć teksty na język rumuński; Przyjmować zamówienia do realizacji w systemie administracyjnym sklepu; Zarządzać statusami zamówień w panelu administracyjnym; Przyjmować oraz wykonywać zwroty zamówień. Czego wymagamy? Bardzo dobrej znajomość języka rumuńskiego (B2+, Native speaker - mile widziany); Sumienności, samodzielności i odpowiedzialności za powierzone zadania; Rzetelności w wykonywaniu zadań; Umiejętności logicznego myślenia; Doskonałych umiejętności organizacyjnych i dbałości o szczegóły; Biegłości w obsłudze komputera. Znajomości pakietu Office, Google Docs; Pozytywnego nastawienia i chęci pracy w zespole. Mile widziany status studenta; Mile widziane doświadczenie w pracy na podobnym stanowisku. Co oferujemy: Przyjazne miejsce pracy, w którym możesz się szybko rozwijać. Możliwość pracy w pełni zdalnej lub hybrydowej; Wynagrodzenie dostosowane do Twojego doświadczenia oraz wykonywanych obowiązków. Luźną atmosferę, elastyczne godziny pracy i brak dress code’u. Codzienne wsparcie młodego, przyjaznego zespołu. Prywatną opiekę medyczną oraz pakiet multisport. Fajne imprezy integracyjne. ;) Aby wziąć udział w procesie rekrutacji prześlij nam proszę następujące informacje: Swoje aktualne CV; Informację o godzinowej dostępności w tygodniu; Opcjonalnie list motywacyjny i kilka zdań uzasadniających wybór naszej firmy.",2102,FULL_TIME,"Umowa o pracę, Samozatrudnienie, Umowa zlecenie","Umowa o pracę, Samozatrudnienie, Umowa zlecenie",1.0,,,,,NONE,,False,False,,,False,False,,,,False,,1760217318000,1760217318000,pl
pracownik-ksiegowosci-wsparcie-ksiegowosci-zewnetrznej-CID4-ID16UEmj,https://www.olx.pl/oferta/praca/pracownik-ksiegowosci-wsparcie-ksiegowosci-zewnetrznej-CID4-ID16UEmj.html,UNKNOWN,Pracownik księgowości - wsparcie księgowości zewnętrznej,"Katowice, Śródmieście","Poszukujemy odpowiedzialnej osoby na stanowisko wsparcia księgowości Oczekiwania: -bardzo dobra znajomość prawa podatkowego, -doświadczenie w pracy minimum 2 lata, -dokładność, skrupulatność, -znajomość systemów księgowych, -pozytywne nastawienie do pracy. Zadania: -przygotowywanie dokumentów do księgowania, -współpraca z księgowością, -weryfikacja rozrachunków w spółce, -przygotowywanie niezbędnych zestawień, dokumentów. Oferujemy: -pracę w dynamicznym, szybko rozwijającym się zespole, -ciekawą pracę z możliwością rozwoju, -odpowiednie szkolenia, -pakiet medyczny. Wybrana osoba będzie odpowiedzialna za koordynację działań księgowych w zakresie spółki, w przyszłości możliwość awansu na samodzielne stanowisko księgowe. Zapraszamy do wysłania CV",753,FULL_TIME,Umowa o pracę,Umowa o pracę,,,,,,NONE,,False,False,,,False,False,,2.0,mid,True,,1760217339000,1760217339000,pl
zatrudnie-brukarzy-pomocnikow-brukarzy-CID4-ID15flDe,https://www.olx.pl/oferta/praca/zatrudnie-brukarzy-pomocnikow-brukarzy-CID4-ID15flDe.html,UNKNOWN,"Zatrudnię brukarzy, pomocników brukarzy","Poznań, Ogrody","Firma brukarsko-ogrodnicza zatrudni pracowników . Zajmujemy się układaniem kostki brukowej oraz zakładaniem ogrodów. Wymagane doświadczenie. Praca od poniedziałku do piątku po 8-9 godzin dziennie, zależnie od potrzeb. Miejsce pracy Poznań i okolice. Zapewniamy dojazd na miejsce pracy. Miejsce zbiórki Rondo Śródka lub Ogrody. Możliwość wynagrodzenia tygodniowego. Więcej informacji pod numerem 50*****32",404,FULL_TIME,"Inny, Umowa zlecenie","Inny, Umowa zlecenie",,,,,,NONE,,False,False,,,False,False,,,,False,,1760217369000,1760217369000,pl
praca-w-gospodarstwie-zakwaterowanie-wyzywienie-CID4-IDVHdqW,https://www.olx.pl/oferta/praca/praca-w-gospodarstwie-zakwaterowanie-wyzywienie-CID4-IDVHdqW.html,UNKNOWN,Praca w Gospodarstwie *Zakwaterowanie; Wyżywienie*,Rąbież,Zatrudnię mężczyznę do pracy w gospodarstwie mlecznym. √ Mile widziana umiejętność doju krów √ Zapewniam wyżywienie i zakwaterowanie. √ Mieszkanie w pełni wyposażone ze wszystkimi mediami √ Przyjemna atmosfera pracy Więcej informacji pod numerem telefonu: 5.0.9-5.1.8-5.6.5 Zadzwoń i ustalimy szczegóły √ Na pewno się dogadamy!,327,FULL_TIME,Inny,Inny,,,,,,NONE,,False,False,,,False,False,,,,False,,1760217410000,1760217410000,pl
operator-ladowarki-teleskopowej-CID4-ID178tU5,https://www.olx.pl/oferta/praca/operator-ladowarki-teleskopowej-CID4-ID178tU5.html,UNKNOWN,Operator ładowarki teleskopowej,"Gdańsk, Aniołki","INSTAL sp. z o.o. jest rozwijającą się firmą z wieloletnim doświadczeniem na rynku. W związku z dalszym rozwojem firmy poszukujemy kandydatów na stanowisko operatora ładowarki teleskopowej Miejsce pracy Gdańsk Wymagania : uprawnienia do obsługi ładowarki teleskopowej 1WJO doświadczenie zawodowe prawo jazdy kat B sumienność i dyspozycyjność Oferujemy : atrakcyjne wynagrodzenie możliwość podnoszenia kwalifikacji, szkolenia i kursy zawodowe pracę w rozwijającym się zespole stabilne zatrudnienie",496,FULL_TIME,"Inny, Umowa o pracę, Umowa zlecenie","Inny, Umowa o pracę, Umowa zlecenie",,,,,,NONE,,False,False,,,False,False,,,,False,,1760217410000,1760217410000,pl
pracownik-ds-sprzedazy-e-commerce-i-dystrybucji-b2b-CID4-IDTKnVH,https://www.olx.pl/oferta/praca/pracownik-ds-sprzedazy-e-commerce-i-dystrybucji-b2b-CID4-IDTKnVH.html,UNKNOWN,Pracownik ds. sprzedaży e-Commerce i dystrybucji B2B,"Poznań, Starołęka","Opis stanowiska: Obsługa zamówień internetowych Prowadzenie aktywnych działań sprzedażowych i akcji marketingowych Dodawanie produktów do sklepu internetowego wraz z opisami Obsługa reklamacji i zwrotów Przygotowywanie zamówień Rozwiązywanie zgłaszanych problemów związanych z zamówieniami Obsługa klientów telefoniczna, e-mail Nawiązywanie współpracy z partnerami biznesowymi B2B Koordynowanie obsługi współpracy z klientami B2B Prowadzenie kampanii Google Ads, Facebook Ads Budowa i rozwój marki w Internecie Wymagania: Mile widziane doświadczenie w pracy na w/w stanowisku Znajomość programów magazynowych lub sprzedażowych Umiejętność pracy w zespole Zdolności copywriterskie Dobra organizacja czasu pracy oraz dokładność w wykonywaniu codziennych obowiązków Mile widziana umiejętność obsługi programu do obróbki zdjęć Łatwość posługiwania się narzędziami społecznościowymi i komunikatorami Biegła obsługa pakietu Office i innych podstawowych narzędzi biurowych Praktyczna znajomość obsługi narzędzi m.in.: Google Ads, Google Analytics, Facebook Ads Mile widziana znajomość podstaw CMS m.in. PrestaShop, WordPress, Joomla Oferujemy: Wynagrodzenie adekwatne do wyników pracy (podstawa + premia) Szkolenie i przygotowanie merytoryczne do pracy w branży Narzędzia pracy Przyjazną atmosferę pracy Pracę w dynamicznym zespole, zorientowanym na realizację celów. Osoby zainteresowane pracą dla naszej firmie prosimy o zapoznanie się ze stroną internetową W temacie maila prosimy wpisać Numer referencyjny: Pracownik ds. z o.o. moich danych osobowych, zawartych w ofercie dla potrzeb niezbędnych przy realizacji procesu rekrutacji zgodnie z Ustawą z dn. nr 133, poz. z o.o. danych osobowych oraz wizerunku zawartych w moim CV lub w innych dokumentach dołączonych do CV (moje zgłoszenie rekrutacyjne), dla celów prowadzenia rekrutacji na stanowisko wskazane w ogłoszeniu o pracę. Jednocześnie oświadczam, że przekazuję moje dane osobowe całkowicie dobrowolnie. Oświadczam ponadto, że zostałem/am poinformowany/na o przysługującym mi prawie dostępu do treści tych danych i możliwości ich poprawienia, a także o prawe wycofania zgody na przetwarzanie tych danych w każdym czasie. Zastrzegamy sobie prawo do kontaktu tylko z wybranymi kandydatami.",2240,FULL_TIME,"Umowa o pracę, Umowa zlecenie","Umowa o pracę, Umowa zlecenie",,,,,,NONE,,False,False,,,False,False,,,,False,,1760217430000,1760217430000,pl
-CID4-ID17I7sw,https://www.olx.pl/oferta/praca/-CID4-ID17I7sw.html,UNKNOWN,Шукаємо фахівця для внутрішніх оздоблювальних робіт!,"Warszawa, Śródmieście",Шукаємо фахівця для внутрішніх оздоблювальних робіт!Заробітна плата від 35 - 40 злотих нетто за годину. Найголовніше — це бажання працювати та вчитися!​Пропонуємо:​Стабільну роботу в дружній команді.​Можливість професійного зростання.​Комфортні умови праці.​Вимоги:​Відповідальність та пунктуальність.​Бажання працювати.​Зв'яжіться з нами:​Зателефонуйте: 73*****13​ Праця по всій території Польщі .,398,FULL_TIME,"Umowa o pracę, Umowa zlecenie","Umowa o pracę, Umowa zlecenie",,,,,,NONE,,False,False,,,False,False,,,,False,,1760217451000,1760217451000,pl
szkolenia-dla-kierowcow-c-e-brak-doswiadczenia-szukasz-pracy-praktyka-CID4-ID17J4HO,https://www.olx.pl/oferta/praca/szkolenia-dla-kierowcow-c-e-brak-doswiadczenia-szukasz-pracy-praktyka-CID4-ID17J4HO.html,UNKNOWN,Szkolenia dla Kierowców C+E/Brak doświadczenia/Szukasz Pracy/Praktyka,Bielsko-Biała,"Przed chwilą odebrałeś Prawo Jazdy C+E i szukasz doświadczenia. Masz obawy czy podołasz lub chcesz Sobie uzmysłowić z jakimi trudnościami mierzy się zawód kierowcy ?? Pokarzę Ci tą przyjemną i tą mniej przyjemną stronę tego zawodu. Jestem osobą z wieloletnim stażem jako kierowca i również właściciel firmy. Od dawna myślałem aby zająć się przekazaniem zdobytej wiedzy i uważam że jestem wstanie wyszkolić Cię tak, abyś bezpiecznie i rozsądnie zaczął pracę i przygodę związaną z stanowiskiem Kierowcy kategorii C+E. W trakcie zdobywania praktyki oferuję szkolenia z zakresu czasu jazdy, pracy, zabezpieczenia ładunku , spraw technicznych pojazdu czy też potrzebnych dokumentów i obowiązku opłat drogowych, urządzeń itp., Jak również samą praktykę w wspólnych wyjazdach. Po ukończeniu stażu wystawiam zaświadczenie z opisem, co może pomóc w zdobyciu pracy , jak również mogę złożyć polecenie do współpracujących firm lub zaoferować pracę. Daniel",944,UNKNOWN,"Umowa o dzieło, Inny, Praktyka / staż, Samozatrudnienie","Umowa o dzieło, Inny, Praktyka / staż, Samozatrudnienie",,,,,,NONE,,False,False,,,False,False,,,,False,,1760217472000,1760217472000,pl
praca-lider-sprzedazy-finansowej-bez-doswiadczenia-szkolenia-rozwoj-CID4-ID16I3bI,https://www.olx.pl/oferta/praca/praca-lider-sprzedazy-finansowej-bez-doswiadczenia-szkolenia-rozwoj-CID4-ID16I3bI.html,UNKNOWN,Praca Lider Sprzedaży Finansowej/Bez doświadczenia/Szkolenia/Rozwój,Brzeg,"Twój zakres obowiązków realizowanie miesięcznych celów biznesowych wsparcie zespołu doradców, motywacja w realizacji zadań, odpowiedzialność za wynik inicjowanie i wspieranie działań prowadzących do pozyskania nowych klientów budowanie długotrwałych relacji z klientami i dbałość o najwyższy standard ich obsługi otwartość na innowacyjne sposoby dotarcia do klienta np. akcje lokalne Nasze wymagania warunek konieczny: doświadczenie z zakresu bankowości i finansów lub pokrewnych konsekwencja i skuteczność w osiąganiu wyników biznesowych samodzielność i dobra organizacja pracy nastawienie na pracę zespołową min. wykształcenie średnie z maturą praktyczna znajomość pakietu MS Office Mile widziane doświadczenie w zarządzaniu lub wsparciu menadżera w prowadzeniu placówki/oddziału To oferujemy Stabilne zatrudnienie na umowie o pracę Dostęp do atrakcyjnego systemu premiowego Wsparcie Opiekuna Adaptacyjnego i Trenera Wdrożeniowego Kompleksowe szkolenia w miejscu pracy Możliwość udziału w konkursach sprzedażowych Przejrzystą ścieżkę awansu Przyjaźnie na całe życie Co nas wyróżnia Budujemy i podtrzymujemy relacje z Klientami. Działamy zespołowo i dbamy o dobrą atmosferę w pracy. Jesteśmy dużą instytucją finansową, ale nie nazywamy siebie korporacją. Jesteśmy społecznością",1278,FULL_TIME,Umowa o pracę,Umowa o pracę,,,,,,NONE,,False,False,,,False,False,lead,,lead,True,,1760217472000,1760217472000,pl
zbrojarz-praca-przy-produkcji-transbet-CID4-ID11jVe3,https://www.olx.pl/oferta/praca/zbrojarz-praca-przy-produkcji-transbet-CID4-ID11jVe3.html,UNKNOWN,Zbrojarz - praca przy produkcji TRANSBET,Jarosław,"TRANSBET BETONIARNIE GROCHOWICZ Sp. K. poszukuje osoby na stanowisko: ZBROJARZ - Pracownik produkcji w zakładzie prefabrykacji betonu Miejsce pracy: Jarosław Opis stanowiska: - Produkcja prefabrykatów betonowych (płyty drogowe, mury oporowe itp. - Roboty ogólnobudowlane na terenie zakładu - Czyszczenie i konserwacja maszyn - Pomoc w załadunkach i rozładunkach Wymagania: - Umiejętność pracy w zespole - Samodzielność w wykonywaniu powierzonych zadań - Dyspozycyjność - Mile widziane doświadczenie na stanowisku: zbrojarz, betoniarz, pracownik ogólnobudowlany, operator maszyn Oferujemy: - Atrakcyjne wynagrodzenie - Niezbędne narzędzia pracy - Pracę w dynamicznie rozwijającej się firmie. Zainteresowanych prosimy o przesłanie CV Kontakt telefoniczny tylko w godzinach 8:00 - 15:00 (pon - pt)",794,FULL_TIME,Umowa zlecenie,Umowa zlecenie,,,,,,NONE,,False,False,,,False,False,,,,False,,1760217492000,1760217492000,pl
spawacz-szlifierz-monter-prowadzacy-pomocnik-montera-stocznia-CID4-IDNXjfJ,https://www.olx.pl/oferta/praca/spawacz-szlifierz-monter-prowadzacy-pomocnik-montera-stocznia-CID4-IDNXjfJ.html,UNKNOWN,Spawacz / Szlifierz / Monter prowadzący / Pomocnik montera - stocznia,"Gdańsk, Aniołki","Firma P.H.U. STAZEN Sp. z o.o. poszukuje pracowników produkcji na stanowiskach: SPAWACZ KADŁUBÓW z uprawnieniami MONTER PROWADZĄCY z uprawnieniami POMOCNIK MONTERA potrafiący posługiwać się palnikiem SZLIFIERZ Praca na terenie stoczni w Gdańsku lub w Gdyni Zadania: Spawanie/Szlifowanie/Montaż konstrukcji stalowych zgodnie z dokumentacją techniczną Praca na wysokości Wymagania: Odpowiednie do stanowiska aktualne uprawnienia, praktyczne umiejętności i doświadczenie w spawaniu, szlifowaniu lub montażu konstrukcji stalowych, brak przeciwwskazań do pracy powyżej 1 m. Oferujemy: Zatrudnienie w stabilnej firmie o ugruntowanej pozycji na rynku, elastyczne, dogodne formy zatrudnienia, terminowe wypłaty wynagrodzeń. Rodzaj umowy: umowa o pracę umowa zlecenie umowa o współpracy dla osób z własną działalnością gospodarczą Kontakt pod nr tel.: 609 510 375 lub formularz kontaktowy na stronie internetowej firmy",909,FULL_TIME,"Umowa o dzieło, Umowa o pracę, Samozatrudnienie, Umowa zlecenie","Umowa o dzieło, Umowa o pracę, Samozatrudnienie, Umowa zlecenie",,,,,,NONE,,False,False,,,False,False,,,,False,,1760217513000,1760217513000,pl
pomocnik-liniowy-silgan-metal-packaging-tczew-s-a-CID4-IDVBeL9,https://www.olx.pl/oferta/praca/pomocnik-liniowy-silgan-metal-packaging-tczew-s-a-CID4-IDVBeL9.html,UNKNOWN,POMOCNIK LINIOWY - Silgan Metal Packaging Tczew S.A.,Tczew,"POMOCNIK LINIOWY – Silgan Metal Packaging Tczew S.A. Silgan Metal Packaging Tczew S.A. należy do amerykańskiego koncernu- światowego lidera w produkcji opakowań Silgan Holding. Naszym klientom z branży spożywczej oferujemy szeroki asortyment opakowań metalowych. Ustaw z 2018, poz. Administratorem Państwa danych osobowych jest Silgan Metal Packaging Tczew S.A. z siedzibą w Tczewie, ul. Rokicka 13. Państwa dane osobowe zbierane są na potrzeby obecnych i przyszłych rekrutacji. Zebrane dane mogą być udostępniane wyłącznie podmiotom wskazanym w przepisach prawa. Przysługuje Państwu prawo dostępu do treści swoich danych oraz ich poprawianie na warunkach określonych prawem. Zastrzegamy sobie prawo do kontaktu drogą telefoniczną lub elektroniczną z wybranymi kandydatami. Możesz stać się częścią naszego zespołu i mieć udział w dalszym rozwoju firmy!",852,FULL_TIME,Umowa o pracę,Umowa o pracę,,,,,,NONE,,False,False,,,False,False,,,,False,,1760217512000,1760217512000,pl
restauracja-malinowy-las-zatrudni-kucharza-CID4-ID13G30P,https://www.olx.pl/oferta/praca/restauracja-malinowy-las-zatrudni-kucharza-CID4-ID13G30P.html,UNKNOWN,Restauracja Malinowy Las zatrudni Kucharza,Kęty,"Restauracja Malinowy Las poszukuje Kucharza Miejsce pracy: Nowa Wieś koło Kęt Rodzaj pracy: Stała Opis stanowiska: Restauracja Malinowy Las, znana z wyjątkowej atmosfery i pysznych dań inspirowanych tradycyjną kuchnią polską, poszukuje utalentowanego Kucharza do naszego zespołu. Jeśli masz pasję do gotowania i chcesz dołączyć do dynamicznego i kreatywnego zespołu, to jest oferta dla Ciebie! Wymagania: Doświadczenie na stanowisku kucharza Znajomość nowoczesnych technik kulinarnych Umiejętność pracy w zespole Kreatywność i dbałość o szczegóły Dyspozycyjność i odpowiedzialność Oferujemy: Stabilne zatrudnienie w renomowanej restauracji Możliwość rozwoju zawodowego i podnoszenia kwalifikacji Przyjazną atmosferę pracy w zgranym zespole Atrakcyjne wynagrodzenie O nas: W Restauracji Malinowy Las cenimy sobie współpracę i przyjazne relacje. Nasz zespół składa się z pasjonatów kuchni, którzy razem tworzą wyjątkowe doznania kulinarne dla naszych gości. Stawiamy na kreatywność, innowacyjność oraz ciągły rozwój, dzięki czemu każdy dzień w naszej restauracji to nowe wyzwania i satysfakcja z dobrze wykonanej pracy. Jeśli jesteś zainteresowany, wyślij swoje CV na adres e-mail lub skontaktuj się z nami telefonicznie. Dołącz do nas i razem twórzmy niezapomniane doświadczenia kulinarne! Mam nadzieję, że ogłoszenie spełnia Twoje oczekiwania. Jeśli potrzebujesz jakichś zmian lub dodatkowych informacji, daj znać!",1414,FULL_TIME,"Umowa zlecenie, Umowa o pracę, Samozatrudnienie","Umowa zlecenie, Umowa o pracę, Samozatrudnienie",,,,,,NONE,,False,False,,,False,False,,,,False,,1760217533000,1760217533000,pl
